month,day,hour,ele_price
1,1,0.0,10.419500000000001
1,1,0.5,13.1355
1,1,1.0,14.0525
1,1,1.5,8.554
1,1,2.0,9.716
1,1,2.5,5.5545
1,1,3.0,8.084999999999999
1,1,3.5,3.171
1,1,4.0,6.244
1,1,4.5,3.08
1,1,5.0,4.3435
1,1,5.5,4.207
1,1,6.0,3.6820000000000004
1,1,6.5,4.949
1,1,7.0,3.836
1,1,7.5,6.8180000000000005
1,1,8.0,5.2465
1,1,8.5,9.6005
1,1,9.0,8.351
1,1,9.5,13.908999999999999
1,1,10.0,12.131
1,1,10.5,15.823500000000001
1,1,11.0,13.677999999999999
1,1,11.5,17.15875
1,1,12.0,15.137500000000001
1,1,12.5,17.0065
1,1,13.0,18.116
1,1,13.5,17.461499999999997
1,1,14.0,17.822
1,1,14.5,17.444
1,1,15.0,15.6135
1,1,15.5,17.0275
1,1,16.0,28.625222499999996
1,1,16.5,31.4759725
1,1,17.0,31.927472499999997
1,1,17.5,31.4724725
1,1,18.0,30.1599725
1,1,18.5,28.577972499999998
1,1,19.0,19.3852225
1,1,19.5,17.352999999999998
1,1,20.0,18.0832225
1,1,20.5,15.75
1,1,21.0,19.3362225
1,1,21.5,15.043
1,1,22.0,17.3692225
1,1,22.5,12.1415
1,1,23.0,13.6837225
1,1,23.5,9.38
1,2,0.0,9.0055
1,2,0.5,12.861222499999998
1,2,1.0,12.315222499999999
1,2,1.5,9.9715
1,2,2.0,11.217500000000001
1,2,2.5,10.535000000000002
1,2,3.0,10.6505
1,2,3.5,9.1245
1,2,4.0,9.6565
1,2,4.5,9.058000000000002
1,2,5.0,8.876
1,2,5.5,10.0905
1,2,6.0,10.934
1,2,6.5,13.1425
1,2,7.0,11.214
1,2,7.5,12.851999999999999
1,2,8.0,11.966499999999998
1,2,8.5,15.918000000000001
1,2,9.0,14.427
1,2,9.5,16.9645
1,2,10.0,14.7525
1,2,10.5,16.315250000000002
1,2,11.0,16.5025
1,2,11.5,17.3915
1,2,12.0,17.1745
1,2,12.5,17.066
1,2,13.0,17.913
1,2,13.5,16.4115
1,2,14.0,16.4325
1,2,14.5,16.0475
1,2,15.0,15.029000000000002
1,2,15.5,15.700999999999999
1,2,16.0,27.3162225
1,2,16.5,31.7524725
1,2,17.0,32.0307225
1,2,17.5,31.708722499999997
1,2,18.0,31.2449725
1,2,18.5,26.735222500000003
1,2,19.0,18.4857225
1,2,19.5,14.677249999999999
1,2,20.0,15.7465
1,2,20.5,14.35
1,2,21.0,17.087
1,2,21.5,12.1975
1,2,22.0,12.1415
1,2,22.5,9.058
1,2,23.0,13.695500000000001
1,2,23.5,10.619
1,3,0.0,11.0495
1,3,0.5,13.240499999999999
1,3,1.0,12.512500000000001
1,3,1.5,10.15
1,3,2.0,10.44225
1,3,2.5,8.179499999999999
1,3,3.0,10.08
1,3,3.5,7.738499999999999
1,3,4.0,9.530500000000002
1,3,4.5,8.5995
1,3,5.0,10.8255
1,3,5.5,11.62
1,3,6.0,12.936
1,3,6.5,14.2765
1,3,7.0,12.544000000000002
1,3,7.5,15.387749999999999
1,3,8.0,14.86625
1,3,8.5,18.431
1,3,9.0,16.205000000000002
1,3,9.5,19.026
1,3,10.0,17.108
1,3,10.5,18.557
1,3,11.0,16.901500000000002
1,3,11.5,18.368
1,3,12.0,17.941
1,3,12.5,18.45725
1,3,13.0,18.644499999999997
1,3,13.5,17.919999999999998
1,3,14.0,17.899
1,3,14.5,17.339000000000002
1,3,15.0,16.653
1,3,15.5,19.12225
1,3,16.0,29.7049725
1,3,16.5,32.5627225
1,3,17.0,32.2267225
1,3,17.5,32.3072225
1,3,18.0,31.341222499999997
1,3,18.5,30.1249725
1,3,19.0,19.9815
1,3,19.5,17.759
1,3,20.0,18.7705
1,3,20.5,15.4595
1,3,21.0,17.849999999999998
1,3,21.5,13.518749999999999
1,3,22.0,14.8435
1,3,22.5,9.302999999999999
1,3,23.0,15.0605
1,3,23.5,13.447000000000001
1,4,0.0,12.103
1,4,0.5,14.154000000000002
1,4,1.0,15.0815
1,4,1.5,11.96825
1,4,2.0,11.9525
1,4,2.5,10.388
1,4,3.0,10.650500000000001
1,4,3.5,8.8795
1,4,4.0,10.633000000000001
1,4,4.5,10.031
1,4,5.0,11.823
1,4,5.5,13.6045
1,4,6.0,14.7385
1,4,6.5,15.8165
1,4,7.0,16.744
1,4,7.5,18.9945
1,4,8.0,19.201
1,4,8.5,20.623749999999998
1,4,9.0,20.46975
1,4,9.5,20.49775
1,4,10.0,20.515249999999998
1,4,10.5,20.15825
1,4,11.0,19.40925
1,4,11.5,19.1135
1,4,12.0,19.480999999999998
1,4,12.5,19.4425
1,4,13.0,19.684
1,4,13.5,18.7915
1,4,14.0,19.488
1,4,14.5,19.012
1,4,15.0,18.025000000000002
1,4,15.5,19.768
1,4,16.0,30.110972500000003
1,4,16.5,32.9284725
1,4,17.0,32.7692225
1,4,17.5,32.9879725
1,4,18.0,31.8242225
1,4,18.5,30.618472499999996
1,4,19.0,22.29675
1,4,19.5,19.1135
1,4,20.0,20.0165
1,4,20.5,18.157999999999998
1,4,21.0,20.5695
1,4,21.5,16.38525
1,4,22.0,17.031000000000002
1,4,22.5,12.344500000000002
1,4,23.0,16.1875
1,4,23.5,14.14875
1,5,0.0,13.37
1,5,0.5,16.604
1,5,1.0,15.7535
1,5,1.5,13.0585
1,5,2.0,14.497
1,5,2.5,13.49425
1,5,3.0,14.1225
1,5,3.5,11.91225
1,5,4.0,12.8555
1,5,4.5,13.2125
1,5,5.0,14.133000000000001
1,5,5.5,16.352
1,5,6.0,17.97775
1,5,6.5,17.822
1,5,7.0,17.179750000000002
1,5,7.5,18.91225
1,5,8.0,18.54825
1,5,8.5,20.256249999999998
1,5,9.0,19.93075
1,5,9.5,20.21075
1,5,10.0,20.51175
1,5,10.5,19.943
1,5,11.0,19.47575
1,5,11.5,19.25525
1,5,12.0,18.77925
1,5,12.5,18.83525
1,5,13.0,19.07675
1,5,13.5,18.67775
1,5,14.0,19.50725
1,5,14.5,18.35225
1,5,15.0,17.99525
1,5,15.5,19.5755
1,5,16.0,29.3094725
1,5,16.5,32.259972499999996
1,5,17.0,32.4297225
1,5,17.5,32.5907225
1,5,18.0,31.787472499999996
1,5,18.5,30.5117225
1,5,19.0,21.250249999999998
1,5,19.5,19.27975
1,5,20.0,19.23775
1,5,20.5,17.93225
1,5,21.0,19.11175
1,5,21.5,16.794749999999997
1,5,22.0,17.9515
1,5,22.5,14.90825
1,5,23.0,17.56475
1,5,23.5,16.070249999999998
1,6,0.0,16.148999999999997
1,6,0.5,18.901749999999996
1,6,1.0,17.4615
1,6,1.5,15.084999999999999
1,6,2.0,15.793750000000001
1,6,2.5,13.741
1,6,3.0,14.315
1,6,3.5,12.543999999999999
1,6,4.0,15.2565
1,6,4.5,14.812
1,6,5.0,14.35
1,6,5.5,17.02225
1,6,6.0,17.35475
1,6,6.5,19.05575
1,6,7.0,16.639
1,6,7.5,19.23075
1,6,8.0,18.67425
1,6,8.5,19.97275
1,6,9.0,20.01125
1,6,9.5,20.755
1,6,10.0,21.449749999999998
1,6,10.5,20.97375
1,6,11.0,20.30875
1,6,11.5,20.73225
1,6,12.0,20.993
1,6,12.5,20.78125
1,6,13.0,21.20475
1,6,13.5,19.888749999999998
1,6,14.0,20.39275
1,6,14.5,19.37425
1,6,15.0,19.05225
1,6,15.5,22.13925
1,6,16.0,30.950972500000002
1,6,16.5,33.390472499999994
1,6,17.0,32.9669725
1,6,17.5,33.1594725
1,6,18.0,32.9897225
1,6,18.5,31.2677225
1,6,19.0,24.190250000000002
1,6,19.5,20.02525
1,6,20.0,20.672749999999997
1,6,20.5,18.59725
1,6,21.0,19.60875
1,6,21.5,17.83775
1,6,22.0,18.880750000000003
1,6,22.5,15.084999999999999
1,6,23.0,17.914749999999998
1,6,23.5,16.70725
1,7,0.0,15.1025
1,7,0.5,17.5385
1,7,1.0,17.255
1,7,1.5,15.0465
1,7,2.0,15.449
1,7,2.5,14.5075
1,7,3.0,15.0815
1,7,3.5,13.8075
1,7,4.0,14.14
1,7,4.5,13.902
1,7,5.0,14.259
1,7,5.5,15.137500000000001
1,7,6.0,15.74125
1,7,6.5,17.12025
1,7,7.0,16.54625
1,7,7.5,19.28325
1,7,8.0,18.10025
1,7,8.5,20.5415
1,7,9.0,20.18975
1,7,9.5,20.60275
1,7,10.0,20.45575
1,7,10.5,20.513499999999997
1,7,11.0,20.22475
1,7,11.5,20.74625
1,7,12.0,21.061249999999998
1,7,12.5,20.80225
1,7,13.0,20.45925
1,7,13.5,19.83625
1,7,14.0,19.419749999999997
1,7,14.5,18.59375
1,7,15.0,19.14675
1,7,15.5,20.70775
1,7,16.0,30.037472499999996
1,7,16.5,32.0692225
1,7,17.0,31.6807225
1,7,17.5,31.3832225
1,7,18.0,31.302722499999998
1,7,18.5,30.1004725
1,7,19.0,20.39975
1,7,19.5,17.501749999999998
1,7,20.0,17.89375
1,7,20.5,16.17175
1,7,21.0,17.65575
1,7,21.5,14.801499999999999
1,7,22.0,16.26625
1,7,22.5,14.53025
1,7,23.0,14.09625
1,7,23.5,12.71375
1,8,0.0,11.69525
1,8,0.5,14.379750000000001
1,8,1.0,13.29125
1,8,1.5,12.136249999999999
1,8,2.0,12.71375
1,8,2.5,11.57625
1,8,3.0,12.61575
1,8,3.5,10.4825
1,8,4.0,12.722500000000002
1,8,4.5,10.783499999999998
1,8,5.0,11.466
1,8,5.5,11.402999999999999
1,8,6.0,13.2825
1,8,6.5,13.811
1,8,7.0,15.237249999999998
1,8,7.5,17.83075
1,8,8.0,15.998500000000002
1,8,8.5,19.31825
1,8,9.0,17.71175
1,8,9.5,19.48275
1,8,10.0,18.047749999999997
1,8,10.5,19.20625
1,8,11.0,17.9865
1,8,11.5,18.977
1,8,12.0,19.55275
1,8,12.5,19.874750000000002
1,8,13.0,20.763749999999998
1,8,13.5,20.056749999999997
1,8,14.0,20.28425
1,8,14.5,19.96575
1,8,15.0,18.983999999999998
1,8,15.5,22.1585
1,8,16.0,31.530222499999997
1,8,16.5,33.2417225
1,8,17.0,32.3597225
1,8,17.5,32.5067225
1,8,18.0,32.1147225
1,8,18.5,31.337722499999998
1,8,19.0,23.059749999999998
1,8,19.5,18.431
1,8,20.0,21.021
1,8,20.5,19.24475
1,8,21.0,20.112750000000002
1,8,21.5,17.0485
1,8,22.0,15.3895
1,8,22.5,11.549999999999999
1,8,23.0,17.32675
1,8,23.5,15.386000000000001
1,9,0.0,15.59075
1,9,0.5,16.81925
1,9,1.0,15.89875
1,9,1.5,13.950999999999999
1,9,2.0,15.18125
1,9,2.5,13.6745
1,9,3.0,14.119
1,9,3.5,11.5115
1,9,4.0,14.174999999999999
1,9,4.5,12.13275
1,9,5.0,12.5265
1,9,5.5,13.8775
1,9,6.0,15.365
1,9,6.5,17.9817225
1,9,7.0,16.8035
1,9,7.5,19.152
1,9,8.0,18.46775
1,9,8.5,20.50475
1,9,9.0,20.0655
1,9,9.5,20.02525
1,9,10.0,19.797749999999997
1,9,10.5,18.980500000000003
1,9,11.0,18.8755
1,9,11.5,19.09775
1,9,12.0,18.99975
1,9,12.5,18.92975
1,9,13.0,19.0295
1,9,13.5,18.64975
1,9,14.0,19.17125
1,9,14.5,18.91925
1,9,15.0,18.63925
1,9,15.5,20.47675
1,9,16.0,30.1844725
1,9,16.5,32.8304725
1,9,17.0,32.7202225
1,9,17.5,32.4472225
1,9,18.0,31.873222499999997
1,9,18.5,30.6639725
1,9,19.0,22.487972499999998
1,9,19.5,20.321
1,9,20.0,21.007
1,9,20.5,19.05925
1,9,21.0,20.35775
1,9,21.5,18.14225
1,9,22.0,19.46525
1,9,22.5,16.00725
1,9,23.0,18.09325
1,9,23.5,16.191
1,10,0.0,15.3545
1,10,0.5,17.946250000000003
1,10,1.0,16.45175
1,10,1.5,15.924999999999999
1,10,2.0,15.61
1,10,2.5,15.211
1,10,3.0,15.725500000000002
1,10,3.5,14.735
1,10,4.0,16.078999999999997
1,10,4.5,15.235500000000002
1,10,5.0,16.70725
1,10,5.5,17.19725
1,10,6.0,18.43275
1,10,6.5,19.7365
1,10,7.0,20.28075
1,10,7.5,21.945472499999997
1,10,8.0,21.565250000000002
1,10,8.5,21.96775
1,10,9.0,21.169749999999997
1,10,9.5,20.68325
1,10,10.0,20.812749999999998
1,10,10.5,20.28075
1,10,11.0,19.88175
1,10,11.5,19.83275
1,10,12.0,20.067249999999998
1,10,12.5,20.035749999999997
1,10,13.0,20.06375
1,10,13.5,19.12925
1,10,14.0,20.43125
1,10,14.5,19.86425
1,10,15.0,19.678749999999997
1,10,15.5,21.71925
1,10,16.0,30.4889725
1,10,16.5,32.5609725
1,10,17.0,32.3107225
1,10,17.5,32.2162225
1,10,18.0,31.468972499999996
1,10,18.5,30.4644725
1,10,19.0,20.94575
1,10,19.5,20.18275
1,10,20.0,19.986749999999997
1,10,20.5,17.26725
1,10,21.0,19.38825
1,10,21.5,15.83225
1,10,22.0,15.779749999999998
1,10,22.5,12.6105
1,10,23.0,14.910000000000002
1,10,23.5,12.432
1,11,0.0,11.826500000000001
1,11,0.5,14.414749999999998
1,11,1.0,13.97025
1,11,1.5,12.136249999999999
1,11,2.0,12.934249999999999
1,11,2.5,12.304249999999998
1,11,3.0,12.84325
1,11,3.5,11.668999999999999
1,11,4.0,12.46175
1,11,4.5,12.0505
1,11,5.0,13.501249999999999
1,11,5.5,14.64925
1,11,6.0,14.63525
1,11,6.5,19.23075
1,11,7.0,17.84125
1,11,7.5,20.85125
1,11,8.0,19.2955
1,11,8.5,20.59225
1,11,9.0,20.08825
1,11,9.5,19.66125
1,11,10.0,19.71025
1,11,10.5,19.073249999999998
1,11,11.0,19.03475
1,11,11.5,19.18875
1,11,12.0,19.321749999999998
1,11,12.5,19.15725
1,11,13.0,20.00425
1,11,13.5,19.37775
1,11,14.0,19.95875
1,11,14.5,19.37075
1,11,15.0,18.814249999999998
1,11,15.5,20.315749999999998
1,11,16.0,29.1204725
1,11,16.5,31.9554725
1,11,17.0,31.8154725
1,11,17.5,32.177722499999994
1,11,18.0,31.706972500000003
1,11,18.5,29.8099725
1,11,19.0,21.792749999999998
1,11,19.5,19.97975
1,11,20.0,20.81625
1,11,20.5,18.78275
1,11,21.0,19.32525
1,11,21.5,16.51825
1,11,22.0,17.10275
1,11,22.5,14.847
1,11,23.0,14.75775
1,11,23.5,13.2475
1,12,0.0,12.264000000000001
1,12,0.5,15.4
1,12,1.0,14.293999999999999
1,12,1.5,12.257
1,12,2.0,12.432
1,12,2.5,12.446
1,12,3.0,12.8065
1,12,3.5,10.745
1,12,4.0,12.7155
1,12,4.5,12.068
1,12,5.0,13.706000000000001
1,12,5.5,14.790999999999999
1,12,6.0,15.96875
1,12,6.5,17.984750000000002
1,12,7.0,18.81775
1,12,7.5,20.41025
1,12,8.0,20.08125
1,12,8.5,21.61075
1,12,9.0,21.58975
1,12,9.5,21.852249999999998
1,12,10.0,21.27125
1,12,10.5,20.76725
1,12,11.0,20.15125
1,12,11.5,20.50125
1,12,12.0,20.91075
1,12,12.5,20.61675
1,12,13.0,20.53625
1,12,13.5,19.59125
1,12,14.0,19.97275
1,12,14.5,19.01725
1,12,15.0,18.50275
1,12,15.5,20.315749999999998
1,12,16.0,30.2855
1,12,16.5,32.2827225
1,12,17.0,32.2512225
1,12,17.5,32.3912225
1,12,18.0,32.149722499999996
1,12,18.5,31.1277225
1,12,19.0,25.105499999999996
1,12,19.5,22.779749999999996
1,12,20.0,22.1484725
1,12,20.5,19.18175
1,12,21.0,18.744249999999997
1,12,21.5,14.803249999999998
1,12,22.0,16.12275
1,12,22.5,13.244
1,12,23.0,15.848
1,12,23.5,13.391
1,13,0.0,12.635
1,13,0.5,15.20575
1,13,1.0,14.119
1,13,1.5,12.033
1,13,2.0,12.2395
1,13,2.5,11.641
1,13,3.0,11.973500000000001
1,13,3.5,10.661
1,13,4.0,12.459999999999999
1,13,4.5,11.707500000000001
1,13,5.0,12.48625
1,13,5.5,14.602000000000002
1,13,6.0,14.25025
1,13,6.5,17.773
1,13,7.0,15.210999999999999
1,13,7.5,19.131
1,13,8.0,19.65075
1,13,8.5,21.83475
1,13,9.0,22.720249999999997
1,13,9.5,23.08775
1,13,10.0,22.71675
1,13,10.5,22.11825
1,13,11.0,21.9275
1,13,11.5,21.951999999999998
1,13,12.0,22.203999999999997
1,13,12.5,22.168999999999997
1,13,13.0,22.004499999999997
1,13,13.5,21.4165
1,13,14.0,21.55125
1,13,14.5,20.858249999999998
1,13,15.0,19.05925
1,13,15.5,20.73225
1,13,16.0,30.301722499999997
1,13,16.5,32.0867225
1,13,17.0,32.2267225
1,13,17.5,32.219722499999996
1,13,18.0,31.680722499999998
1,13,18.5,30.7812225
1,13,19.0,25.1567225
1,13,19.5,21.488250000000004
1,13,20.0,21.579250000000002
1,13,20.5,19.47225
1,13,21.0,20.350749999999998
1,13,21.5,18.14575
1,13,22.0,17.8535
1,13,22.5,14.1855
1,13,23.0,17.3005
1,13,23.5,16.002
1,14,0.0,15.61
1,14,0.5,17.4965
1,14,1.0,16.8245
1,14,1.5,14.598500000000001
1,14,2.0,15.098999999999998
1,14,2.5,13.726999999999999
1,14,3.0,14.220500000000001
1,14,3.5,13.19325
1,14,4.0,14.014000000000001
1,14,4.5,13.198500000000001
1,14,5.0,13.457500000000001
1,14,5.5,14.6895
1,14,6.0,14.9065
1,14,6.5,16.794749999999997
1,14,7.0,15.337000000000002
1,14,7.5,17.886750000000003
1,14,8.0,17.984750000000002
1,14,8.5,20.47675
1,14,9.0,20.613249999999997
1,14,9.5,21.78225
1,14,10.0,21.06125
1,14,10.5,20.910749999999997
1,14,11.0,20.035749999999997
1,14,11.5,20.24575
1,14,12.0,20.16525
1,14,12.5,20.35075
1,14,13.0,20.901999999999997
1,14,13.5,19.50375
1,14,14.0,19.96575
1,14,14.5,18.800250000000002
1,14,15.0,18.75825
1,14,15.5,21.568749999999998
1,14,16.0,30.182722499999997
1,14,16.5,32.4017225
1,14,17.0,32.317722499999995
1,14,17.5,31.978222499999998
1,14,18.0,31.649222499999997
1,14,18.5,30.3262225
1,14,19.0,23.849
1,14,19.5,21.34475
1,14,20.0,19.864250000000002
1,14,20.5,17.48075
1,14,21.0,18.14225
1,14,21.5,14.833
1,14,22.0,16.1875
1,14,22.5,13.030499999999998
1,14,23.0,15.489249999999998
1,14,23.5,12.881749999999998
1,15,0.0,12.20275
1,15,0.5,13.75325
1,15,1.0,13.735750000000001
1,15,1.5,12.433750000000002
1,15,2.0,12.82925
1,15,2.5,12.195749999999999
1,15,3.0,13.00775
1,15,3.5,12.115249999999998
1,15,4.0,12.86425
1,15,4.5,12.446
1,15,5.0,13.28075
1,15,5.5,13.935250000000002
1,15,6.0,13.622
1,15,6.5,14.918750000000001
1,15,7.0,13.471499999999999
1,15,7.5,18.352249999999998
1,15,8.0,15.344
1,15,8.5,19.87475
1,15,9.0,21.090999999999998
1,15,9.5,22.627499999999998
1,15,10.0,22.21975
1,15,10.5,21.75075
1,15,11.0,21.698249999999998
1,15,11.5,22.358
1,15,12.0,22.798999999999996
1,15,12.5,22.694
1,15,13.0,22.513749999999998
1,15,13.5,20.90025
1,15,14.0,20.43825
1,15,14.5,19.5965
1,15,15.0,17.550749999999997
1,15,15.5,21.112
1,15,16.0,29.3969725
1,15,16.5,32.2127225
1,15,17.0,31.908222499999997
1,15,17.5,32.0902225
1,15,18.0,31.964222499999995
1,15,18.5,31.3149725
1,15,19.0,23.632472500000002
1,15,19.5,21.458972499999998
1,15,20.0,21.6619725
1,15,20.5,19.37425
1,15,21.0,20.7834725
1,15,21.5,18.69875
1,15,22.0,19.49325
1,15,22.5,16.66
1,15,23.0,18.52375
1,15,23.5,17.2585
1,16,0.0,16.492
1,16,0.5,18.774472499999998
1,16,1.0,18.8794725
1,16,1.5,17.514
1,16,2.0,17.86225
1,16,2.5,17.213
1,16,3.0,17.57525
1,16,3.5,16.541
1,16,4.0,16.931250000000002
1,16,4.5,15.641499999999999
1,16,5.0,17.7835
1,16,5.5,17.75725
1,16,6.0,19.267500000000002
1,16,6.5,19.80125
1,16,7.0,20.534499999999998
1,16,7.5,21.5989725
1,16,8.0,20.5835
1,16,8.5,21.7529725
1,16,9.0,21.2279725
1,16,9.5,21.2962225
1,16,10.0,21.3154725
1,16,10.5,20.683249999999997
1,16,11.0,20.23175
1,16,11.5,19.7645
1,16,12.0,20.15125
1,16,12.5,19.419749999999997
1,16,13.0,19.36375
1,16,13.5,18.81775
1,16,14.0,19.30775
1,16,14.5,18.387249999999998
1,16,15.0,18.660249999999998
1,16,15.5,20.60275
1,16,16.0,29.2849725
1,16,16.5,31.1609725
1,16,17.0,31.4199725
1,16,17.5,31.528472500000003
1,16,18.0,31.0244725
1,16,18.5,30.215972500000003
1,16,19.0,21.7739725
1,16,19.5,20.618972499999998
1,16,20.0,20.3599725
1,16,20.5,19.038249999999998
1,16,21.0,19.383
1,16,21.5,17.631249999999998
1,16,22.0,17.556
1,16,22.5,13.7025
1,16,23.0,16.95925
1,16,23.5,15.469999999999999
1,17,0.0,15.645000000000001
1,17,0.5,17.4475
1,17,1.0,16.275000000000002
1,17,1.5,15.735999999999999
1,17,2.0,15.7325
1,17,2.5,15.638
1,17,3.0,15.7465
1,17,3.5,15.487499999999999
1,17,4.0,15.616999999999999
1,17,4.5,15.3825
1,17,5.0,16.156
1,17,5.5,16.7685
1,17,6.0,17.29525
1,17,6.5,19.00675
1,17,7.0,19.3047225
1,17,7.5,20.3459725
1,17,8.0,19.7264725
1,17,8.5,20.7869725
1,17,9.0,20.797472499999998
1,17,9.5,20.7869725
1,17,10.0,21.056472499999998
1,17,10.5,20.5174725
1,17,11.0,20.3372225
1,17,11.5,20.25975
1,17,12.0,20.52225
1,17,12.5,20.31925
1,17,13.0,20.31925
1,17,13.5,19.52475
1,17,14.0,19.9745
1,17,14.5,19.85725
1,17,15.0,19.500249999999998
1,17,15.5,21.2174725
1,17,16.0,29.4949725
1,17,16.5,31.734972499999998
1,17,17.0,32.0569725
1,17,17.5,32.5067225
1,17,18.0,31.3202225
1,17,18.5,30.4889725
1,17,19.0,22.044749999999997
1,17,19.5,20.08825
1,17,20.0,20.19325
1,17,20.5,18.84575
1,17,21.0,19.761
1,17,21.5,18.79325
1,17,22.0,19.1345
1,17,22.5,16.709
1,17,23.0,18.12125
1,17,23.5,17.293499999999998
1,18,0.0,16.596999999999998
1,18,0.5,18.788
1,18,1.0,18.025000000000002
1,18,1.5,16.26625
1,18,2.0,16.142
1,18,2.5,15.8585
1,18,3.0,16.212
1,18,3.5,15.7115
1,18,4.0,16.1105
1,18,4.5,15.8305
1,18,5.0,17.7555
1,18,5.5,17.631249999999998
1,18,6.0,19.20625
1,18,6.5,18.873749999999998
1,18,7.0,18.91225
1,18,7.5,21.2209725
1,18,8.0,20.84425
1,18,8.5,21.0039725
1,18,9.0,20.8394725
1,18,9.5,20.80575
1,18,10.0,20.19325
1,18,10.5,19.49675
1,18,11.0,19.27275
1,18,11.5,18.884249999999998
1,18,12.0,19.041749999999997
1,18,12.5,18.53775
1,18,13.0,19.02075
1,18,13.5,18.39075
1,18,14.0,19.09425
1,18,14.5,18.81425
1,18,15.0,18.327749999999998
1,18,15.5,20.09525
1,18,16.0,28.1019725
1,18,16.5,30.6429725
1,18,17.0,30.7164725
1,18,17.5,31.2834725
1,18,18.0,30.501222499999997
1,18,18.5,29.480972499999996
1,18,19.0,20.95625
1,18,19.5,19.629749999999998
1,18,20.0,19.31125
1,18,20.5,19.08375
1,18,21.0,20.450499999999998
1,18,21.5,18.485249999999997
1,18,22.0,18.62175
1,18,22.5,16.779
1,18,23.0,18.333
1,18,23.5,16.982
1,19,0.0,16.3205
1,19,0.5,18.76875
1,19,1.0,17.6575
1,19,1.5,16.6215
1,19,2.0,16.418499999999998
1,19,2.5,15.7675
1,19,3.0,16.1525
1,19,3.5,15.4595
1,19,4.0,16.2855
1,19,4.5,15.777999999999999
1,19,5.0,17.70825
1,19,5.5,17.5665
1,19,6.0,18.4135
1,19,6.5,18.77925
1,19,7.0,18.80375
1,19,7.5,20.3669725
1,19,8.0,20.275972499999998
1,19,8.5,20.454472499999998
1,19,9.0,20.3914725
1,19,9.5,20.3599725
1,19,10.0,20.3809725
1,19,10.5,20.384472499999998
1,19,11.0,20.3459725
1,19,11.5,19.85375
1,19,12.0,19.60525
1,19,12.5,19.20975
1,19,13.0,19.2465
1,19,13.5,18.18775
1,19,14.0,18.576249999999998
1,19,14.5,18.721500000000002
1,19,15.0,18.2805
1,19,15.5,19.960972499999997
1,19,16.0,29.001472500000002
1,19,16.5,30.6394725
1,19,17.0,31.3132225
1,19,17.5,31.6019725
1,19,18.0,30.8564725
1,19,18.5,29.6874725
1,19,19.0,21.2664725
1,19,19.5,19.96925
1,19,20.0,20.50825
1,19,20.5,19.362
1,19,21.0,19.51775
1,19,21.5,17.79925
1,19,22.0,19.404
1,19,22.5,16.737
1,19,23.0,18.2525
1,19,23.5,17.40375
1,20,0.0,16.737
1,20,0.5,19.103
1,20,1.0,18.172
1,20,1.5,16.7755
1,20,2.0,16.855999999999998
1,20,2.5,16.443
1,20,3.0,17.03625
1,20,3.5,16.0195
1,20,4.0,17.087
1,20,4.5,16.3905
1,20,5.0,18.1685
1,20,5.5,17.66625
1,20,6.0,19.005
1,20,6.5,18.557
1,20,7.0,19.3467225
1,20,7.5,20.0379725
1,20,8.0,19.2329725
1,20,8.5,20.573472499999998
1,20,9.0,19.817472499999997
1,20,9.5,20.3179725
1,20,10.0,20.1149725
1,20,10.5,19.629749999999998
1,20,11.0,19.49675
1,20,11.5,19.311249999999998
1,20,12.0,19.3165
1,20,12.5,19.15025
1,20,13.0,19.97275
1,20,13.5,19.09075
1,20,14.0,19.7404725
1,20,14.5,19.106972499999998
1,20,15.0,19.1489725
1,20,15.5,20.3284725
1,20,16.0,28.4152225
1,20,16.5,30.7619725
1,20,17.0,30.8389725
1,20,17.5,30.9369725
1,20,18.0,30.2089725
1,20,18.5,29.0994725
1,20,19.0,21.0669725
1,20,19.5,19.69275
1,20,20.0,20.11975
1,20,20.5,18.98925
1,20,21.0,19.57725
1,20,21.5,18.2
1,20,22.0,19.607
1,20,22.5,17.024
1,20,23.0,17.26025
1,20,23.5,16.968
1,21,0.0,16.2365
1,21,0.5,17.752
1,21,1.0,18.312
1,21,1.5,16.8035
1,21,2.0,16.723
1,21,2.5,15.8865
1,21,3.0,15.599499999999999
1,21,3.5,14.661499999999998
1,21,4.0,15.393
1,21,4.5,14.749
1,21,5.0,15.3825
1,21,5.5,15.774499999999998
1,21,6.0,16.583000000000002
1,21,6.5,17.49825
1,21,7.0,17.909499999999998
1,21,7.5,20.11275
1,21,8.0,18.51325
1,21,8.5,20.8954725
1,21,9.0,19.65425
1,21,9.5,19.85025
1,21,10.0,19.57025
1,21,10.5,19.367250000000002
1,21,11.0,19.31475
1,21,11.5,19.00675
1,21,12.0,18.92625
1,21,12.5,18.92625
1,21,13.0,19.4355
1,21,13.5,18.64975
1,21,14.0,18.20175
1,21,14.5,18.23325
1,21,15.0,17.9585
1,21,15.5,18.943749999999998
1,21,16.0,28.056472499999998
1,21,16.5,30.5274725
1,21,17.0,30.5659725
1,21,17.5,30.8634725
1,21,18.0,30.7094725
1,21,18.5,29.897472500000003
1,21,19.0,21.3119725
1,21,19.5,20.10925
1,21,20.0,20.3595
1,21,20.5,18.8965
1,21,21.0,19.68575
1,21,21.5,18.354
1,21,22.0,18.6235
1,21,22.5,16.456999999999997
1,21,23.0,17.541999999999998
1,21,23.5,17.6085
1,22,0.0,16.73
1,22,0.5,18.3107225
1,22,1.0,17.37575
1,22,1.5,15.7465
1,22,2.0,15.799
1,22,2.5,14.7455
1,22,3.0,15.057
1,22,3.5,14.0105
1,22,4.0,14.756
1,22,4.5,14.234499999999999
1,22,5.0,15.267000000000001
1,22,5.5,15.841000000000001
1,22,6.0,17.661
1,22,6.5,17.79925
1,22,7.0,18.284000000000002
1,22,7.5,20.118
1,22,8.0,19.03475
1,22,8.5,20.62725
1,22,9.0,20.87575
1,22,9.5,21.08225
1,22,10.0,20.41725
1,22,10.5,20.14425
1,22,11.0,20.112750000000002
1,22,11.5,20.09
1,22,12.0,19.56325
1,22,12.5,19.9049725
1,22,13.0,19.8559725
1,22,13.5,19.6175
1,22,14.0,19.56675
1,22,14.5,18.9385
1,22,15.0,19.36725
1,22,15.5,20.2182225
1,22,16.0,29.340972499999996
1,22,16.5,31.3009725
1,22,17.0,31.9694725
1,22,17.5,32.1532225
1,22,18.0,31.4199725
1,22,18.5,30.2334725
1,22,19.0,21.8719725
1,22,19.5,20.679750000000002
1,22,20.0,20.821972499999998
1,22,20.5,19.8349725
1,22,21.0,19.7754725
1,22,21.5,18.70225
1,22,22.0,19.26575
1,22,22.5,17.829
1,22,23.0,18.803715
1,22,23.5,16.163
1,23,0.0,16.169999999999998
1,23,0.5,18.15625
1,23,1.0,17.890249999999998
1,23,1.5,16.5165
1,23,2.0,16.415
1,23,2.5,16.3065
1,23,3.0,16.6145
1,23,3.5,15.834000000000001
1,23,4.0,16.2225
1,23,4.5,15.295
1,23,5.0,17.1535
1,23,5.5,17.7835
1,23,6.0,19.1752225
1,23,6.5,18.902222499999997
1,23,7.0,19.7894725
1,23,7.5,21.149222499999997
1,23,8.0,20.7642225
1,23,8.5,21.5569725
1,23,9.0,21.175472499999998
1,23,9.5,21.3959725
1,23,10.0,21.1579725
1,23,10.5,20.7904725
1,23,11.0,20.8639725
1,23,11.5,20.8534725
1,23,12.0,20.8849725
1,23,12.5,20.9094725
1,23,13.0,20.6469725
1,23,13.5,20.265472499999998
1,23,14.0,20.314472499999997
1,23,14.5,19.5147225
1,23,15.0,19.9854725
1,23,15.5,20.7799725
1,23,16.0,28.9524725
1,23,16.5,31.781715000000002
1,23,17.0,31.6247225
1,23,17.5,31.860465
1,23,18.0,31.2344725
1,23,18.5,30.1879725
1,23,19.0,21.766972499999998
1,23,19.5,20.8289725
1,23,20.0,20.5769725
1,23,20.5,18.71275
1,23,21.0,19.348
1,23,21.5,18.319
1,23,22.0,17.6015
1,23,22.5,14.931
1,23,23.0,16.66
1,23,23.5,15.1935
1,24,0.0,15.036000000000001
1,24,0.5,16.845499999999998
1,24,1.0,16.562
1,24,1.5,15.295
1,24,2.0,15.63275
1,24,2.5,15.092
1,24,3.0,15.34575
1,24,3.5,14.39025
1,24,4.0,15.02725
1,24,4.5,14.920499999999999
1,24,5.0,16.625
1,24,5.5,16.8385
1,24,6.0,19.01725
1,24,6.5,19.5374725
1,24,7.0,21.8019725
1,24,7.5,22.4162225
1,24,8.0,22.9114725
1,24,8.5,23.0409725
1,24,9.0,23.3104725
1,24,9.5,23.6184725
1,24,10.0,22.367222499999997
1,24,10.5,22.274472499999998
1,24,11.0,21.744222499999996
1,24,11.5,22.0749725
1,24,12.0,22.0189725
1,24,12.5,22.1379725
1,24,13.0,22.3164725
1,24,13.5,22.2184725
1,24,14.0,22.960472499999998
1,24,14.5,22.956972499999996
1,24,15.0,21.836972499999998
1,24,15.5,23.494222499999996
1,24,16.0,30.7812225
1,24,16.5,32.816472499999996
1,24,17.0,32.6029725
1,24,17.5,32.6729725
1,24,18.0,32.7254725
1,24,18.5,31.614222499999997
1,24,19.0,24.5389725
1,24,19.5,22.659472499999996
1,24,20.0,22.081972499999996
1,24,20.5,19.167749999999998
1,24,21.0,19.9605
1,24,21.5,18.64975
1,24,22.0,19.02425
1,24,22.5,17.85175
1,24,23.0,18.11075
1,24,23.5,17.64875
1,25,0.0,17.35475
1,25,0.5,18.375
1,25,1.0,18.83525
1,25,1.5,17.42825
1,25,2.0,17.37575
1,25,2.5,16.915499999999998
1,25,3.0,16.934749999999998
1,25,3.5,16.429
1,25,4.0,17.123749999999998
1,25,4.5,16.38
1,25,5.0,17.59975
1,25,5.5,17.59625
1,25,6.0,18.15275
1,25,6.5,19.138
1,25,7.0,19.70675
1,25,7.5,20.9444725
1,25,8.0,20.8954725
1,25,8.5,21.507972499999997
1,25,9.0,20.6364725
1,25,9.5,20.3564725
1,25,10.0,20.324972499999998
1,25,10.5,19.8594725
1,25,11.0,19.5304725
1,25,11.5,19.6319725
1,25,12.0,19.510749999999998
1,25,12.5,19.47925
1,25,13.0,19.6809725
1,25,13.5,19.22375
1,25,14.0,19.440749999999998
1,25,14.5,19.1279725
1,25,15.0,18.83
1,25,15.5,19.9014725
1,25,16.0,28.094972499999997
1,25,16.5,30.3104725
1,25,17.0,30.6639725
1,25,17.5,31.057722499999997
1,25,18.0,30.8809725
1,25,18.5,29.368972499999998
1,25,19.0,20.8359725
1,25,19.5,19.09075
1,25,20.0,19.440749999999998
1,25,20.5,18.20525
1,25,21.0,18.60775
1,25,21.5,17.3635
1,25,22.0,17.99875
1,25,22.5,16.576
1,25,23.0,17.05025
1,25,23.5,16.84375
1,26,0.0,16.27675
1,26,0.5,17.67325
1,26,1.0,16.66175
1,26,1.5,15.699250000000001
1,26,2.0,16.47625
1,26,2.5,15.65375
1,26,3.0,16.612750000000002
1,26,3.5,15.328249999999999
1,26,4.0,16.07725
1,26,4.5,15.52775
1,26,5.0,16.843749999999996
1,26,5.5,16.85075
1,26,6.0,17.759
1,26,6.5,18.068749999999998
1,26,7.0,17.547250000000002
1,26,7.5,19.4534725
1,26,8.0,19.2224725
1,26,8.5,20.1184725
1,26,9.0,19.9329725
1,26,9.5,20.5454725
1,26,10.0,19.8209725
1,26,10.5,19.509472499999998
1,26,11.0,19.48975
1,26,11.5,19.10125
1,26,12.0,19.21325
1,26,12.5,19.33225
1,26,13.0,19.19925
1,26,13.5,18.84925
1,26,14.0,19.00675
1,26,14.5,18.74775
1,26,15.0,18.117749999999997
1,26,15.5,19.7404725
1,26,16.0,27.7274725
1,26,16.5,30.3874725
1,26,17.0,31.540722499999998
1,26,17.5,31.7507225
1,26,18.0,31.1609725
1,26,18.5,30.2054725
1,26,19.0,21.5114725
1,26,19.5,19.300749999999997
1,26,20.0,19.21675
1,26,20.5,17.89725
1,26,21.0,19.11875
1,26,21.5,17.3565
1,26,22.0,17.93225
1,26,22.5,16.121
1,26,23.0,16.7195
1,26,23.5,15.665999999999999
1,27,0.0,15.473500000000001
1,27,0.5,17.53675
1,27,1.0,16.73875
1,27,1.5,14.717500000000001
1,27,2.0,15.804250000000001
1,27,2.5,15.2495
1,27,3.0,15.445499999999997
1,27,3.5,14.084000000000001
1,27,4.0,14.512750000000002
1,27,4.5,14.6755
1,27,5.0,15.47875
1,27,5.5,15.706249999999999
1,27,6.0,17.718749999999996
1,27,6.5,17.02225
1,27,7.0,17.18675
1,27,7.5,18.5329725
1,27,8.0,18.343500000000002
1,27,8.5,19.7859725
1,27,9.0,19.677472499999997
1,27,9.5,20.2164725
1,27,10.0,19.7719725
1,27,10.5,19.763222499999998
1,27,11.0,19.425472499999998
1,27,11.5,19.5479725
1,27,12.0,19.8419725
1,27,12.5,19.8454725
1,27,13.0,19.9714725
1,27,13.5,19.35325
1,27,14.0,19.8734725
1,27,14.5,19.5934725
1,27,15.0,18.8965
1,27,15.5,20.3109725
1,27,16.0,28.563972499999995
1,27,16.5,31.1417225
1,27,17.0,32.0832225
1,27,17.5,32.1847225
1,27,18.0,32.0482225
1,27,18.5,30.9474725
1,27,19.0,21.822972499999995
1,27,19.5,20.10925
1,27,20.0,19.81175
1,27,20.5,17.928749999999997
1,27,21.0,19.132749999999998
1,27,21.5,17.382749999999998
1,27,22.0,18.46075
1,27,22.5,16.93825
1,27,23.0,17.58225
1,27,23.5,16.74925
1,28,0.0,16.35725
1,28,0.5,18.138749999999998
1,28,1.0,17.6365
1,28,1.5,16.234750000000002
1,28,2.0,16.983749999999997
1,28,2.5,15.75875
1,28,3.0,16.15425
1,28,3.5,14.810249999999998
1,28,4.0,15.24425
1,28,4.5,14.978250000000001
1,28,5.0,15.714999999999998
1,28,5.5,16.378249999999998
1,28,6.0,17.30575
1,28,6.5,17.23575
1,28,7.0,17.050250000000002
1,28,7.5,18.13525
1,28,8.0,17.66975
1,28,8.5,19.9045
1,28,9.0,18.10025
1,28,9.5,18.63925
1,28,10.0,18.20175
1,28,10.5,17.90425
1,28,11.0,17.123749999999998
1,28,11.5,17.31625
1,28,12.0,16.95575
1,28,12.5,16.89975
1,28,13.0,17.16925
1,28,13.5,16.367749999999997
1,28,14.0,17.40025
1,28,14.5,17.15875
1,28,15.0,16.88225
1,28,15.5,18.430999999999997
1,28,16.0,27.6644725
1,28,16.5,30.4294725
1,28,17.0,30.5624725
1,28,17.5,30.8249725
1,28,18.0,29.925472499999998
1,28,18.5,28.724972499999996
1,28,19.0,21.0984725
1,28,19.5,18.80725
1,28,20.0,19.12575
1,28,20.5,17.017
1,28,21.0,18.53425
1,28,21.5,17.59975
1,28,22.0,18.047749999999997
1,28,22.5,15.4
1,28,23.0,16.73175
1,28,23.5,15.043
1,29,0.0,13.21775
1,29,0.5,16.919
1,29,1.0,15.924999999999999
1,29,1.5,12.8485
1,29,2.0,13.576500000000001
1,29,2.5,11.683
1,29,3.0,14.119
1,29,3.5,11.1685
1,29,4.0,12.684
1,29,4.5,11.1685
1,29,5.0,11.094999999999999
1,29,5.5,11.704
1,29,6.0,14.343000000000002
1,29,6.5,16.618
1,29,7.0,16.2365
1,29,7.5,18.893
1,29,8.0,18.25075
1,29,8.5,20.037499999999998
1,29,9.0,19.45825
1,29,9.5,19.81175
1,29,10.0,19.54925
1,29,10.5,19.14675
1,29,11.0,18.41525
1,29,11.5,18.387249999999998
1,29,12.0,18.179
1,29,12.5,17.83425
1,29,13.0,17.82725
1,29,13.5,16.8035
1,29,14.0,17.263749999999998
1,29,14.5,16.96625
1,29,15.0,16.745749999999997
1,29,15.5,18.5955
1,29,16.0,28.6549725
1,29,16.5,30.779472499999997
1,29,17.0,30.6079725
1,29,17.5,31.0454725
1,29,18.0,30.3279725
1,29,18.5,29.109972499999998
1,29,19.0,20.9864725
1,29,19.5,17.89725
1,29,20.0,19.44775
1,29,20.5,16.8945
1,29,21.0,18.96125
1,29,21.5,16.33275
1,29,22.0,17.909499999999998
1,29,22.5,14.959000000000001
1,29,23.0,17.37925
1,29,23.5,15.5505
1,30,0.0,14.353500000000002
1,30,0.5,16.81925
1,30,1.0,15.84625
1,30,1.5,14.236249999999998
1,30,2.0,14.58625
1,30,2.5,13.748
1,30,3.0,14.59675
1,30,3.5,12.542250000000001
1,30,4.0,13.242249999999999
1,30,4.5,13.756749999999998
1,30,5.0,15.15325
1,30,5.5,16.43425
1,30,6.0,18.14225
1,30,6.5,17.24275
1,30,7.0,17.8465
1,30,7.5,19.95175
1,30,8.0,19.21325
1,30,8.5,20.7169725
1,30,9.0,19.964
1,30,9.5,19.78375
1,30,10.0,19.556250000000002
1,30,10.5,19.17125
1,30,11.0,19.062749999999998
1,30,11.5,18.66025
1,30,12.0,18.681250000000002
1,30,12.5,18.35925
1,30,13.0,18.45725
1,30,13.5,18.29975
1,30,14.0,18.83875
1,30,14.5,18.89125
1,30,15.0,17.367
1,30,15.5,19.297250000000002
1,30,16.0,28.369722499999998
1,30,16.5,31.113722499999998
1,30,17.0,31.243222499999998
1,30,17.5,31.806722499999996
1,30,18.0,31.7157225
1,30,18.5,30.9404725
1,30,19.0,22.641972499999998
1,30,19.5,20.315749999999998
1,30,20.0,20.952749999999998
1,30,20.5,18.635749999999998
1,30,21.0,19.803
1,30,21.5,17.47025
1,30,22.0,17.78525
1,30,22.5,15.168999999999999
1,30,23.0,14.8925
1,30,23.5,14.293999999999999
1,31,0.0,14.710500000000001
1,31,0.5,16.453500000000002
1,31,1.0,16.32925
1,31,1.5,13.926499999999999
1,31,2.0,14.6895
1,31,2.5,12.771499999999998
1,31,3.0,13.9405
1,31,3.5,11.588500000000002
1,31,4.0,13.222999999999999
1,31,4.5,12.894
1,31,5.0,14.231
1,31,5.5,15.743
1,31,6.0,18.31375
1,31,6.5,18.38375
1,31,7.0,18.74075
1,31,7.5,20.0064725
1,31,8.0,19.080249999999996
1,31,8.5,19.797749999999997
1,31,9.0,19.508999999999997
1,31,9.5,19.34975
1,31,10.0,18.411749999999998
1,31,10.5,17.820249999999998
1,31,11.0,17.77125
1,31,11.5,17.77475
1,31,12.0,17.99525
1,31,12.5,17.63475
1,31,13.0,17.855249999999998
1,31,13.5,17.083499999999997
1,31,14.0,17.61725
1,31,14.5,17.183249999999997
1,31,15.0,17.15525
1,31,15.5,18.422250000000002
1,31,16.0,27.6994725
1,31,16.5,29.998972499999997
1,31,17.0,29.7504725
1,31,17.5,30.1319725
1,31,18.0,29.4914725
1,31,18.5,28.404722500000002
1,31,19.0,19.717249999999996
1,31,19.5,18.29975
1,31,20.0,18.45375
1,31,20.5,18.02675
1,31,21.0,18.604249999999997
1,31,21.5,17.410749999999997
1,31,22.0,17.75375
1,31,22.5,15.4245
1,31,23.0,15.39475
1,31,23.5,13.838999999999999
2,1,0.0,13.86875
2,1,0.5,16.00725
2,1,1.0,15.50325
2,1,1.5,13.307
2,1,2.0,13.81275
2,1,2.5,12.26925
2,1,3.0,13.282499999999999
2,1,3.5,11.0495
2,1,4.0,12.936
2,1,4.5,11.985750000000001
2,1,5.0,13.737499999999999
2,1,5.5,16.03175
2,1,6.0,17.33025
2,1,6.5,18.05125
2,1,7.0,18.25075
2,1,7.5,19.691
2,1,8.0,19.15375
2,1,8.5,20.63075
2,1,9.0,20.21775
2,1,9.5,19.90275
2,1,10.0,19.90275
2,1,10.5,19.17125
2,1,11.0,19.23075
2,1,11.5,19.32875
2,1,12.0,18.62
2,1,12.5,18.151
2,1,13.0,18.4765
2,1,13.5,17.9515
2,1,14.0,18.55
2,1,14.5,18.462500000000002
2,1,15.0,17.122
2,1,15.5,18.543
2,1,16.0,28.885972499999998
2,1,16.5,30.7812225
2,1,17.0,30.5257225
2,1,17.5,31.0227225
2,1,18.0,31.0367225
2,1,18.5,30.1739725
2,1,19.0,21.28875
2,1,19.5,19.62275
2,1,20.0,19.426750000000002
2,1,20.5,18.177249999999997
2,1,21.0,19.122249999999998
2,1,21.5,18.22275
2,1,22.0,18.50275
2,1,22.5,16.7055
2,1,23.0,17.3145
2,1,23.5,15.6975
2,2,0.0,15.631
2,2,0.5,16.7195
2,2,1.0,16.1175
2,2,1.5,15.113
2,2,2.0,15.379
2,2,2.5,14.691249999999998
2,2,3.0,14.2065
2,2,3.5,12.967500000000001
2,2,4.0,14.3885
2,2,4.5,13.741
2,2,5.0,13.944
2,2,5.5,14.836500000000001
2,2,6.0,16.233
2,2,6.5,17.8535
2,2,7.0,17.6365
2,2,7.5,19.24125
2,2,8.0,18.29625
2,2,8.5,19.29375
2,2,9.0,19.19925
2,2,9.5,19.36725
2,2,10.0,19.61575
2,2,10.5,18.60425
2,2,11.0,17.878
2,2,11.5,17.77475
2,2,12.0,18.0075
2,2,12.5,18.198249999999998
2,2,13.0,18.19475
2,2,13.5,17.54375
2,2,14.0,17.676750000000002
2,2,14.5,16.86825
2,2,15.0,16.74225
2,2,15.5,17.78525
2,2,16.0,27.0484725
2,2,16.5,29.5334725
2,2,17.0,30.0409725
2,2,17.5,30.835472499999998
2,2,18.0,30.5449725
2,2,18.5,29.169472499999998
2,2,19.0,19.83275
2,2,19.5,18.77225
2,2,20.0,18.67775
2,2,20.5,17.80275
2,2,21.0,17.820249999999998
2,2,21.5,15.814750000000002
2,2,22.0,16.43775
2,2,22.5,14.223999999999998
2,2,23.0,13.767250000000002
2,2,23.5,11.2385
2,3,0.0,11.8125
2,3,0.5,14.714
2,3,1.0,13.637749999999999
2,3,1.5,11.256
2,3,2.0,12.271
2,3,2.5,10.8185
2,3,3.0,11.343499999999999
2,3,3.5,9.737
2,3,4.0,11.224499999999999
2,3,4.5,11.0565
2,3,5.0,10.997
2,3,5.5,13.8635
2,3,6.0,15.662500000000001
2,3,6.5,16.726499999999998
2,3,7.0,15.658999999999999
2,3,7.5,18.565749999999998
2,3,8.0,17.627750000000002
2,3,8.5,19.141972499999998
2,3,9.0,18.7377225
2,3,9.5,19.2154725
2,3,10.0,18.684749999999998
2,3,10.5,18.14925
2,3,11.0,17.5665
2,3,11.5,17.3215
2,3,12.0,17.4755
2,3,12.5,17.209500000000002
2,3,13.0,17.647000000000002
2,3,13.5,16.705499999999997
2,3,14.0,16.94
2,3,14.5,16.3695
2,3,15.0,15.784999999999998
2,3,15.5,16.3835
2,3,16.0,27.6434725
2,3,16.5,29.925472499999998
2,3,17.0,30.355972499999996
2,3,17.5,31.0209725
2,3,18.0,30.397972499999998
2,3,18.5,29.4739725
2,3,19.0,20.5489725
2,3,19.5,17.7415
2,3,20.0,18.361
2,3,20.5,17.178
2,3,21.0,17.69425
2,3,21.5,16.04925
2,3,22.0,16.8455
2,3,22.5,13.240499999999999
2,3,23.0,17.49125
2,3,23.5,14.829500000000001
2,4,0.0,14.5985
2,4,0.5,16.80525
2,4,1.0,16.16475
2,4,1.5,14.08925
2,4,2.0,14.385
2,4,2.5,13.835500000000001
2,4,3.0,14.0665
2,4,3.5,12.705
2,4,4.0,12.964
2,4,4.5,12.844999999999999
2,4,5.0,13.643
2,4,5.5,14.987
2,4,6.0,14.850500000000002
2,4,6.5,15.582
2,4,7.0,14.976500000000001
2,4,7.5,17.47025
2,4,8.0,15.167250000000001
2,4,8.5,18.2354725
2,4,9.0,16.75975
2,4,9.5,17.79225
2,4,10.0,17.004749999999998
2,4,10.5,16.73
2,4,11.0,16.696749999999998
2,4,11.5,16.642500000000002
2,4,12.0,16.737
2,4,12.5,15.924999999999999
2,4,13.0,16.5585
2,4,13.5,15.3545
2,4,14.0,15.6975
2,4,14.5,15.5225
2,4,15.0,16.009
2,4,15.5,17.5245
2,4,16.0,27.1079725
2,4,16.5,28.784472499999996
2,4,17.0,29.4564725
2,4,17.5,30.215972500000003
2,4,18.0,30.0269725
2,4,18.5,29.473972500000002
2,4,19.0,21.21525
2,4,19.5,18.00925
2,4,20.0,18.55875
2,4,20.5,16.233
2,4,21.0,18.01975
2,4,21.5,16.140249999999998
2,4,22.0,17.209500000000002
2,4,22.5,14.56
2,4,23.0,16.02475
2,4,23.5,15.268749999999999
2,5,0.0,14.61775
2,5,0.5,16.58825
2,5,1.0,16.16475
2,5,1.5,13.9335
2,5,2.0,14.987
2,5,2.5,13.737499999999999
2,5,3.0,14.076999999999998
2,5,3.5,12.6
2,5,4.0,13.391
2,5,4.5,13.0235
2,5,5.0,14.434
2,5,5.5,15.025500000000001
2,5,6.0,15.9775
2,5,6.5,17.5735
2,5,7.0,17.13775
2,5,7.5,19.62275
2,5,8.0,18.97
2,5,8.5,20.33325
2,5,9.0,19.201
2,5,9.5,19.03475
2,5,10.0,18.585
2,5,10.5,17.4265
2,5,11.0,18.0705
2,5,11.5,18.053
2,5,12.0,18.116
2,5,12.5,17.612
2,5,13.0,18.158
2,5,13.5,17.11325
2,5,14.0,16.9575
2,5,14.5,16.59
2,5,15.0,16.715999999999998
2,5,15.5,18.0565
2,5,16.0,27.3074725
2,5,16.5,29.4179725
2,5,17.0,29.718972499999996
2,5,17.5,30.1529725
2,5,18.0,29.935972500000002
2,5,18.5,28.770472499999997
2,5,19.0,20.618972499999998
2,5,19.5,19.236
2,5,20.0,18.8265
2,5,20.5,15.568
2,5,21.0,18.102
2,5,21.5,14.539
2,5,22.0,17.003
2,5,22.5,13.86
2,5,23.0,15.466500000000002
2,5,23.5,12.411
2,6,0.0,12.022499999999999
2,6,0.5,14.6545
2,6,1.0,15.09025
2,6,1.5,12.376
2,6,2.0,12.155499999999998
2,6,2.5,10.965499999999999
2,6,3.0,11.9385
2,6,3.5,9.6915
2,6,4.0,10.2585
2,6,4.5,9.058
2,6,5.0,10.902500000000002
2,6,5.5,12.425000000000002
2,6,6.0,13.958
2,6,6.5,16.901500000000002
2,6,7.0,15.290222499999999
2,6,7.5,18.9512225
2,6,8.0,16.7707225
2,6,8.5,19.6564725
2,6,9.0,19.4342225
2,6,9.5,19.804750000000002
2,6,10.0,18.9245
2,6,10.5,18.326
2,6,11.0,17.843
2,6,11.5,17.8325
2,6,12.0,17.563
2,6,12.5,17.3635
2,6,13.0,17.90075
2,6,13.5,16.737
2,6,14.0,17.104499999999998
2,6,14.5,17.104499999999998
2,6,15.0,16.184
2,6,15.5,17.6352225
2,6,16.0,27.2164725
2,6,16.5,29.3549725
2,6,17.0,29.830972499999998
2,6,17.5,30.873972499999997
2,6,18.0,30.4399725
2,6,18.5,29.641972499999998
2,6,19.0,21.567472499999997
2,6,19.5,20.0865
2,6,20.0,20.58875
2,6,20.5,17.512249999999998
2,6,21.0,19.16775
2,6,21.5,17.0625
2,6,22.0,17.68725
2,6,22.5,15.417499999999999
2,6,23.0,16.76675
2,6,23.5,14.798
2,7,0.0,14.637
2,7,0.5,17.55425
2,7,1.0,17.015249999999998
2,7,1.5,15.414
2,7,2.0,15.966999999999999
2,7,2.5,15.9425
2,7,3.0,15.91275
2,7,3.5,15.044749999999999
2,7,4.0,15.168999999999999
2,7,4.5,14.644
2,7,5.0,16.03875
2,7,5.5,16.352
2,7,6.0,17.690749999999998
2,7,6.5,18.053472499999998
2,7,7.0,18.26475
2,7,7.5,19.698472499999998
2,7,8.0,19.8664725
2,7,8.5,20.3669725
2,7,9.0,20.174472499999997
2,7,9.5,19.628472499999997
2,7,10.0,19.365972499999998
2,7,10.5,19.2329725
2,7,11.0,18.7219725
2,7,11.5,18.8549725
2,7,12.0,19.02425
2,7,12.5,18.294500000000003
2,7,13.0,19.054000000000002
2,7,13.5,17.846500000000002
2,7,14.0,19.073249999999998
2,7,14.5,18.6467225
2,7,15.0,18.1952225
2,7,15.5,19.0842225
2,7,16.0,28.073972499999996
2,7,16.5,30.3804725
2,7,17.0,30.534472499999996
2,7,17.5,31.706972499999996
2,7,18.0,30.593972499999996
2,7,18.5,29.466972499999997
2,7,19.0,21.5184725
2,7,19.5,20.5087225
2,7,20.0,20.0729725
2,7,20.5,18.907
2,7,21.0,19.6109725
2,7,21.5,17.129
2,7,22.0,17.899
2,7,22.5,13.8145
2,7,23.0,16.397499999999997
2,7,23.5,13.72
2,8,0.0,13.8985
2,8,0.5,16.785999999999998
2,8,1.0,16.8665
2,8,1.5,14.60725
2,8,2.0,14.143500000000001
2,8,2.5,12.698
2,8,3.0,13.188
2,8,3.5,11.532499999999999
2,8,4.0,13.1145
2,8,4.5,12.841500000000002
2,8,5.0,13.975500000000002
2,8,5.5,16.3625
2,8,6.0,18.04075
2,8,6.5,19.1962225
2,8,7.0,18.9245
2,8,7.5,20.0607225
2,8,8.0,19.5825
2,8,8.5,20.14425
2,8,9.0,19.89575
2,8,9.5,18.99275
2,8,10.0,19.03475
2,8,10.5,18.80725
2,8,11.0,17.99
2,8,11.5,17.352999999999998
2,8,12.0,17.84475
2,8,12.5,17.090500000000002
2,8,13.0,17.89375
2,8,13.5,16.5865
2,8,14.0,17.512249999999998
2,8,14.5,16.282
2,8,15.0,16.653000000000002
2,8,15.5,18.802
2,8,16.0,27.3179725
2,8,16.5,28.8474725
2,8,17.0,29.141472500000003
2,8,17.5,30.268472499999998
2,8,18.0,29.825722499999998
2,8,18.5,28.3714725
2,8,19.0,20.443972499999997
2,8,19.5,18.88775
2,8,20.0,18.92275
2,8,20.5,17.1465
2,8,21.0,19.69275
2,8,21.5,17.58575
2,8,22.0,17.442249999999998
2,8,22.5,14.26075
2,8,23.0,15.984499999999999
2,8,23.5,13.4645
2,9,0.0,12.589500000000001
2,9,0.5,15.393
2,9,1.0,15.30375
2,9,1.5,12.176499999999999
2,9,2.0,13.566
2,9,2.5,11.7845
2,9,3.0,13.034
2,9,3.5,11.0635
2,9,4.0,11.726750000000001
2,9,4.5,11.2525
2,9,5.0,12.3305
2,9,5.5,14.4165
2,9,6.0,15.3125
2,9,6.5,17.269000000000002
2,9,7.0,17.878
2,9,7.5,18.833972499999998
2,9,8.0,18.8269725
2,9,8.5,19.817472499999997
2,9,9.0,19.6319725
2,9,9.5,19.28325
2,9,10.0,19.0155
2,9,10.5,18.50975
2,9,11.0,17.96725
2,9,11.5,18.018
2,9,12.0,18.45025
2,9,12.5,18.18425
2,9,13.0,18.19475
2,9,13.5,17.619
2,9,14.0,17.829
2,9,14.5,16.974999999999998
2,9,15.0,17.71525
2,9,15.5,18.69875
2,9,16.0,27.478972499999998
2,9,16.5,29.1379725
2,9,17.0,29.9219725
2,9,17.5,31.229222500000002
2,9,18.0,30.765472499999998
2,9,18.5,29.8519725
2,9,19.0,21.0319725
2,9,19.5,19.90625
2,9,20.0,19.9469725
2,9,20.5,18.095
2,9,21.0,19.6704725
2,9,21.5,17.66275
2,9,22.0,18.2665
2,9,22.5,15.82
2,9,23.0,16.11225
2,9,23.5,14.525
2,10,0.0,14.5145
2,10,0.5,16.779
2,10,1.0,16.9785
2,10,1.5,14.966
2,10,2.0,16.002
2,10,2.5,15.001
2,10,3.0,15.7605
2,10,3.5,14.455
2,10,4.0,15.6485
2,10,4.5,14.987
2,10,5.0,15.592500000000001
2,10,5.5,15.82
2,10,6.0,18.543
2,10,6.5,19.1489725
2,10,7.0,19.03475
2,10,7.5,20.0939725
2,10,8.0,19.568972499999997
2,10,8.5,20.0624725
2,10,9.0,20.2409725
2,10,9.5,19.71025
2,10,10.0,19.66125
2,10,10.5,19.38825
2,10,11.0,18.674249999999997
2,10,11.5,18.2245
2,10,12.0,18.1545
2,10,12.5,17.955000000000002
2,10,13.0,17.04325
2,10,13.5,16.12625
2,10,14.0,17.40025
2,10,14.5,17.157
2,10,15.0,17.8395
2,10,15.5,18.71625
2,10,16.0,28.4309725
2,10,16.5,30.4662225
2,10,17.0,30.903722499999997
2,10,17.5,31.7367225
2,10,18.0,31.6422225
2,10,18.5,30.910722500000002
2,10,19.0,22.7955
2,10,19.5,19.51775
2,10,20.0,20.20725
2,10,20.5,17.4965
2,10,21.0,19.40925
2,10,21.5,17.5
2,10,22.0,17.72925
2,10,22.5,15.326500000000001
2,10,23.0,16.373
2,10,23.5,16.1385
2,11,0.0,14.868
2,11,0.5,16.891000000000002
2,11,1.0,16.646
2,11,1.5,15.645000000000001
2,11,2.0,15.8165
2,11,2.5,15.184750000000001
2,11,3.0,15.445500000000001
2,11,3.5,14.1995
2,11,4.0,15.77975
2,11,4.5,15.036
2,11,5.0,15.8795
2,11,5.5,16.968
2,11,6.0,18.64625
2,11,6.5,18.36975
2,11,7.0,17.374
2,11,7.5,20.494249999999997
2,11,8.0,19.262249999999998
2,11,8.5,21.93275
2,11,9.0,19.81525
2,11,9.5,20.30875
2,11,10.0,19.82925
2,11,10.5,19.4495
2,11,11.0,19.18875
2,11,11.5,19.383
2,11,12.0,19.3795
2,11,12.5,18.1965
2,11,13.0,18.3855
2,11,13.5,17.1605
2,11,14.0,17.412499999999998
2,11,14.5,16.667
2,11,15.0,16.366
2,11,15.5,17.90775
2,11,16.0,28.1439725
2,11,16.5,30.905472500000002
2,11,17.0,30.8389725
2,11,17.5,32.2617225
2,11,18.0,32.2617225
2,11,18.5,30.2299725
2,11,19.0,22.659472499999996
2,11,19.5,18.6795
2,11,20.0,19.62275
2,11,20.5,17.587500000000002
2,11,21.0,18.5885
2,11,21.5,17.192
2,11,22.0,16.8175
2,11,22.5,15.22325
2,11,23.0,17.437
2,11,23.5,16.0965
2,12,0.0,14.6475
2,12,0.5,16.83675
2,12,1.0,16.793
2,12,1.5,15.015
2,12,2.0,15.3335
2,12,2.5,14.227500000000001
2,12,3.0,15.487499999999999
2,12,3.5,13.6815
2,12,4.0,14.665
2,12,4.5,13.7445
2,12,5.0,14.552999999999999
2,12,5.5,15.141
2,12,6.0,16.142
2,12,6.5,17.899
2,12,7.0,17.6085
2,12,7.5,19.32875
2,12,8.0,17.48075
2,12,8.5,20.04975
2,12,9.0,18.175500000000003
2,12,9.5,18.30325
2,12,10.0,17.71875
2,12,10.5,16.996
2,12,11.0,16.429
2,12,11.5,17.361749999999997
2,12,12.0,16.85425
2,12,12.5,16.6495
2,12,13.0,16.378249999999998
2,12,13.5,15.8305
2,12,14.0,16.751
2,12,14.5,16.334500000000002
2,12,15.0,16.086000000000002
2,12,15.5,16.639
2,12,16.0,26.7474725
2,12,16.5,28.7109725
2,12,17.0,28.885972499999998
2,12,17.5,30.2719725
2,12,18.0,30.154722500000002
2,12,18.5,29.2254725
2,12,19.0,21.2909725
2,12,19.5,19.44775
2,12,20.0,19.44775
2,12,20.5,17.501749999999998
2,12,21.0,18.502750000000002
2,12,21.5,15.939
2,12,22.0,17.123749999999998
2,12,22.5,15.21625
2,12,23.0,16.696749999999998
2,12,23.5,15.77275
2,13,0.0,15.2425
2,13,0.5,17.053749999999997
2,13,1.0,16.76325
2,13,1.5,14.880249999999998
2,13,2.0,15.8025
2,13,2.5,14.7875
2,13,3.0,15.54
2,13,3.5,14.2485
2,13,4.0,15.56975
2,13,4.5,14.798000000000002
2,13,5.0,15.799
2,13,5.5,16.785999999999998
2,13,6.0,18.1055
2,13,6.5,18.6309725
2,13,7.0,17.331999999999997
2,13,7.5,19.6809725
2,13,8.0,17.276
2,13,8.5,19.7509725
2,13,9.0,18.69
2,13,9.5,18.66025
2,13,10.0,17.620749999999997
2,13,10.5,17.02925
2,13,11.0,16.756249999999998
2,13,11.5,16.74925
2,13,12.0,16.98375
2,13,12.5,16.65825
2,13,13.0,16.905
2,13,13.5,16.4675
2,13,14.0,16.7685
2,13,14.5,15.946
2,13,15.0,16.576
2,13,15.5,17.739749999999997
2,13,16.0,27.531472499999996
2,13,16.5,28.815972499999997
2,13,17.0,28.8684725
2,13,17.5,30.236972499999997
2,13,18.0,29.9639725
2,13,18.5,29.2359725
2,13,19.0,20.9759725
2,13,19.5,18.95425
2,13,20.0,19.187
2,13,20.5,17.5
2,13,21.0,18.257749999999998
2,13,21.5,17.129
2,13,22.0,17.052
2,13,22.5,15.253
2,13,23.0,16.7895
2,13,23.5,15.9985
2,14,0.0,15.134
2,14,0.5,16.567249999999998
2,14,1.0,16.92425
2,14,1.5,15.2355
2,14,2.0,15.177750000000001
2,14,2.5,14.413000000000002
2,14,3.0,14.8575
2,14,3.5,13.726999999999999
2,14,4.0,14.238
2,14,4.5,13.58
2,14,5.0,15.295
2,14,5.5,16.3625
2,14,6.0,18.574972499999998
2,14,6.5,18.7517225
2,14,7.0,17.703
2,14,7.5,20.0379725
2,14,8.0,19.0645
2,14,8.5,19.89575
2,14,9.0,18.98575
2,14,9.5,17.91125
2,14,10.0,17.84125
2,14,10.5,16.7685
2,14,11.0,16.775499999999997
2,14,11.5,16.59
2,14,12.0,16.66
2,14,12.5,16.110500000000002
2,14,13.0,16.2085
2,14,13.5,15.827
2,14,14.0,16.159499999999998
2,14,14.5,15.59075
2,14,15.0,14.6265
2,14,15.5,16.60925
2,14,16.0,26.7054725
2,14,16.5,28.0599725
2,14,17.0,28.367972499999997
2,14,17.5,29.5929725
2,14,18.0,29.221972500000003
2,14,18.5,28.3959725
2,14,19.0,20.41025
2,14,19.5,18.565749999999998
2,14,20.0,18.6375
2,14,20.5,17.276
2,14,21.0,17.815
2,14,21.5,15.52425
2,14,22.0,16.1385
2,14,22.5,14.353500000000002
2,14,23.0,16.26625
2,14,23.5,14.882
2,15,0.0,14.294000000000002
2,15,0.5,15.853249999999997
2,15,1.0,15.634500000000001
2,15,1.5,13.265
2,15,2.0,14.49
2,15,2.5,13.695500000000001
2,15,3.0,14.4935
2,15,3.5,12.46
2,15,4.0,14.42
2,15,4.5,13.884500000000001
2,15,5.0,15.883000000000001
2,15,5.5,16.0755
2,15,6.0,18.0075
2,15,6.5,17.76425
2,15,7.0,18.36275
2,15,7.5,19.743972499999998
2,15,8.0,18.75125
2,15,8.5,19.34275
2,15,9.0,19.15025
2,15,9.5,18.36975
2,15,10.0,17.77825
2,15,10.5,17.01875
2,15,11.0,16.705499999999997
2,15,11.5,16.604
2,15,12.0,16.3905
2,15,12.5,16.0685
2,15,13.0,16.129749999999998
2,15,13.5,15.5435
2,15,14.0,15.893500000000001
2,15,14.5,15.309
2,15,15.0,15.326500000000001
2,15,15.5,16.9085
2,15,16.0,27.0694725
2,15,16.5,28.8614725
2,15,17.0,28.6969725
2,15,17.5,30.681472499999998
2,15,18.0,30.1914725
2,15,18.5,29.1554725
2,15,19.0,20.59575
2,15,19.5,18.69875
2,15,20.0,18.41875
2,15,20.5,16.60225
2,15,21.0,18.172
2,15,21.5,15.4805
2,15,22.0,16.2575
2,15,22.5,14.591499999999998
2,15,23.0,15.77625
2,15,23.5,13.51
2,16,0.0,13.67275
2,16,0.5,15.457749999999999
2,16,1.0,15.2635
2,16,1.5,12.943
2,16,2.0,12.956999999999999
2,16,2.5,10.972499999999998
2,16,3.0,11.20525
2,16,3.5,9.982
2,16,4.0,10.716999999999999
2,16,4.5,10.57
2,16,5.0,11.543
2,16,5.5,13.460999999999999
2,16,6.0,15.248222499999999
2,16,6.5,16.947000000000003
2,16,7.0,16.2015
2,16,7.5,17.764722499999998
2,16,8.0,16.457
2,16,8.5,18.8147225
2,16,9.0,18.104222500000002
2,16,9.5,18.335222499999997
2,16,10.0,18.3505
2,16,10.5,18.0565
2,16,11.0,17.779999999999998
2,16,11.5,17.6925
2,16,12.0,18.22975
2,16,12.5,17.75725
2,16,13.0,16.84725
2,16,13.5,16.1665
2,16,14.0,16.2855
2,16,14.5,15.217999999999998
2,16,15.0,15.18475
2,16,15.5,15.932
2,16,16.0,26.7509725
2,16,16.5,28.413472499999997
2,16,17.0,29.043472499999996
2,16,17.5,30.555472499999997
2,16,18.0,30.5484725
2,16,18.5,29.428472499999998
2,16,19.0,19.92025
2,16,19.5,17.77125
2,16,20.0,17.8185
2,16,20.5,15.953000000000001
2,16,21.0,17.428250000000002
2,16,21.5,14.7945
2,16,22.0,15.4315
2,16,22.5,11.459000000000001
2,16,23.0,12.991999999999999
2,16,23.5,9.859499999999999
2,17,0.0,8.4315
2,17,0.5,10.542
2,17,1.0,10.1465
2,17,1.5,6.79525
2,17,2.0,7.9415000000000004
2,17,2.5,5.922
2,17,3.0,7.0665000000000004
2,17,3.5,5.8415
2,17,4.0,7.007000000000001
2,17,4.5,7.252
2,17,5.0,8.0115
2,17,5.5,11.557
2,17,6.0,11.69525
2,17,6.5,16.33625
2,17,7.0,16.029999999999998
2,17,7.5,17.4545
2,17,8.0,16.135
2,17,8.5,17.706500000000002
2,17,9.0,17.610249999999997
2,17,9.5,16.712500000000002
2,17,10.0,16.821
2,17,10.5,16.086
2,17,11.0,14.8715
2,17,11.5,14.8155
2,17,12.0,15.445500000000001
2,17,12.5,15.455999999999998
2,17,13.0,15.309
2,17,13.5,14.899500000000002
2,17,14.0,15.582
2,17,14.5,15.49975
2,17,15.0,15.694
2,17,15.5,16.1525
2,17,16.0,27.0239725
2,17,16.5,27.6609725
2,17,17.0,28.4414725
2,17,17.5,29.9149725
2,17,18.0,30.0339725
2,17,18.5,29.0592225
2,17,19.0,20.33325
2,17,19.5,18.88775
2,17,20.0,18.51675
2,17,20.5,16.8875
2,17,21.0,17.5805
2,17,21.5,15.701
2,17,22.0,16.5795
2,17,22.5,14.304499999999999
2,17,23.0,16.6425
2,17,23.5,14.276499999999999
2,18,0.0,13.030499999999998
2,18,0.5,15.47875
2,18,1.0,15.555750000000002
2,18,1.5,12.892249999999999
2,18,2.0,12.72075
2,18,2.5,11.906999999999998
2,18,3.0,12.215000000000002
2,18,3.5,9.911999999999999
2,18,4.0,10.78525
2,18,4.5,9.142
2,18,5.0,11.193
2,18,5.5,13.600999999999999
2,18,6.0,13.888
2,18,6.5,16.42025
2,18,7.0,15.158500000000002
2,18,7.5,17.501749999999998
2,18,8.0,15.168999999999999
2,18,8.5,16.9785
2,18,9.0,17.206
2,18,9.5,16.555
2,18,10.0,16.2855
2,18,10.5,16.1245
2,18,11.0,15.793750000000001
2,18,11.5,16.09825
2,18,12.0,16.64425
2,18,12.5,15.911
2,18,13.0,15.982750000000001
2,18,13.5,14.966000000000001
2,18,14.0,15.1655
2,18,14.5,15.1025
2,18,15.0,14.973
2,18,15.5,15.725499999999998
2,18,16.0,26.23075
2,18,16.5,27.492972499999997
2,18,17.0,27.8814725
2,18,17.5,29.487972499999998
2,18,18.0,29.6524725
2,18,18.5,28.8124725
2,18,19.0,19.18875
2,18,19.5,17.339000000000002
2,18,20.0,17.36
2,18,20.5,14.266
2,18,21.0,17.82725
2,18,21.5,14.740249999999998
2,18,22.0,16.205000000000002
2,18,22.5,14.045499999999999
2,18,23.0,16.166500000000003
2,18,23.5,12.705
2,19,0.0,12.46875
2,19,0.5,15.403500000000001
2,19,1.0,14.924
2,19,1.5,12.3725
2,19,2.0,13.006
2,19,2.5,11.6235
2,19,3.0,13.0025
2,19,3.5,11.4275
2,19,4.0,12.6175
2,19,4.5,12.18
2,19,5.0,12.775
2,19,5.5,14.6335
2,19,6.0,14.76825
2,19,6.5,16.128
2,19,7.0,15.386000000000001
2,19,7.5,16.996
2,19,8.0,16.044
2,19,8.5,17.696
2,19,9.0,18.108999999999998
2,19,9.5,18.357499999999998
2,19,10.0,18.04425
2,19,10.5,17.81325
2,19,11.0,17.36175
2,19,11.5,17.3075
2,19,12.0,16.675749999999997
2,19,12.5,16.13325
2,19,13.0,16.045749999999998
2,19,13.5,15.422749999999999
2,19,14.0,15.48925
2,19,14.5,15.28275
2,19,15.0,14.55825
2,19,15.5,15.476999999999999
2,19,16.0,26.432
2,19,16.5,27.9024725
2,19,17.0,27.8639725
2,19,17.5,29.1974725
2,19,18.0,29.029472499999997
2,19,18.5,28.2332225
2,19,19.0,19.94475
2,19,19.5,17.1185
2,19,20.0,17.402
2,19,20.5,16.388749999999998
2,19,21.0,17.3495
2,19,21.5,14.9555
2,19,22.0,15.14275
2,19,22.5,12.773249999999999
2,19,23.0,13.70075
2,19,23.5,10.9585
2,20,0.0,10.5105
2,20,0.5,12.8275
2,20,1.0,13.1775
2,20,1.5,10.255
2,20,2.0,10.6085
2,20,2.5,9.133249999999999
2,20,3.0,10.076500000000001
2,20,3.5,7.8260000000000005
2,20,4.0,8.9005
2,20,4.5,7.9905
2,20,5.0,9.54625
2,20,5.5,11.4765
2,20,6.0,11.606
2,20,6.5,13.6605
2,20,7.0,12.830999999999998
2,20,7.5,14.847
2,20,8.0,13.089999999999998
2,20,8.5,15.238999999999999
2,20,9.0,13.447000000000001
2,20,9.5,14.9275
2,20,10.0,15.314250000000001
2,20,10.5,15.883000000000001
2,20,11.0,15.456000000000001
2,20,11.5,15.526000000000002
2,20,12.0,16.099999999999998
2,20,12.5,15.82
2,20,13.0,16.10175
2,20,13.5,15.2355
2,20,14.0,15.20575
2,20,14.5,14.810250000000002
2,20,15.0,14.6825
2,20,15.5,15.695749999999999
2,20,16.0,25.97875
2,20,16.5,27.3039725
2,20,17.0,27.419472499999998
2,20,17.5,29.0119725
2,20,18.0,29.3724725
2,20,18.5,28.7949725
2,20,19.0,19.84325
2,20,19.5,18.40825
2,20,20.0,17.776500000000002
2,20,20.5,15.211
2,20,21.0,17.339000000000002
2,20,21.5,12.673499999999999
2,20,22.0,14.52675
2,20,22.5,9.549750000000001
2,20,23.0,14.350000000000001
2,20,23.5,10.6995
2,21,0.0,10.773000000000001
2,21,0.5,14.4795
2,21,1.0,12.6105
2,21,1.5,10.8815
2,21,2.0,10.598
2,21,2.5,9.292499999999999
2,21,3.0,10.912999999999998
2,21,3.5,8.14275
2,21,4.0,10.3985
2,21,4.5,9.499
2,21,5.0,10.716999999999999
2,21,5.5,13.706000000000001
2,21,6.0,15.085
2,21,6.5,16.861250000000002
2,21,7.0,14.304499999999999
2,21,7.5,17.82375
2,21,8.0,17.542
2,21,8.5,18.48175
2,21,9.0,18.12125
2,21,9.5,17.66625
2,21,10.0,17.41775
2,21,10.5,16.5165
2,21,11.0,15.967
2,21,11.5,15.41225
2,21,12.0,16.002
2,21,12.5,15.4735
2,21,13.0,16.00025
2,21,13.5,14.903
2,21,14.0,14.920499999999999
2,21,14.5,14.913499999999999
2,21,15.0,14.6755
2,21,15.5,15.673
2,21,16.0,26.1139725
2,21,16.5,27.6819725
2,21,17.0,28.007472499999995
2,21,17.5,29.682222499999998
2,21,18.0,30.058472499999997
2,21,18.5,29.109972499999998
2,21,19.0,20.21425
2,21,19.5,19.013749999999998
2,21,20.0,18.46775
2,21,20.5,16.758
2,21,21.0,17.54375
2,21,21.5,16.47275
2,21,22.0,15.77625
2,21,22.5,13.8005
2,21,23.0,15.51025
2,21,23.5,13.972000000000001
2,22,0.0,13.468000000000002
2,22,0.5,15.0535
2,22,1.0,15.239000000000003
2,22,1.5,14.0805
2,22,2.0,14.357
2,22,2.5,12.32875
2,22,3.0,14.2765
2,22,3.5,11.7565
2,22,4.0,13.258000000000001
2,22,4.5,12.5055
2,22,5.0,14.042
2,22,5.5,15.022
2,22,6.0,15.8375
2,22,6.5,16.76675
2,22,7.0,16.2085
2,22,7.5,19.122249999999998
2,22,8.0,17.82725
2,22,8.5,19.05925
2,22,9.0,19.062749999999998
2,22,9.5,18.77225
2,22,10.0,18.21925
2,22,10.5,17.633
2,22,11.0,16.7685
2,22,11.5,16.254
2,22,12.0,16.46925
2,22,12.5,15.853250000000001
2,22,13.0,16.268
2,22,13.5,14.4655
2,22,14.0,15.09375
2,22,14.5,15.057
2,22,15.0,15.039499999999999
2,22,15.5,16.407999999999998
2,22,16.0,26.3624725
2,22,16.5,28.066972500000002
2,22,17.0,28.506222499999996
2,22,17.5,30.0514725
2,22,18.0,30.296472499999997
2,22,18.5,29.340972500000003
2,22,19.0,20.20725
2,22,19.5,18.389
2,22,20.0,18.306749999999997
2,22,20.5,15.48925
2,22,21.0,17.779999999999998
2,22,21.5,15.977500000000001
2,22,22.0,16.21375
2,22,22.5,13.748
2,22,23.0,16.3555
2,22,23.5,13.951
2,23,0.0,13.79
2,23,0.5,15.75
2,23,1.0,14.9555
2,23,1.5,12.901000000000002
2,23,2.0,13.797000000000002
2,23,2.5,12.81
2,23,3.0,14.077
2,23,3.5,12.2395
2,23,4.0,14.0035
2,23,4.5,13.097
2,23,5.0,14.246749999999999
2,23,5.5,15.088500000000002
2,23,6.0,16.83675
2,23,6.5,17.410749999999997
2,23,7.0,16.54975
2,23,7.5,18.326472499999998
2,23,8.0,17.38975
2,23,8.5,18.733749999999997
2,23,9.0,18.72675
2,23,9.5,17.909499999999998
2,23,10.0,17.619
2,23,10.5,16.849
2,23,11.0,15.946
2,23,11.5,15.8865
2,23,12.0,15.918
2,23,12.5,15.814749999999998
2,23,13.0,15.984499999999999
2,23,13.5,15.0325
2,23,14.0,15.4945
2,23,14.5,15.459499999999998
2,23,15.0,14.7665
2,23,15.5,16.32225
2,23,16.0,26.463972499999997
2,23,16.5,27.4964725
2,23,17.0,27.9654725
2,23,17.5,28.969972499999997
2,23,18.0,29.6139725
2,23,18.5,29.004972499999997
2,23,19.0,20.6889725
2,23,19.5,18.730249999999998
2,23,20.0,18.53075
2,23,20.5,16.1665
2,23,21.0,18.27175
2,23,21.5,15.445500000000001
2,23,22.0,16.86825
2,23,22.5,14.0175
2,23,23.0,15.167250000000001
2,23,23.5,13.845999999999998
2,24,0.0,13.853
2,24,0.5,16.2225
2,24,1.0,15.5015
2,24,1.5,14.223999999999998
2,24,2.0,13.895000000000001
2,24,2.5,13.4225
2,24,3.0,13.7515
2,24,3.5,12.1905
2,24,4.0,13.3805
2,24,4.5,12.705
2,24,5.0,13.888
2,24,5.5,14.686
2,24,6.0,15.2355
2,24,6.5,17.29525
2,24,7.0,16.884
2,24,7.5,18.21925
2,24,8.0,17.50525
2,24,8.5,18.10025
2,24,9.0,17.97425
2,24,9.5,18.00575
2,24,10.0,17.865750000000002
2,24,10.5,17.2655
2,24,11.0,17.1815
2,24,11.5,17.22875
2,24,12.0,17.27075
2,24,12.5,16.982
2,24,13.0,17.28125
2,24,13.5,15.757
2,24,14.0,15.043
2,24,14.5,15.158499999999998
2,24,15.0,14.899500000000002
2,24,15.5,15.8305
2,24,16.0,26.4954725
2,24,16.5,27.611972499999997
2,24,17.0,27.9374725
2,24,17.5,30.138972499999998
2,24,18.0,30.5029725
2,24,18.5,29.725972499999997
2,24,19.0,20.58875
2,24,19.5,18.69175
2,24,20.0,18.34
2,24,20.5,17.10625
2,24,21.0,18.08275
2,24,21.5,16.464000000000002
2,24,22.0,16.64075
2,24,22.5,13.418999999999999
2,24,23.0,15.88825
2,24,23.5,15.34925
2,25,0.0,14.7385
2,25,0.5,16.85075
2,25,1.0,16.31175
2,25,1.5,14.497
2,25,2.0,14.962499999999999
2,25,2.5,13.956249999999999
2,25,3.0,14.1225
2,25,3.5,12.642000000000001
2,25,4.0,14.41825
2,25,4.5,13.676250000000001
2,25,5.0,15.247750000000002
2,25,5.5,15.77975
2,25,6.0,16.854249999999997
2,25,6.5,17.19725
2,25,7.0,16.99075
2,25,7.5,17.97075
2,25,8.0,17.38975
2,25,8.5,19.062749999999998
2,25,9.0,17.63475
2,25,9.5,17.70825
2,25,10.0,16.66175
2,25,10.5,16.48675
2,25,11.0,16.28375
2,25,11.5,16.46225
2,25,12.0,16.79475
2,25,12.5,17.14825
2,25,13.0,17.381
2,25,13.5,16.448249999999998
2,25,14.0,16.24175
2,25,14.5,16.21375
2,25,15.0,16.78775
2,25,15.5,16.84375
2,25,16.0,27.3459725
2,25,16.5,28.1719725
2,25,17.0,28.493972499999998
2,25,17.5,29.799472499999997
2,25,18.0,30.282472499999997
2,25,18.5,29.5509725
2,25,19.0,20.790472499999996
2,25,19.5,19.01725
2,25,20.0,18.90175
2,25,20.5,17.134249999999998
2,25,21.0,17.501749999999998
2,25,21.5,16.89275
2,25,22.0,17.113249999999997
2,25,22.5,15.118249999999998
2,25,23.0,16.772000000000002
2,25,23.5,16.119249999999997
2,26,0.0,15.6695
2,26,0.5,17.12025
2,26,1.0,16.994249999999997
2,26,1.5,15.97575
2,26,2.0,16.20325
2,26,2.5,15.3685
2,26,3.0,16.28375
2,26,3.5,14.791000000000002
2,26,4.0,15.65375
2,26,4.5,14.749
2,26,5.0,15.685249999999998
2,26,5.5,15.85675
2,26,6.0,16.58825
2,26,6.5,16.81225
2,26,7.0,16.9365
2,26,7.5,18.53075
2,26,8.0,17.81325
2,26,8.5,18.94025
2,26,9.0,18.327749999999998
2,26,9.5,17.76425
2,26,10.0,16.548
2,26,10.5,15.9775
2,26,11.0,15.463000000000001
2,26,11.5,15.722
2,26,12.0,15.841000000000001
2,26,12.5,15.554
2,26,13.0,16.2225
2,26,13.5,15.512
2,26,14.0,15.498
2,26,14.5,15.52075
2,26,15.0,14.787500000000001
2,26,15.5,15.751750000000001
2,26,16.0,26.344972499999997
2,26,16.5,27.8604725
2,26,17.0,28.4099725
2,26,17.5,30.208972499999998
2,26,18.0,30.6674725
2,26,18.5,29.8274725
2,26,19.0,21.1719725
2,26,19.5,18.6165
2,26,20.0,19.08725
2,26,20.5,15.568
2,26,21.0,17.84475
2,26,21.5,15.445500000000001
2,26,22.0,16.89625
2,26,22.5,13.412
2,26,23.0,16.21025
2,26,23.5,14.01225
2,27,0.0,13.779499999999999
2,27,0.5,16.01775
2,27,1.0,15.6415
2,27,1.5,14.028
2,27,2.0,14.9975
2,27,2.5,13.842500000000001
2,27,3.0,15.4525
2,27,3.5,13.6535
2,27,4.0,15.298499999999999
2,27,4.5,14.8155
2,27,5.0,15.6905
2,27,5.5,15.939
2,27,6.0,16.989
2,27,6.5,17.745
2,27,7.0,18.51675
2,27,7.5,20.265472499999998
2,27,8.0,19.397000000000002
2,27,8.5,19.99025
2,27,9.0,19.47575
2,27,9.5,18.98925
2,27,10.0,18.77575
2,27,10.5,17.87625
2,27,11.0,16.96975
2,27,11.5,16.73875
2,27,12.0,16.945249999999998
2,27,12.5,16.72125
2,27,13.0,16.78775
2,27,13.5,16.40625
2,27,14.0,16.3275
2,27,14.5,16.36775
2,27,15.0,16.513
2,27,15.5,15.963500000000002
2,27,16.0,26.6249725
2,27,16.5,28.213972499999997
2,27,17.0,28.2629725
2,27,17.5,30.313972499999995
2,27,18.0,31.1067225
2,27,18.5,30.7899725
2,27,19.0,21.2524725
2,27,19.5,20.01475
2,27,20.0,19.66475
2,27,20.5,17.869249999999997
2,27,21.0,18.97525
2,27,21.5,16.8805
2,27,22.0,17.47725
2,27,22.5,13.77075
2,27,23.0,16.00025
2,27,23.5,13.58
2,28,0.0,14.434
2,28,0.5,15.876
2,28,1.0,16.815749999999998
2,28,1.5,15.3825
2,28,2.0,16.1245
2,28,2.5,15.469999999999999
2,28,3.0,16.429
2,28,3.5,14.836500000000001
2,28,4.0,15.788499999999999
2,28,4.5,15.0535
2,28,5.0,16.53225
2,28,5.5,16.61975
2,28,6.0,17.0975
2,28,6.5,18.83525
2,28,7.0,18.47475
2,28,7.5,19.649472499999998
2,28,8.0,19.30775
2,28,8.5,19.4635
2,28,9.0,19.16075
2,28,9.5,18.19125
2,28,10.0,17.98825
2,28,10.5,17.172749999999997
2,28,11.0,17.14125
2,28,11.5,16.84375
2,28,12.0,17.57525
2,28,12.5,16.954
2,28,13.0,17.43875
2,28,13.5,16.19275
2,28,14.0,16.60925
2,28,14.5,16.38175
2,28,15.0,16.56375
2,28,15.5,17.23575
2,28,16.0,26.400972499999998
2,28,16.5,27.391472500000003
2,28,17.0,28.0809725
2,28,17.5,29.4844725
2,28,18.0,30.0479725
2,28,18.5,28.9472225
2,28,19.0,20.254972499999997
2,28,19.5,18.60425
2,28,20.0,18.52375
2,28,20.5,16.96275
2,28,21.0,18.257749999999998
2,28,21.5,16.4955
2,28,22.0,16.96625
2,28,22.5,13.7095
2,28,23.0,16.39225
2,28,23.5,15.45425
2,29,0.0,5.984999999999999
2,29,0.5,7.612500000000001
2,29,1.0,6.1530000000000005
2,29,1.5,4.7775
2,29,2.0,5.208
2,29,2.5,4.242
2,29,3.0,4.494
2,29,3.5,3.5805
2,29,4.0,4.9559999999999995
2,29,4.5,4.8825
2,29,5.0,5.607
2,29,5.5,6.048
2,29,6.0,7.308
2,29,6.5,8.022
2,29,7.0,7.3919999999999995
2,29,7.5,9.3135
2,29,8.0,9.975
2,29,8.5,10.657499999999999
2,29,9.0,11.129999999999999
2,29,9.5,11.2665
2,29,10.0,10.930499999999999
2,29,10.5,10.5315
2,29,11.0,10.3215
2,29,11.5,10.184999999999999
2,29,12.0,10.395
2,29,12.5,9.870000000000001
2,29,13.0,10.29
2,29,13.5,9.345
2,29,14.0,9.366
2,29,14.5,8.9355
2,29,15.0,9.5235
2,29,15.5,9.723
2,29,16.0,22.134
2,29,16.5,23.961
2,29,17.0,24.317999999999998
2,29,17.5,25.6725
2,29,18.0,26.439
2,29,18.5,26.564999999999998
2,29,19.0,12.915
2,29,19.5,11.8125
2,29,20.0,12.033
2,29,20.5,10.8885
2,29,21.0,11.466
2,29,21.5,9.969750000000001
2,29,22.0,9.9015
2,29,22.5,8.61
2,29,23.0,8.1165
2,29,23.5,7.5915
3,1,0.0,15.32475
3,1,0.5,16.308249999999997
3,1,1.0,16.108749999999997
3,1,1.5,15.307250000000002
3,1,2.0,15.356250000000001
3,1,2.5,14.83825
3,1,3.0,15.048250000000001
3,1,3.5,14.180250000000001
3,1,4.0,14.89425
3,1,4.5,14.610749999999998
3,1,5.0,15.678249999999998
3,1,5.5,16.01425
3,1,6.0,16.73175
3,1,6.5,17.77825
3,1,7.0,16.94875
3,1,7.5,19.0002225
3,1,8.0,18.15625
3,1,8.5,19.51425
3,1,9.0,18.842249999999996
3,1,9.5,18.48875
3,1,10.0,17.96025
3,1,10.5,17.12725
3,1,11.0,17.298750000000002
3,1,11.5,16.93825
3,1,12.0,17.14475
3,1,12.5,16.60925
3,1,13.0,17.074749999999998
3,1,13.5,16.42725
3,1,14.0,16.712500000000002
3,1,14.5,16.35725
3,1,15.0,16.57425
3,1,15.5,17.291749999999997
3,1,16.0,27.317972499999996
3,1,16.5,28.5359725
3,1,17.0,28.822972500000002
3,1,17.5,30.9807225
3,1,18.0,31.250222499999996
3,1,18.5,30.938722499999997
3,1,19.0,22.102972499999996
3,1,19.5,19.6315
3,1,20.0,19.71375
3,1,20.5,17.72575
3,1,21.0,18.8685
3,1,21.5,17.20075
3,1,22.0,17.62425
3,1,22.5,16.2365
3,1,23.0,17.143
3,1,23.5,16.70375
3,2,0.0,16.27675
3,2,0.5,17.60325
3,2,1.0,17.004749999999998
3,2,1.5,16.16125
3,2,2.0,16.65825
3,2,2.5,15.97225
3,2,3.0,16.43425
3,2,3.5,15.72375
3,2,4.0,16.259249999999998
3,2,4.5,15.676499999999999
3,2,5.0,16.686249999999998
3,2,5.5,17.44575
3,2,6.0,17.87275
3,2,6.5,17.773
3,2,7.0,19.20975
3,2,7.5,19.876972499999997
3,2,8.0,20.43125
3,2,8.5,21.007472500000002
3,2,9.0,20.9444725
3,2,9.5,20.3564725
3,2,10.0,18.884249999999998
3,2,10.5,18.247249999999998
3,2,11.0,17.65575
3,2,11.5,17.55075
3,2,12.0,17.59275
3,2,12.5,17.32675
3,2,13.0,17.879749999999998
3,2,13.5,17.12375
3,2,14.0,17.06075
3,2,14.5,16.448249999999998
3,2,15.0,16.637249999999998
3,2,15.5,17.57875
3,2,16.0,27.3704725
3,2,16.5,29.3514725
3,2,17.0,29.612222499999998
3,2,17.5,30.651722499999995
3,2,18.0,31.3657225
3,2,18.5,31.1067225
3,2,19.0,23.74925
3,2,19.5,19.39875
3,2,20.0,19.878249999999998
3,2,20.5,18.03025
3,2,21.0,18.991
3,2,21.5,17.43525
3,2,22.0,17.44575
3,2,22.5,16.11925
3,2,23.0,16.65125
3,2,23.5,16.13325
3,3,0.0,15.198749999999999
3,3,0.5,16.76325
3,3,1.0,16.61975
3,3,1.5,15.790249999999999
3,3,2.0,15.996749999999999
3,3,2.5,15.807749999999999
3,3,3.0,16.03175
3,3,3.5,15.35275
3,3,4.0,15.90225
3,3,4.5,15.15675
3,3,5.0,15.95125
3,3,5.5,16.92775
3,3,6.0,18.11775
3,3,6.5,19.0299725
3,3,7.0,18.15625
3,3,7.5,19.638972499999998
3,3,8.0,20.0834725
3,3,8.5,20.681972499999997
3,3,9.0,20.11275
3,3,9.5,19.89925
3,3,10.0,19.35325
3,3,10.5,19.346249999999998
3,3,11.0,18.9945
3,3,11.5,19.50375
3,3,12.0,20.01125
3,3,12.5,19.794249999999998
3,3,13.0,20.27025
3,3,13.5,18.63225
3,3,14.0,18.32425
3,3,14.5,17.83075
3,3,15.0,17.05025
3,3,15.5,17.78175
3,3,16.0,27.6854725
3,3,16.5,30.123222499999997
3,3,17.0,30.123222499999997
3,3,17.5,31.3797225
3,3,18.0,31.9572225
3,3,18.5,31.670222499999998
3,3,19.0,24.871
3,3,19.5,21.050749999999997
3,3,20.0,20.97375
3,3,20.5,18.114250000000002
3,3,21.0,19.734750000000002
3,3,21.5,17.34425
3,3,22.0,17.20775
3,3,22.5,15.988
3,3,23.0,16.826249999999998
3,3,23.5,16.28725
3,4,0.0,15.94075
3,4,0.5,17.47725
3,4,1.0,16.96275
3,4,1.5,16.31525
3,4,2.0,16.234750000000002
3,4,2.5,15.933749999999998
3,4,3.0,16.90675
3,4,3.5,15.77625
3,4,4.0,16.4325
3,4,4.5,15.70275
3,4,5.0,16.548
3,4,5.5,16.612750000000002
3,4,6.0,17.40025
3,4,6.5,17.928749999999997
3,4,7.0,18.12475
3,4,7.5,19.96575
3,4,8.0,18.61475
3,4,8.5,19.72425
3,4,9.0,19.41625
3,4,9.5,19.05225
3,4,10.0,17.94275
3,4,10.5,17.620749999999997
3,4,11.0,17.73275
3,4,11.5,16.96275
3,4,12.0,17.45625
3,4,12.5,17.14125
3,4,13.0,17.06425
3,4,13.5,16.64075
3,4,14.0,17.04325
3,4,14.5,16.82975
3,4,15.0,16.780749999999998
3,4,15.5,17.52975
3,4,16.0,27.4754725
3,4,16.5,28.8159725
3,4,17.0,29.498472500000002
3,4,17.5,31.237972499999998
3,4,18.0,32.676472499999996
3,4,18.5,31.5809725
3,4,19.0,22.368972499999998
3,4,19.5,19.65775
3,4,20.0,19.53525
3,4,20.5,18.18075
3,4,21.0,19.07325
3,4,21.5,16.95925
3,4,22.0,17.33375
3,4,22.5,15.870750000000001
3,4,23.0,16.27325
3,4,23.5,15.71675
3,5,0.0,15.47525
3,5,0.5,16.82975
3,5,1.0,16.726499999999998
3,5,1.5,15.89175
3,5,2.0,16.255750000000003
3,5,2.5,15.674750000000001
3,5,3.0,15.863749999999998
3,5,3.5,15.53125
3,5,4.0,16.03875
3,5,4.5,15.755249999999998
3,5,5.0,16.22775
3,5,5.5,16.43075
3,5,6.0,17.21125
3,5,6.5,17.312749999999998
3,5,7.0,17.372249999999998
3,5,7.5,18.98925
3,5,8.0,18.15625
3,5,8.5,18.5885
3,5,9.0,19.052249999999997
3,5,9.5,17.88325
3,5,10.0,17.12725
3,5,10.5,17.59975
3,5,11.0,17.099249999999998
3,5,11.5,17.45625
3,5,12.0,18.13525
3,5,12.5,18.21575
3,5,13.0,18.387249999999998
3,5,13.5,17.10975
3,5,14.0,17.169249999999998
3,5,14.5,17.16925
3,5,15.0,17.20775
3,5,15.5,17.23575
3,5,16.0,27.716972499999997
3,5,16.5,29.085472499999998
3,5,17.0,29.925472499999998
3,5,17.5,32.21622249999999
3,5,18.0,34.307472499999996
3,5,18.5,34.0939725
3,5,19.0,25.3719725
3,5,19.5,21.0875
3,5,20.0,20.66925
3,5,20.5,18.117749999999997
3,5,21.0,18.82125
3,5,21.5,17.31625
3,5,22.0,17.23925
3,5,22.5,16.59525
3,5,23.0,17.869249999999997
3,5,23.5,17.179750000000002
3,6,0.0,16.791249999999998
3,6,0.5,17.77475
3,6,1.0,17.39675
3,6,1.5,16.35375
3,6,2.0,16.696749999999998
3,6,2.5,16.25225
3,6,3.0,16.476249999999997
3,6,3.5,15.72375
3,6,4.0,16.476249999999997
3,6,4.5,15.933749999999998
3,6,5.0,17.26725
3,6,5.5,16.93825
3,6,6.0,18.71975
3,6,6.5,19.699749999999998
3,6,7.0,19.5934725
3,6,7.5,20.2094725
3,6,8.0,19.5409725
3,6,8.5,19.418472499999996
3,6,9.0,18.98925
3,6,9.5,18.86675
3,6,10.0,18.26125
3,6,10.5,17.962
3,6,11.0,17.75375
3,6,11.5,17.45625
3,6,12.0,17.96725
3,6,12.5,17.36175
3,6,13.0,17.78525
3,6,13.5,16.745749999999997
3,6,14.0,17.15525
3,6,14.5,17.00825
3,6,15.0,16.93125
3,6,15.5,17.57525
3,6,16.0,27.4474725
3,6,16.5,28.9804725
3,6,17.0,29.7714725
3,6,17.5,32.0167225
3,6,18.0,33.290722499999994
3,6,18.5,33.262722499999995
3,6,19.0,23.5725
3,6,19.5,20.63775
3,6,20.0,19.570249999999998
3,6,20.5,17.949749999999998
3,6,21.0,18.36275
3,6,21.5,17.10625
3,6,22.0,17.253249999999998
3,6,22.5,15.569749999999999
3,6,23.0,17.01875
3,6,23.5,16.33625
3,7,0.0,16.639
3,7,0.5,17.617250000000002
3,7,1.0,17.16225
3,7,1.5,16.60925
3,7,2.0,16.682750000000002
3,7,2.5,16.32225
3,7,3.0,16.4605
3,7,3.5,15.71675
3,7,4.0,16.10875
3,7,4.5,15.27925
3,7,5.0,16.367749999999997
3,7,5.5,16.33275
3,7,6.0,17.253249999999998
3,7,6.5,18.03375
3,7,7.0,18.21925
3,7,7.5,19.3589725
3,7,8.0,19.1874725
3,7,8.5,19.4482225
3,7,9.0,19.538749999999997
3,7,9.5,19.20625
3,7,10.0,18.424
3,7,10.5,18.044249999999998
3,7,11.0,17.431749999999997
3,7,11.5,17.43525
3,7,12.0,17.52975
3,7,12.5,17.20425
3,7,13.0,17.417749999999998
3,7,13.5,16.885749999999998
3,7,14.0,16.85075
3,7,14.5,16.5585
3,7,15.0,16.82975
3,7,15.5,17.491249999999997
3,7,16.0,27.552472500000004
3,7,16.5,29.085472499999998
3,7,17.0,29.4739725
3,7,17.5,30.676222499999998
3,7,18.0,30.844222499999997
3,7,18.5,30.7094725
3,7,19.0,22.0329725
3,7,19.5,20.4579725
3,7,20.0,19.99025
3,7,20.5,18.17375
3,7,21.0,18.635749999999998
3,7,21.5,16.80175
3,7,22.0,17.01875
3,7,22.5,15.7675
3,7,23.0,15.70975
3,7,23.5,15.181249999999999
3,8,0.0,14.9975
3,8,0.5,15.65025
3,8,1.0,15.793749999999998
3,8,1.5,14.72625
3,8,2.0,14.979999999999999
3,8,2.5,14.72275
3,8,3.0,15.04475
3,8,3.5,14.32725
3,8,4.0,15.27225
3,8,4.5,14.52675
3,8,5.0,15.77975
3,8,5.5,16.13325
3,8,6.0,17.46325
3,8,6.5,18.18075
3,8,7.0,17.87275
3,8,7.5,19.46875
3,8,8.0,18.59025
3,8,8.5,19.3935
3,8,9.0,18.901749999999996
3,8,9.5,18.761750000000003
3,8,10.0,17.87625
3,8,10.5,17.41075
3,8,11.0,17.123749999999998
3,8,11.5,16.756249999999998
3,8,12.0,17.12725
3,8,12.5,16.66175
3,8,13.0,16.86825
3,8,13.5,16.08425
3,8,14.0,16.38525
3,8,14.5,16.43075
3,8,15.0,16.079
3,8,15.5,16.493750000000002
3,8,16.0,26.813972500000002
3,8,16.5,28.353972499999998
3,8,17.0,28.226222500000002
3,8,17.5,30.098722499999997
3,8,18.0,30.984222499999998
3,8,18.5,30.973722499999997
3,8,19.0,23.34675
3,8,19.5,19.37775
3,8,20.0,18.76875
3,8,20.5,16.91375
3,8,21.0,17.759
3,8,21.5,16.63375
3,8,22.0,16.85775
3,8,22.5,14.581000000000001
3,8,23.0,15.489249999999998
3,8,23.5,14.334249999999999
3,9,0.0,14.323749999999999
3,9,0.5,15.67125
3,9,1.0,15.363249999999999
3,9,1.5,14.02275
3,9,2.0,14.694749999999999
3,9,2.5,14.323749999999999
3,9,3.0,14.4305
3,9,3.5,13.45575
3,9,4.0,14.057749999999999
3,9,4.5,13.767249999999999
3,9,5.0,15.296749999999998
3,9,5.5,15.807749999999999
3,9,6.0,16.03175
3,9,6.5,16.367749999999997
3,9,7.0,16.38175
3,9,7.5,18.18075
3,9,8.0,17.47375
3,9,8.5,18.25425
3,9,9.0,17.568250000000003
3,9,9.5,17.37925
3,9,10.0,16.53575
3,9,10.5,15.819999999999999
3,9,11.0,15.59775
3,9,11.5,15.45075
3,9,12.0,15.48225
3,9,12.5,14.95375
3,9,13.0,15.793750000000001
3,9,13.5,15.10075
3,9,14.0,15.198749999999999
3,9,14.5,15.07625
3,9,15.0,15.303749999999999
3,9,15.5,15.72375
3,9,16.0,26.722972499999997
3,9,16.5,27.5769725
3,9,17.0,27.832472499999998
3,9,17.5,29.340972500000003
3,9,18.0,29.890472499999998
3,9,18.5,29.6839725
3,9,19.0,18.800250000000002
3,9,19.5,17.113249999999997
3,9,20.0,17.48775
3,9,20.5,16.85775
3,9,21.0,17.64525
3,9,21.5,15.604750000000001
3,9,22.0,16.02125
3,9,22.5,14.190750000000001
3,9,23.0,15.59075
3,9,23.5,14.701749999999999
3,10,0.0,14.37975
3,10,0.5,15.65025
3,10,1.0,15.247749999999998
3,10,1.5,14.631750000000002
3,10,2.0,14.44625
3,10,2.5,14.28525
3,10,3.0,14.58625
3,10,3.5,13.819749999999999
3,10,4.0,14.189
3,10,4.5,13.93875
3,10,5.0,14.83825
3,10,5.5,14.95375
3,10,6.0,16.175250000000002
3,10,6.5,16.54625
3,10,7.0,16.17175
3,10,7.5,17.701249999999998
3,10,8.0,16.52875
3,10,8.5,17.84125
3,10,9.0,17.750249999999998
3,10,9.5,18.16325
3,10,10.0,17.79225
3,10,10.5,17.64525
3,10,11.0,17.372249999999998
3,10,11.5,17.19025
3,10,12.0,17.63475
3,10,12.5,16.84375
3,10,13.0,16.79125
3,10,13.5,16.045749999999998
3,10,14.0,15.874249999999998
3,10,14.5,15.82175
3,10,15.0,15.21275
3,10,15.5,16.023
3,10,16.0,26.39525
3,10,16.5,27.055472499999997
3,10,17.0,27.3284725
3,10,17.5,28.7949725
3,10,18.0,29.2499725
3,10,18.5,29.1729725
3,10,19.0,20.63775
3,10,19.5,19.03125
3,10,20.0,19.28675
3,10,20.5,17.22875
3,10,21.0,18.144000000000002
3,10,21.5,16.513
3,10,22.0,16.45875
3,10,22.5,14.80675
3,10,23.0,16.36075
3,10,23.5,14.943249999999999
3,11,0.0,14.98175
3,11,0.5,16.81925
3,11,1.0,15.70275
3,11,1.5,14.84175
3,11,2.0,14.918749999999998
3,11,2.5,14.287
3,11,3.0,14.749
3,11,3.5,11.112499999999999
3,11,4.0,12.691
3,11,4.5,11.915750000000001
3,11,5.0,15.15675
3,11,5.5,15.72375
3,11,6.0,16.97675
3,11,6.5,16.96275
3,11,7.0,17.07825
3,11,7.5,18.59025
3,11,8.0,18.00575
3,11,8.5,18.89475
3,11,9.0,18.84575
3,11,9.5,18.73025
3,11,10.0,18.306749999999997
3,11,10.5,17.96725
3,11,11.0,17.848249999999997
3,11,11.5,17.809749999999998
3,11,12.0,18.192999999999998
3,11,12.5,17.51925
3,11,13.0,17.52975
3,11,13.5,17.26025
3,11,14.0,16.87875
3,11,14.5,16.6005
3,11,15.0,16.548
3,11,15.5,17.109750000000002
3,11,16.0,27.2164725
3,11,16.5,28.0634725
3,11,17.0,28.056472499999998
3,11,17.5,29.5107225
3,11,18.0,30.3314725
3,11,18.5,30.1599725
3,11,19.0,20.46625
3,11,19.5,18.12475
3,11,20.0,18.068749999999998
3,11,20.5,16.53925
3,11,21.0,17.6995
3,11,21.5,16.73875
3,11,22.0,16.76675
3,11,22.5,15.26175
3,11,23.0,15.251249999999999
3,11,23.5,13.637749999999999
3,12,0.0,13.28075
3,12,0.5,14.51625
3,12,1.0,13.984249999999998
3,12,1.5,12.318249999999999
3,12,2.0,12.71725
3,12,2.5,12.03125
3,12,3.0,12.64725
3,12,3.5,11.56225
3,12,4.0,12.881749999999998
3,12,4.5,12.33225
3,12,5.0,14.01225
3,12,5.5,14.134749999999999
3,12,6.0,15.53825
3,12,6.5,16.308249999999997
3,12,7.0,14.59325
3,12,7.5,16.80525
3,12,8.0,15.485749999999998
3,12,8.5,17.49825
3,12,9.0,15.914499999999999
3,12,9.5,16.71075
3,12,10.0,15.930250000000001
3,12,10.5,16.65125
3,12,11.0,15.76925
3,12,11.5,16.238249999999997
3,12,12.0,16.626749999999998
3,12,12.5,16.675749999999997
3,12,13.0,16.989
3,12,13.5,16.24
3,12,14.0,16.0895
3,12,14.5,15.979249999999999
3,12,15.0,15.55925
3,12,15.5,16.84025
3,12,16.0,26.654722500000002
3,12,16.5,27.657472499999997
3,12,17.0,27.4019725
3,12,17.5,28.684722499999996
3,12,18.0,30.1599725
3,12,18.5,30.0444725
3,12,19.0,21.110249999999997
3,12,19.5,19.081999999999997
3,12,20.0,17.86225
3,12,20.5,16.72825
3,12,21.0,18.03025
3,12,21.5,16.2435
3,12,22.0,15.6485
3,12,22.5,12.530000000000001
3,12,23.0,15.02375
3,12,23.5,11.042499999999999
3,13,0.0,10.2935
3,13,0.5,13.884500000000001
3,13,1.0,13.083
3,13,1.5,8.2845
3,13,2.0,10.934
3,13,2.5,7.703500000000001
3,13,3.0,9.856
3,13,3.5,6.579999999999999
3,13,4.0,8.813
3,13,4.5,7.451499999999999
3,13,5.0,8.7605
3,13,5.5,11.8755
3,13,6.0,12.033
3,13,6.5,15.4945
3,13,7.0,13.664
3,13,7.5,16.135
3,13,8.0,15.287999999999998
3,13,8.5,18.06175
3,13,9.0,17.671499999999998
3,13,9.5,18.27875
3,13,10.0,17.865750000000002
3,13,10.5,17.4685
3,13,11.0,17.28125
3,13,11.5,17.26725
3,13,12.0,17.59275
3,13,12.5,17.120250000000002
3,13,13.0,17.16925
3,13,13.5,15.5925
3,13,14.0,15.757
3,13,14.5,15.34225
3,13,15.0,14.9975
3,13,15.5,15.89875
3,13,16.0,26.65425
3,13,16.5,27.911222499999997
3,13,17.0,28.0319725
3,13,17.5,29.8729725
3,13,18.0,31.5179725
3,13,18.5,31.729722499999998
3,13,19.0,21.50225
3,13,19.5,19.34975
3,13,20.0,18.35925
3,13,20.5,16.693250000000003
3,13,21.0,17.83775
3,13,21.5,16.07025
3,13,22.0,15.56275
3,13,22.5,14.00175
3,13,23.0,14.862749999999998
3,13,23.5,13.92125
3,14,0.0,13.888
3,14,0.5,15.506749999999998
3,14,1.0,16.22075
3,14,1.5,13.94225
3,14,2.0,13.34375
3,14,2.5,12.566749999999999
3,14,3.0,13.7305
3,14,3.5,12.02775
3,14,4.0,12.174749999999998
3,14,4.5,12.04175
3,14,5.0,12.90275
3,14,5.5,13.67975
3,14,6.0,15.695749999999999
3,14,6.5,17.039749999999998
3,14,7.0,16.22075
3,14,7.5,17.54375
3,14,8.0,17.806250000000002
3,14,8.5,18.43275
3,14,9.0,19.04525
3,14,9.5,18.65675
3,14,10.0,17.736250000000002
3,14,10.5,17.104499999999998
3,14,11.0,17.253249999999998
3,14,11.5,16.913749999999997
3,14,12.0,17.1255
3,14,12.5,17.00825
3,14,13.0,16.693250000000003
3,14,13.5,16.19625
3,14,14.0,16.189249999999998
3,14,14.5,15.63975
3,14,15.0,15.78675
3,14,15.5,16.57425
3,14,16.0,26.8804725
3,14,16.5,27.9234725
3,14,17.0,27.888472500000002
3,14,17.5,29.333972499999998
3,14,18.0,29.7872225
3,14,18.5,29.9289725
3,14,19.0,21.2524725
3,14,19.5,19.74175
3,14,20.0,19.3834725
3,14,20.5,17.53675
3,14,21.0,18.38025
3,14,21.5,16.80525
3,14,22.0,17.33025
3,14,22.5,15.02375
3,14,23.0,15.814749999999998
3,14,23.5,15.14275
3,15,0.0,15.044749999999999
3,15,0.5,16.672250000000002
3,15,1.0,16.40625
3,15,1.5,15.26175
3,15,2.0,15.59075
3,15,2.5,14.771749999999999
3,15,3.0,14.68425
3,15,3.5,13.89325
3,15,4.0,14.421749999999998
3,15,4.5,13.945749999999999
3,15,5.0,14.407749999999998
3,15,5.5,14.880249999999998
3,15,6.0,16.57075
3,15,6.5,16.070249999999998
3,15,7.0,16.78425
3,15,7.5,18.26475
3,15,8.0,17.76775
3,15,8.5,18.555249999999997
3,15,9.0,18.41525
3,15,9.5,17.72925
3,15,10.0,17.491249999999997
3,15,10.5,16.91375
3,15,11.0,16.53925
3,15,11.5,17.015249999999998
3,15,12.0,17.20775
3,15,12.5,17.00475
3,15,13.0,16.83675
3,15,13.5,16.16475
3,15,14.0,16.15075
3,15,14.5,15.863750000000001
3,15,15.0,15.552249999999999
3,15,15.5,16.297749999999997
3,15,16.0,27.0974725
3,15,16.5,27.6399725
3,15,17.0,27.807972499999995
3,15,17.5,29.7557225
3,15,18.0,30.679722499999997
3,15,18.5,31.2047225
3,15,19.0,23.53225
3,15,19.5,19.52475
3,15,20.0,19.867749999999997
3,15,20.5,18.24025
3,15,21.0,18.60075
3,15,21.5,16.97675
3,15,22.0,17.185
3,15,22.5,16.24
3,15,23.0,16.44475
3,15,23.5,15.78675
3,16,0.0,15.56275
3,16,0.5,16.94525
3,16,1.0,16.6495
3,16,1.5,15.85675
3,16,2.0,16.03875
3,16,2.5,15.45075
3,16,3.0,15.73775
3,16,3.5,15.01325
3,16,4.0,15.399999999999999
3,16,4.5,15.037749999999997
3,16,5.0,15.62225
3,16,5.5,16.24175
3,16,6.0,17.17625
3,16,6.5,17.39675
3,16,7.0,16.88925
3,16,7.5,18.21925
3,16,8.0,17.60675
3,16,8.5,18.52375
3,16,9.0,18.54825
3,16,9.5,18.33825
3,16,10.0,17.6365
3,16,10.5,17.47375
3,16,11.0,16.85775
3,16,11.5,16.77375
3,16,12.0,16.46225
3,16,12.5,16.27325
3,16,13.0,16.49375
3,16,13.5,15.63975
3,16,14.0,15.741249999999999
3,16,14.5,15.21975
3,16,15.0,15.268749999999999
3,16,15.5,15.8585
3,16,16.0,26.5829725
3,16,16.5,27.3179725
3,16,17.0,27.510472500000002
3,16,17.5,28.7739725
3,16,18.0,29.8834725
3,16,18.5,29.8414725
3,16,19.0,19.86425
3,16,19.5,18.45375
3,16,20.0,17.96025
3,16,20.5,16.44475
3,16,21.0,17.193749999999998
3,16,21.5,16.19275
3,16,22.0,16.26625
3,16,22.5,14.684249999999999
3,16,23.0,15.84975
3,16,23.5,15.128750000000002
3,17,0.0,14.701749999999999
3,17,0.5,16.78075
3,17,1.0,16.46225
3,17,1.5,15.03075
3,17,2.0,15.366750000000001
3,17,2.5,15.08325
3,17,3.0,15.27225
3,17,3.5,14.992249999999999
3,17,4.0,15.08675
3,17,4.5,14.796249999999999
3,17,5.0,15.688749999999999
3,17,5.5,15.419249999999998
3,17,6.0,16.15425
3,17,6.5,16.149
3,17,7.0,15.877749999999999
3,17,7.5,16.7895
3,17,8.0,16.59175
3,17,8.5,17.79225
3,17,9.0,18.13
3,17,9.5,17.773
3,17,10.0,17.90075
3,17,10.5,17.39675
3,17,11.0,16.826249999999998
3,17,11.5,16.744
3,17,12.0,16.864749999999997
3,17,12.5,16.25575
3,17,13.0,16.19625
3,17,13.5,15.463000000000001
3,17,14.0,15.14975
3,17,14.5,15.32475
3,17,15.0,15.246
3,17,15.5,15.804250000000001
3,17,16.0,26.729972500000002
3,17,16.5,27.7414725
3,17,17.0,27.9129725
3,17,17.5,29.2359725
3,17,18.0,30.0077225
3,17,18.5,30.313972499999995
3,17,19.0,21.69475
3,17,19.5,19.29375
3,17,20.0,18.75125
3,17,20.5,16.59175
3,17,21.0,17.51575
3,17,21.5,16.72475
3,17,22.0,16.77025
3,17,22.5,15.53475
3,17,23.0,16.367749999999997
3,17,23.5,15.64325
3,18,0.0,15.96175
3,18,0.5,17.58575
3,18,1.0,17.29875
3,18,1.5,16.119249999999997
3,18,2.0,16.43775
3,18,2.5,15.61175
3,18,3.0,15.47525
3,18,3.5,14.96775
3,18,4.0,15.177749999999998
3,18,4.5,14.96775
3,18,5.0,16.24875
3,18,5.5,16.54975
3,18,6.0,17.27775
3,18,6.5,17.610249999999997
3,18,7.0,17.02925
3,18,7.5,18.476499999999998
3,18,8.0,17.94625
3,18,8.5,18.54125
3,18,9.0,18.576249999999998
3,18,9.5,18.6235
3,18,10.0,18.16675
3,18,10.5,17.25675
3,18,11.0,17.06075
3,18,11.5,16.81225
3,18,12.0,17.02925
3,18,12.5,16.59875
3,18,13.0,16.45
3,18,13.5,15.827
3,18,14.0,16.02475
3,18,14.5,15.533
3,18,15.0,15.6975
3,18,15.5,15.78325
3,18,16.0,26.559749999999998
3,18,16.5,27.988222500000003
3,18,17.0,28.245472499999995
3,18,17.5,29.4267225
3,18,18.0,30.618472499999996
3,18,18.5,31.0489725
3,18,19.0,21.18025
3,18,19.5,19.262249999999998
3,18,20.0,18.10375
3,18,20.5,17.02575
3,18,21.0,17.023999999999997
3,18,21.5,16.41325
3,18,22.0,16.89975
3,18,22.5,14.999250000000002
3,18,23.0,16.32225
3,18,23.5,15.111249999999998
3,19,0.0,14.98525
3,19,0.5,16.129749999999998
3,19,1.0,16.41325
3,19,1.5,14.789250000000001
3,19,2.0,15.247749999999998
3,19,2.5,14.729750000000001
3,19,3.0,15.268749999999999
3,19,3.5,14.733249999999998
3,19,4.0,14.663249999999998
3,19,4.5,14.47075
3,19,5.0,14.1785
3,19,5.5,15.76225
3,19,6.0,16.81225
3,19,6.5,17.24975
3,19,7.0,15.57325
3,19,7.5,17.979499999999998
3,19,8.0,17.68725
3,19,8.5,18.744249999999997
3,19,9.0,18.26825
3,19,9.5,18.03375
3,19,10.0,18.494
3,19,10.5,17.668
3,19,11.0,17.946250000000003
3,19,11.5,18.203500000000002
3,19,12.0,17.1605
3,19,12.5,15.561
3,19,13.0,16.394000000000002
3,19,13.5,15.232
3,19,14.0,14.99575
3,19,14.5,14.661499999999998
3,19,15.0,15.253
3,19,15.5,16.812250000000002
3,19,16.0,27.312722500000003
3,19,16.5,29.1379725
3,19,17.0,29.739972499999997
3,19,17.5,31.1749725
3,19,18.0,33.1682225
3,19,18.5,34.218222499999996
3,19,19.0,24.29875
3,19,19.5,20.574749999999998
3,19,20.0,19.91325
3,19,20.5,17.55775
3,19,21.0,18.854499999999998
3,19,21.5,16.98375
3,19,22.0,17.26725
3,19,22.5,15.307249999999998
3,19,23.0,16.163
3,19,23.5,14.939749999999998
3,20,0.0,14.812
3,20,0.5,17.08
3,20,1.0,16.58475
3,20,1.5,15.421
3,20,2.0,15.337000000000002
3,20,2.5,14.640500000000001
3,20,3.0,15.043
3,20,3.5,13.7095
3,20,4.0,14.860999999999999
3,20,4.5,14.342999999999998
3,20,5.0,15.634500000000001
3,20,5.5,15.771
3,20,6.0,16.826249999999998
3,20,6.5,17.04325
3,20,7.0,14.829500000000001
3,20,7.5,18.6585
3,20,8.0,17.293499999999998
3,20,8.5,18.74775
3,20,9.0,18.70575
3,20,9.5,18.614749999999997
3,20,10.0,17.83425
3,20,10.5,17.50525
3,20,11.0,16.337999999999997
3,20,11.5,15.844500000000002
3,20,12.0,15.9705
3,20,12.5,15.704500000000001
3,20,13.0,15.88825
3,20,13.5,15.33175
3,20,14.0,15.65375
3,20,14.5,15.496249999999998
3,20,15.0,15.946
3,20,15.5,16.09125
3,20,16.0,26.7684725
3,20,16.5,27.4754725
3,20,17.0,28.3819725
3,20,17.5,29.8484725
3,20,18.0,30.541472499999998
3,20,18.5,31.535472499999997
3,20,19.0,20.96325
3,20,19.5,18.23675
3,20,20.0,18.45725
3,20,20.5,16.64075
3,20,21.0,17.68025
3,20,21.5,14.028
3,20,22.0,17.309250000000002
3,20,22.5,13.517000000000001
3,20,23.0,16.696749999999998
3,20,23.5,15.91975
3,21,0.0,15.499749999999999
3,21,0.5,16.842
3,21,1.0,16.66175
3,21,1.5,15.5715
3,21,2.0,15.7325
3,21,2.5,15.333499999999999
3,21,3.0,15.5435
3,21,3.5,14.693
3,21,4.0,15.14625
3,21,4.5,14.5775
3,21,5.0,15.734249999999998
3,21,5.5,16.378249999999998
3,21,6.0,16.75275
3,21,6.5,17.98125
3,21,7.0,16.735249999999997
3,21,7.5,18.23325
3,21,8.0,17.1675
3,21,8.5,17.36875
3,21,9.0,16.78775
3,21,9.5,16.318749999999998
3,21,10.0,15.916249999999998
3,21,10.5,15.4735
3,21,11.0,15.14975
3,21,11.5,14.979999999999999
3,21,12.0,14.90125
3,21,12.5,14.845249999999998
3,21,13.0,15.15325
3,21,13.5,14.174999999999999
3,21,14.0,14.624749999999999
3,21,14.5,14.189
3,21,15.0,14.46025
3,21,15.5,15.191749999999999
3,21,16.0,25.940250000000002
3,21,16.5,27.73925
3,21,17.0,28.00175
3,21,17.5,29.3549725
3,21,18.0,30.58125
3,21,18.5,31.118972499999998
3,21,19.0,20.48375
3,21,19.5,17.89725
3,21,20.0,17.77825
3,21,20.5,15.435
3,21,21.0,17.34425
3,21,21.5,15.39475
3,21,22.0,15.65025
3,21,22.5,13.2265
3,21,23.0,14.65275
3,21,23.5,12.88875
3,22,0.0,14.229249999999999
3,22,0.5,15.667749999999998
3,22,1.0,14.978249999999997
3,22,1.5,13.85825
3,22,2.0,13.96325
3,22,2.5,12.874749999999999
3,22,3.0,13.497750000000002
3,22,3.5,12.28325
3,22,4.0,12.86775
3,22,4.5,12.73475
3,22,5.0,13.43475
3,22,5.5,14.51625
3,22,6.0,15.20575
3,22,6.5,17.701249999999998
3,22,7.0,15.49975
3,22,7.5,17.36525
3,22,8.0,16.27675
3,22,8.5,16.16125
3,22,9.0,16.05275
3,22,9.5,15.209249999999999
3,22,10.0,14.97475
3,22,10.5,14.44975
3,22,11.0,13.957999999999998
3,22,11.5,13.824999999999998
3,22,12.0,14.89775
3,22,12.5,14.50925
3,22,13.0,15.08325
3,22,13.5,14.133000000000001
3,22,14.0,14.546
3,22,14.5,14.528500000000001
3,22,15.0,14.03325
3,22,15.5,15.562750000000001
3,22,16.0,26.12575
3,22,16.5,27.3074725
3,22,17.0,27.4299725
3,22,17.5,28.882472499999995
3,22,18.0,30.4434725
3,22,18.5,31.0034725
3,22,19.0,21.705249999999996
3,22,19.5,18.99975
3,22,20.0,18.26475
3,22,20.5,15.905749999999998
3,22,21.0,16.47275
3,22,21.5,15.128749999999998
3,22,22.0,16.12625
3,22,22.5,13.518749999999999
3,22,23.0,13.60275
3,22,23.5,11.658500000000002
3,23,0.0,12.234249999999998
3,23,0.5,13.732249999999999
3,23,1.0,12.76975
3,23,1.5,11.450249999999999
3,23,2.0,11.758249999999999
3,23,2.5,11.331249999999999
3,23,3.0,11.69
3,23,3.5,11.06875
3,23,4.0,11.51675
3,23,4.5,11.59375
3,23,5.0,11.95425
3,23,5.5,12.78375
3,23,6.0,13.36125
3,23,6.5,15.19525
3,23,7.0,14.334249999999999
3,23,7.5,15.98625
3,23,8.0,14.90125
3,23,8.5,15.177749999999998
3,23,9.0,14.558250000000001
3,23,9.5,13.690249999999999
3,23,10.0,13.57475
3,23,10.5,12.930750000000002
3,23,11.0,12.790750000000001
3,23,11.5,12.54925
3,23,12.0,13.15825
3,23,12.5,12.673499999999999
3,23,13.0,13.15825
3,23,13.5,12.2815
3,23,14.0,13.3455
3,23,14.5,12.971000000000002
3,23,15.0,11.738999999999999
3,23,15.5,13.52225
3,23,16.0,24.522750000000002
3,23,16.5,26.4149725
3,23,17.0,26.30425
3,23,17.5,28.1614725
3,23,18.0,28.199972499999998
3,23,18.5,28.9559725
3,23,19.0,19.41975
3,23,19.5,17.13075
3,23,20.0,16.8945
3,23,20.5,14.985249999999999
3,23,21.0,16.09125
3,23,21.5,14.273000000000001
3,23,22.0,15.46125
3,23,22.5,12.118749999999999
3,23,23.0,13.84775
3,23,23.5,12.50025
3,24,0.0,12.488
3,24,0.5,14.39725
3,24,1.0,13.52225
3,24,1.5,11.65675
3,24,2.0,11.632249999999999
3,24,2.5,10.942749999999998
3,24,3.0,11.14925
3,24,3.5,10.49825
3,24,4.0,11.263
3,24,4.5,11.05475
3,24,5.0,11.366249999999999
3,24,5.5,11.957749999999999
3,24,6.0,13.25625
3,24,6.5,15.30025
3,24,7.0,13.60275
3,24,7.5,15.14975
3,24,8.0,14.183749999999998
3,24,8.5,14.673749999999998
3,24,9.0,14.60375
3,24,9.5,14.44625
3,24,10.0,13.746249999999998
3,24,10.5,13.987749999999998
3,24,11.0,13.518749999999999
3,24,11.5,14.53725
3,24,12.0,15.356250000000001
3,24,12.5,15.240749999999998
3,24,13.0,15.23375
3,24,13.5,14.66325
3,24,14.0,14.63875
3,24,14.5,14.22225
3,24,15.0,14.243249999999998
3,24,15.5,14.930999999999997
3,24,16.0,25.98925
3,24,16.5,27.035749999999997
3,24,17.0,26.621
3,24,17.5,28.0774725
3,24,18.0,28.8579725
3,24,18.5,29.8519725
3,24,19.0,20.84425
3,24,19.5,18.37675
3,24,20.0,19.15375
3,24,20.5,16.22775
3,24,21.0,17.22525
3,24,21.5,15.66075
3,24,22.0,16.01775
3,24,22.5,13.40675
3,24,23.0,14.77875
3,24,23.5,12.671749999999998
3,25,0.0,13.05675
3,25,0.5,14.80325
3,25,1.0,14.97125
3,25,1.5,13.20375
3,25,2.0,12.88
3,25,2.5,11.83875
3,25,3.0,12.234250000000001
3,25,3.5,11.57625
3,25,4.0,11.79325
3,25,4.5,11.53075
3,25,5.0,12.26225
3,25,5.5,12.915
3,25,6.0,14.69825
3,25,6.5,15.835749999999999
3,25,7.0,13.78475
3,25,7.5,15.825249999999999
3,25,8.0,16.01775
3,25,8.5,16.58825
3,25,9.0,16.16825
3,25,9.5,15.784999999999998
3,25,10.0,15.366750000000001
3,25,10.5,15.27575
3,25,11.0,15.10075
3,25,11.5,15.545250000000001
3,25,12.0,16.4605
3,25,12.5,15.33875
3,25,13.0,15.84625
3,25,13.5,15.307250000000002
3,25,14.0,15.625749999999998
3,25,14.5,15.167250000000001
3,25,15.0,14.565249999999999
3,25,15.5,15.177749999999998
3,25,16.0,26.5265
3,25,16.5,27.6644725
3,25,17.0,28.32025
3,25,17.5,29.785472499999997
3,25,18.0,30.474972499999996
3,25,18.5,31.6229725
3,25,19.0,21.733249999999998
3,25,19.5,19.36375
3,25,20.0,19.23425
3,25,20.5,16.52525
3,25,21.0,16.72125
3,25,21.5,16.303
3,25,22.0,16.74225
3,25,22.5,14.88725
3,25,23.0,16.18575
3,25,23.5,15.90575
3,26,0.0,15.59775
3,26,0.5,16.31175
3,26,1.0,15.688749999999999
3,26,1.5,15.14625
3,26,2.0,15.447249999999999
3,26,2.5,14.750750000000002
3,26,3.0,14.60025
3,26,3.5,13.459249999999999
3,26,4.0,13.63425
3,26,4.5,13.265
3,26,5.0,13.96675
3,26,5.5,14.70525
3,26,6.0,14.84175
3,26,6.5,16.12275
3,26,7.0,15.33525
3,26,7.5,16.98725
3,26,8.0,17.71875
3,26,8.5,17.45975
3,26,9.0,17.94625
3,26,9.5,17.976
3,26,10.0,17.368750000000002
3,26,10.5,17.298750000000002
3,26,11.0,17.151749999999996
3,26,11.5,16.947
3,26,12.0,16.84375
3,26,12.5,16.59525
3,26,13.0,15.982750000000001
3,26,13.5,15.47875
3,26,14.0,15.132249999999999
3,26,14.5,15.058749999999998
3,26,15.0,17.015249999999998
3,26,15.5,17.6072225
3,26,16.0,26.05225
3,26,16.5,27.2444725
3,26,17.0,28.133472499999996
3,26,17.5,28.8789725
3,26,18.0,28.29925
3,26,18.5,29.41225
3,26,19.0,20.802249999999997
3,26,19.5,18.11075
3,26,20.0,18.28225
3,26,20.5,15.251249999999999
3,26,21.0,15.825249999999999
3,26,21.5,14.670250000000001
3,26,22.0,15.91275
3,26,22.5,14.91525
3,26,23.0,15.39475
3,26,23.5,14.096249999999998
3,27,0.0,14.272999999999998
3,27,0.5,15.30025
3,27,1.0,15.14275
3,27,1.5,14.28
3,27,2.0,14.232750000000001
3,27,2.5,13.62375
3,27,3.0,14.38675
3,27,3.5,13.802249999999999
3,27,4.0,15.07625
3,27,4.5,14.40075
3,27,5.0,15.3195
3,27,5.5,15.195250000000001
3,27,6.0,15.534749999999997
3,27,6.5,17.44575
3,27,7.0,16.91375
3,27,7.5,17.477249999999998
3,27,8.0,17.193749999999998
3,27,8.5,16.9785
3,27,9.0,16.84025
3,27,9.5,15.601249999999999
3,27,10.0,15.615250000000001
3,27,10.5,15.70975
3,27,11.0,15.860249999999999
3,27,11.5,15.83925
3,27,12.0,16.178749999999997
3,27,12.5,15.856749999999998
3,27,13.0,15.645000000000001
3,27,13.5,15.091999999999999
3,27,14.0,14.710500000000001
3,27,14.5,14.756
3,27,15.0,16.88925
3,27,15.5,17.699972499999998
3,27,16.0,26.390472499999998
3,27,16.5,27.016972499999998
3,27,17.0,27.478972499999998
3,27,17.5,29.0119725
3,27,18.0,28.964250000000003
3,27,18.5,29.95475
3,27,19.0,21.11725
3,27,19.5,18.72675
3,27,20.0,17.998749999999998
3,27,20.5,15.214500000000001
3,27,21.0,16.898
3,27,21.5,15.426250000000001
3,27,22.0,16.264499999999998
3,27,22.5,15.20575
3,27,23.0,16.71425
3,27,23.5,15.03075
3,28,0.0,14.425249999999998
3,28,0.5,15.814749999999998
3,28,1.0,15.06575
3,28,1.5,13.51
3,28,2.0,13.4855
3,28,2.5,12.25875
3,28,3.0,13.34375
3,28,3.5,12.27625
3,28,4.0,13.48025
3,28,4.5,13.004249999999999
3,28,5.0,14.40425
3,28,5.5,15.35975
3,28,6.0,14.642249999999999
3,28,6.5,17.20775
3,28,7.0,15.128749999999998
3,28,7.5,16.35025
3,28,8.0,15.50325
3,28,8.5,15.692250000000001
3,28,9.0,14.70525
3,28,9.5,14.44625
3,28,10.0,14.40775
3,28,10.5,14.621249999999998
3,28,11.0,14.70525
3,28,11.5,14.050749999999999
3,28,12.0,14.10675
3,28,12.5,13.12675
3,28,13.0,13.38575
3,28,13.5,12.881749999999998
3,28,14.0,12.649000000000001
3,28,14.5,13.021749999999999
3,28,15.0,17.610249999999997
3,28,15.5,18.4069725
3,28,16.0,26.078972499999995
3,28,16.5,26.5689725
3,28,17.0,26.960972499999997
3,28,17.5,27.9339725
3,28,18.0,25.922749999999997
3,28,18.5,26.27625
3,28,19.0,20.29825
3,28,19.5,17.68025
3,28,20.0,17.27775
3,28,20.5,15.07275
3,28,21.0,16.32225
3,28,21.5,14.180250000000001
3,28,22.0,15.44375
3,28,22.5,12.85375
3,28,23.0,13.70075
3,28,23.5,12.83625
3,29,0.0,12.649000000000001
3,29,0.5,14.04725
3,29,1.0,13.27375
3,29,1.5,12.745249999999999
3,29,2.0,12.84325
3,29,2.5,12.384749999999999
3,29,3.0,12.495
3,29,3.5,12.507249999999999
3,29,4.0,13.34025
3,29,4.5,14.07175
3,29,5.0,14.56525
3,29,5.5,16.745749999999997
3,29,6.0,15.191749999999999
3,29,6.5,17.90075
3,29,7.0,16.93825
3,29,7.5,17.29525
3,29,8.0,17.39325
3,29,8.5,16.89975
3,29,9.0,16.94175
3,29,9.5,16.09825
3,29,10.0,15.6975
3,29,10.5,15.529499999999999
3,29,11.0,15.356249999999998
3,29,11.5,15.05175
3,29,12.0,14.68775
3,29,12.5,13.51525
3,29,13.0,13.34725
3,29,13.5,12.93425
3,29,14.0,12.90275
3,29,14.5,13.497750000000002
3,29,15.0,20.32975
3,29,15.5,21.588472499999998
3,29,16.0,26.698472499999998
3,29,16.5,27.2199725
3,29,17.0,27.583972499999998
3,29,17.5,28.6759725
3,29,18.0,23.561999999999998
3,29,18.5,23.693250000000003
3,29,19.0,19.843249999999998
3,29,19.5,18.04775
3,29,20.0,18.684749999999998
3,29,20.5,16.44125
3,29,21.0,16.57425
3,29,21.5,14.582749999999999
3,29,22.0,15.825249999999999
3,29,22.5,13.931750000000001
3,29,23.0,14.70525
3,29,23.5,14.79275
3,30,0.0,14.87675
3,30,0.5,15.75175
3,30,1.0,15.40175
3,30,1.5,15.12525
3,30,2.0,14.999249999999998
3,30,2.5,14.3815
3,30,3.0,14.5075
3,30,3.5,14.39025
3,30,4.0,14.57575
3,30,4.5,15.21975
3,30,5.0,15.989749999999999
3,30,5.5,16.840249999999997
3,30,6.0,16.14725
3,30,6.5,18.058249999999997
3,30,7.0,17.890249999999998
3,30,7.5,17.89725
3,30,8.0,18.29975
3,30,8.5,17.9025
3,30,9.0,17.26725
3,30,9.5,16.437749999999998
3,30,10.0,16.227749999999997
3,30,10.5,15.982749999999998
3,30,11.0,15.674750000000001
3,30,11.5,15.25475
3,30,12.0,15.09025
3,30,12.5,14.44625
3,30,13.0,14.33075
3,30,13.5,14.27125
3,30,14.0,14.15225
3,30,14.5,14.754249999999999
3,30,15.0,21.08575
3,30,15.5,21.771749999999997
3,30,16.0,26.6459725
3,30,16.5,27.454472499999998
3,30,17.0,27.7939725
3,30,17.5,29.0084725
3,30,18.0,24.12725
3,30,18.5,24.33725
3,30,19.0,19.964
3,30,19.5,18.40475
3,30,20.0,18.317249999999998
3,30,20.5,17.03625
3,30,21.0,16.61975
3,30,21.5,15.31075
3,30,22.0,16.861250000000002
3,30,22.5,16.54625
3,30,23.0,16.157749999999997
3,30,23.5,15.83925
3,31,0.0,15.422749999999999
3,31,0.5,16.84375
3,31,1.0,16.76325
3,31,1.5,15.995
3,31,2.0,16.10175
3,31,2.5,15.24425
3,31,3.0,15.415749999999997
3,31,3.5,14.978250000000001
3,31,4.0,15.26525
3,31,4.5,14.98525
3,31,5.0,16.000249999999998
3,31,5.5,16.28025
3,31,6.0,15.615249999999998
3,31,6.5,17.587500000000002
3,31,7.0,16.68975
3,31,7.5,17.08875
3,31,8.0,17.47025
3,31,8.5,17.08525
3,31,9.0,16.73875
3,31,9.5,16.60925
3,31,10.0,16.19625
3,31,10.5,16.29775
3,31,11.0,16.4395
3,31,11.5,16.224249999999998
3,31,12.0,15.867249999999999
3,31,12.5,15.59775
3,31,13.0,14.91525
3,31,13.5,14.393749999999999
3,31,14.0,14.71225
3,31,14.5,15.076250000000002
3,31,15.0,25.84575
3,31,15.5,26.5409725
3,31,16.0,26.9889725
3,31,16.5,28.388972499999998
3,31,17.0,28.6339725
3,31,17.5,29.0469725
3,31,18.0,18.90875
3,31,18.5,18.39425
3,31,19.0,18.67775
3,31,19.5,16.35375
3,31,20.0,16.78775
3,31,20.5,15.60825
3,31,21.0,15.89875
3,31,21.5,14.358749999999999
3,31,22.0,15.83225
3,31,22.5,14.985249999999999
3,31,23.0,14.239749999999999
3,31,23.5,12.811749999999998
4,1,0.0,12.979749999999997
4,1,0.5,13.739249999999998
4,1,1.0,14.383249999999999
4,1,1.5,14.143499999999998
4,1,2.0,13.86175
4,1,2.5,13.805749999999998
4,1,3.0,13.95275
4,1,3.5,13.679749999999999
4,1,4.0,14.306249999999999
4,1,4.5,14.572249999999999
4,1,5.0,15.664250000000001
4,1,5.5,15.97925
4,1,6.0,15.83925
4,1,6.5,17.35475
4,1,7.0,17.442249999999998
4,1,7.5,17.342499999999998
4,1,8.0,18.038999999999998
4,1,8.5,17.65225
4,1,9.0,17.05375
4,1,9.5,16.81225
4,1,10.0,16.64075
4,1,10.5,16.904999999999998
4,1,11.0,16.78075
4,1,11.5,16.53225
4,1,12.0,15.475249999999997
4,1,12.5,14.64575
4,1,13.0,15.020249999999999
4,1,13.5,15.009749999999999
4,1,14.0,14.892499999999998
4,1,14.5,15.268749999999999
4,1,15.0,25.40825
4,1,15.5,26.40575
4,1,16.0,27.4474725
4,1,16.5,28.367972499999997
4,1,17.0,28.8474725
4,1,17.5,28.745972499999997
4,1,18.0,19.03475
4,1,18.5,19.18525
4,1,19.0,19.797749999999997
4,1,19.5,17.86225
4,1,20.0,17.550749999999997
4,1,20.5,16.47275
4,1,21.0,16.98725
4,1,21.5,15.82175
4,1,22.0,17.323249999999998
4,1,22.5,15.89875
4,1,23.0,15.107750000000001
4,1,23.5,14.698250000000002
4,2,0.0,15.226749999999997
4,2,0.5,16.224249999999998
4,2,1.0,15.996749999999999
4,2,1.5,15.59775
4,2,2.0,15.433250000000001
4,2,2.5,14.761249999999999
4,2,3.0,14.810250000000002
4,2,3.5,14.455
4,2,4.0,14.931
4,2,4.5,15.048249999999998
4,2,5.0,16.31175
4,2,5.5,15.53825
4,2,6.0,15.380749999999999
4,2,6.5,17.20425
4,2,7.0,18.10725
4,2,7.5,18.27525
4,2,8.0,18.32075
4,2,8.5,17.99875
4,2,9.0,17.650499999999997
4,2,9.5,17.928749999999997
4,2,10.0,17.00475
4,2,10.5,16.95225
4,2,11.0,16.875249999999998
4,2,11.5,16.33975
4,2,12.0,15.77975
4,2,12.5,15.191749999999999
4,2,13.0,15.08325
4,2,13.5,15.0465
4,2,14.0,14.658
4,2,14.5,15.058749999999998
4,2,15.0,25.940250000000002
4,2,15.5,26.908472500000002
4,2,16.0,27.611972499999997
4,2,16.5,28.3644725
4,2,17.0,28.7739725
4,2,17.5,28.724972499999996
4,2,18.0,19.66125
4,2,18.5,19.54225
4,2,19.0,19.79775
4,2,19.5,18.34175
4,2,20.0,17.701249999999998
4,2,20.5,15.981
4,2,21.0,16.37475
4,2,21.5,15.10425
4,2,22.0,16.96275
4,2,22.5,15.84275
4,2,23.0,15.429749999999999
4,2,23.5,14.93625
4,3,0.0,14.985249999999999
4,3,0.5,15.58375
4,3,1.0,15.37375
4,3,1.5,14.84525
4,3,2.0,14.915249999999999
4,3,2.5,14.46025
4,3,3.0,14.88725
4,3,3.5,14.264249999999999
4,3,4.0,15.89175
4,3,4.5,15.989749999999999
4,3,5.0,17.550749999999997
4,3,5.5,17.90775
4,3,6.0,16.96275
4,3,6.5,19.0404725
4,3,7.0,17.93575
4,3,7.5,17.96375
4,3,8.0,17.95325
4,3,8.5,16.885749999999998
4,3,9.0,16.415
4,3,9.5,16.129749999999998
4,3,10.0,15.867249999999999
4,3,10.5,15.94775
4,3,11.0,16.16475
4,3,11.5,15.51025
4,3,12.0,14.988750000000001
4,3,12.5,14.253749999999998
4,3,13.0,14.18025
4,3,13.5,13.83025
4,3,14.0,14.047249999999998
4,3,14.5,14.547749999999999
4,3,15.0,24.89725
4,3,15.5,26.757972499999997
4,3,16.0,27.2374725
4,3,16.5,28.598972500000002
4,3,17.0,28.9489725
4,3,17.5,29.3269725
4,3,18.0,20.24925
4,3,18.5,19.88175
4,3,19.0,19.79775
4,3,19.5,18.22625
4,3,20.0,18.38375
4,3,20.5,16.612750000000002
4,3,21.0,16.546249999999997
4,3,21.5,15.069249999999998
4,3,22.0,15.930250000000001
4,3,22.5,15.455999999999998
4,3,23.0,14.73675
4,3,23.5,13.7025
4,4,0.0,14.143500000000001
4,4,0.5,15.729000000000001
4,4,1.0,14.735
4,4,1.5,13.391
4,4,2.0,14.308
4,4,2.5,13.7025
4,4,3.0,14.3955
4,4,3.5,13.5905
4,4,4.0,15.0745
4,4,4.5,14.988750000000001
4,4,5.0,17.512249999999998
4,4,5.5,18.4769725
4,4,6.0,18.07225
4,4,6.5,19.7159725
4,4,7.0,19.03125
4,4,7.5,19.11525
4,4,8.0,18.16325
4,4,8.5,17.32675
4,4,9.0,16.47975
4,4,9.5,16.33275
4,4,10.0,16.164749999999998
4,4,10.5,16.84725
4,4,11.0,15.73075
4,4,11.5,15.26175
4,4,12.0,14.40425
4,4,12.5,13.546750000000001
4,4,13.0,13.490749999999998
4,4,13.5,12.860750000000001
4,4,14.0,13.35425
4,4,14.5,13.875749999999998
4,4,15.0,24.598
4,4,15.5,25.8969725
4,4,16.0,27.3249725
4,4,16.5,28.0739725
4,4,17.0,28.2839725
4,4,17.5,28.2804725
4,4,18.0,19.640249999999998
4,4,18.5,19.1975
4,4,19.0,18.61825
4,4,19.5,17.2515
4,4,20.0,17.48425
4,4,20.5,15.079749999999999
4,4,21.0,15.77625
4,4,21.5,12.8555
4,4,22.0,15.07275
4,4,22.5,13.02875
4,4,23.0,13.637749999999999
4,4,23.5,12.752249999999998
4,5,0.0,12.1975
4,5,0.5,12.881749999999998
4,5,1.0,12.34625
4,5,1.5,11.607750000000001
4,5,2.0,11.957749999999999
4,5,2.5,11.51675
4,5,3.0,12.58075
4,5,3.5,12.13275
4,5,4.0,13.22125
4,5,4.5,13.44525
4,5,5.0,13.935249999999998
4,5,5.5,16.29425
4,5,6.0,15.40175
4,5,6.5,17.8749725
4,5,7.0,15.982750000000001
4,5,7.5,16.756249999999998
4,5,8.0,15.97225
4,5,8.5,15.618749999999999
4,5,9.0,14.84875
4,5,9.5,14.495249999999999
4,5,10.0,14.334249999999999
4,5,10.5,14.34125
4,5,11.0,14.35
4,5,11.5,14.42525
4,5,12.0,12.755749999999999
4,5,12.5,11.774
4,5,13.0,11.210500000000001
4,5,13.5,11.270000000000001
4,5,14.0,11.991
4,5,14.5,12.692749999999998
4,5,15.0,23.954472499999998
4,5,15.5,25.382472499999995
4,5,16.0,26.1629725
4,5,16.5,26.9784725
4,5,17.0,27.3634725
4,5,17.5,27.9864725
4,5,18.0,19.5724725
4,5,18.5,18.91575
4,5,19.0,19.16425
4,5,19.5,17.97075
4,5,20.0,18.27875
4,5,20.5,16.28025
4,5,21.0,17.09925
4,5,21.5,14.2905
4,5,22.0,15.001
4,5,22.5,12.15375
4,5,23.0,13.286
4,5,23.5,11.634
4,6,0.0,11.32775
4,6,0.5,13.209000000000001
4,6,1.0,12.9185
4,6,1.5,11.301499999999999
4,6,2.0,12.2395
4,6,2.5,10.4405
4,6,3.0,11.8825
4,6,3.5,11.473
4,6,4.0,12.698
4,6,4.5,14.007
4,6,5.0,14.53025
4,6,5.5,15.489249999999998
4,6,6.0,13.79175
4,6,6.5,16.69675
4,6,7.0,15.664250000000001
4,6,7.5,16.49375
4,6,8.0,15.55925
4,6,8.5,15.001
4,6,9.0,14.750750000000002
4,6,9.5,13.826749999999999
4,6,10.0,13.746249999999998
4,6,10.5,13.09525
4,6,11.0,13.308749999999998
4,6,11.5,12.773249999999999
4,6,12.0,12.662999999999998
4,6,12.5,11.667250000000001
4,6,13.0,12.244749999999998
4,6,13.5,11.69525
4,6,14.0,12.44775
4,6,14.5,12.80825
4,6,15.0,23.24525
4,6,15.5,25.084972500000003
4,6,16.0,25.5994725
4,6,16.5,26.7142225
4,6,17.0,27.0974725
4,6,17.5,27.552472499999997
4,6,18.0,17.93575
4,6,18.5,17.92175
4,6,19.0,18.303250000000002
4,6,19.5,17.04675
4,6,20.0,17.143
4,6,20.5,14.873249999999999
4,6,21.0,15.258249999999999
4,6,21.5,12.873
4,6,22.0,15.807749999999999
4,6,22.5,14.028
4,6,23.0,13.5415
4,6,23.5,12.243
4,7,0.0,12.393500000000001
4,7,0.5,13.811
4,7,1.0,13.600999999999999
4,7,1.5,12.463499999999998
4,7,2.0,12.474000000000002
4,7,2.5,11.767000000000001
4,7,3.0,13.2545
4,7,3.5,12.3725
4,7,4.0,12.997250000000001
4,7,4.5,14.115499999999999
4,7,5.0,14.929249999999998
4,7,5.5,14.81725
4,7,6.0,15.177749999999998
4,7,6.5,16.70725
4,7,7.0,15.919749999999999
4,7,7.5,16.388749999999998
4,7,8.0,15.678249999999998
4,7,8.5,15.517249999999999
4,7,9.0,15.258249999999999
4,7,9.5,14.6475
4,7,10.0,14.355249999999998
4,7,10.5,14.03675
4,7,11.0,13.69375
4,7,11.5,13.53275
4,7,12.0,13.17575
4,7,12.5,12.27275
4,7,13.0,12.495
4,7,13.5,12.66825
4,7,14.0,12.158999999999999
4,7,14.5,12.83975
4,7,15.0,23.79825
4,7,15.5,25.152749999999997
4,7,16.0,26.020749999999996
4,7,16.5,27.2024725
4,7,17.0,27.9829725
4,7,17.5,28.4134725
4,7,18.0,19.21675
4,7,18.5,18.989250000000002
4,7,19.0,19.237750000000002
4,7,19.5,18.29975
4,7,20.0,18.21575
4,7,20.5,15.835749999999999
4,7,21.0,16.945249999999998
4,7,21.5,14.813749999999999
4,7,22.0,15.387749999999999
4,7,22.5,14.362250000000001
4,7,23.0,14.51625
4,7,23.5,13.65175
4,8,0.0,14.15925
4,8,0.5,15.01675
4,8,1.0,14.677249999999999
4,8,1.5,14.36925
4,8,2.0,14.358749999999999
4,8,2.5,13.71125
4,8,3.0,14.551250000000001
4,8,3.5,13.87225
4,8,4.0,15.72375
4,8,4.5,16.056250000000002
4,8,5.0,17.02225
4,8,5.5,17.58925
4,8,6.0,16.29775
4,8,6.5,19.062749999999998
4,8,7.0,17.64525
4,8,7.5,18.73025
4,8,8.0,17.63475
4,8,8.5,17.62075
4,8,9.0,17.04675
4,8,9.5,16.58825
4,8,10.0,16.59175
4,8,10.5,16.37125
4,8,11.0,16.14725
4,8,11.5,15.98625
4,8,12.0,15.926749999999998
4,8,12.5,14.810250000000002
4,8,13.0,15.706249999999999
4,8,13.5,15.15675
4,8,14.0,14.60375
4,8,14.5,14.96775
4,8,15.0,25.649749999999997
4,8,15.5,27.65875
4,8,16.0,27.991249999999997
4,8,16.5,29.2569725
4,8,17.0,29.8134725
4,8,17.5,29.876472500000002
4,8,18.0,19.640249999999998
4,8,18.5,19.381249999999998
4,8,19.0,18.98575
4,8,19.5,17.906
4,8,20.0,18.138749999999998
4,8,20.5,16.089499999999997
4,8,21.0,16.994249999999997
4,8,21.5,15.29325
4,8,22.0,16.71775
4,8,22.5,15.909249999999998
4,8,23.0,15.545250000000001
4,8,23.5,15.06575
4,9,0.0,14.798
4,9,0.5,15.82875
4,9,1.0,15.72375
4,9,1.5,14.890749999999999
4,9,2.0,15.155
4,9,2.5,14.21175
4,9,3.0,14.85575
4,9,3.5,14.15925
4,9,4.0,14.929249999999998
4,9,4.5,15.258249999999999
4,9,5.0,15.73075
4,9,5.5,16.756249999999998
4,9,6.0,15.74125
4,9,6.5,18.84225
4,9,7.0,17.03625
4,9,7.5,17.70475
4,9,8.0,17.372249999999998
4,9,8.5,17.358249999999998
4,9,9.0,17.178
4,9,9.5,16.28025
4,9,10.0,15.83925
4,9,10.5,15.59775
4,9,11.0,15.46825
4,9,11.5,13.77775
4,9,12.0,13.39625
4,9,12.5,11.97175
4,9,13.0,13.01825
4,9,13.5,12.104749999999997
4,9,14.0,12.68925
4,9,14.5,12.986749999999999
4,9,15.0,24.29525
4,9,15.5,26.54925
4,9,16.0,26.636750000000003
4,9,16.5,27.791749999999997
4,9,17.0,28.511472499999996
4,9,17.5,28.089250000000003
4,9,18.0,18.186
4,9,18.5,17.37575
4,9,19.0,18.57975
4,9,19.5,16.94525
4,9,20.0,17.37925
4,9,20.5,15.576749999999999
4,9,21.0,16.24875
4,9,21.5,13.64125
4,9,22.0,14.48475
4,9,22.5,12.90275
4,9,23.0,12.531749999999997
4,9,23.5,12.341
4,10,0.0,11.90175
4,10,0.5,13.30525
4,10,1.0,12.72775
4,10,1.5,12.573749999999999
4,10,2.0,13.03225
4,10,2.5,12.91325
4,10,3.0,13.53275
4,10,3.5,13.46275
4,10,4.0,14.12075
4,10,4.5,14.76825
4,10,5.0,15.41225
4,10,5.5,15.615249999999998
4,10,6.0,14.9625
4,10,6.5,17.304
4,10,7.0,15.58025
4,10,7.5,16.71775
4,10,8.0,16.4395
4,10,8.5,16.30125
4,10,9.0,15.69925
4,10,9.5,14.904749999999998
4,10,10.0,15.114749999999999
4,10,10.5,15.14275
4,10,11.0,14.80675
4,10,11.5,14.302749999999998
4,10,12.0,13.629
4,10,12.5,12.122250000000001
4,10,13.0,11.83875
4,10,13.5,11.709249999999999
4,10,14.0,12.26925
4,10,14.5,12.58075
4,10,15.0,23.752750000000002
4,10,15.5,25.52725
4,10,16.0,26.48975
4,10,16.5,28.169749999999997
4,10,17.0,29.134472499999998
4,10,17.5,29.1795
4,10,18.0,18.61475
4,10,18.5,18.19125
4,10,19.0,19.04875
4,10,19.5,17.63475
4,10,20.0,17.879749999999998
4,10,20.5,15.14625
4,10,21.0,14.085749999999999
4,10,21.5,11.59375
4,10,22.0,12.19225
4,10,22.5,10.44225
4,10,23.0,10.05025
4,10,23.5,9.36075
4,11,0.0,9.02475
4,11,0.5,10.85875
4,11,1.0,10.50875
4,11,1.5,9.37475
4,11,2.0,10.73625
4,11,2.5,9.927750000000001
4,11,3.0,10.914749999999998
4,11,3.5,10.39675
4,11,4.0,13.08825
4,11,4.5,13.658749999999998
4,11,5.0,14.49875
4,11,5.5,15.793750000000001
4,11,6.0,15.83225
4,11,6.5,17.94625
4,11,7.0,16.46225
4,11,7.5,17.06775
4,11,8.0,16.861250000000002
4,11,8.5,16.5585
4,11,9.0,16.42025
4,11,9.5,15.954749999999999
4,11,10.0,15.853249999999997
4,11,10.5,15.94775
4,11,11.0,16.42025
4,11,11.5,16.31175
4,11,12.0,16.25225
4,11,12.5,15.211
4,11,13.0,14.854
4,11,13.5,15.029000000000002
4,11,14.0,13.935250000000002
4,11,14.5,14.960749999999999
4,11,15.0,24.74325
4,11,15.5,26.997249999999998
4,11,16.0,27.98425
4,11,16.5,29.162472499999996
4,11,17.0,29.3129725
4,11,17.5,29.4354725
4,11,18.0,19.68225
4,11,18.5,19.300749999999997
4,11,19.0,19.37425
4,11,19.5,18.576249999999998
4,11,20.0,18.83175
4,11,20.5,16.471
4,11,21.0,17.242749999999997
4,11,21.5,13.391
4,11,22.0,15.33175
4,11,22.5,12.3095
4,11,23.0,13.1845
4,11,23.5,12.32
4,12,0.0,11.518500000000001
4,12,0.5,13.464500000000001
4,12,1.0,12.264000000000001
4,12,1.5,12.08725
4,12,2.0,11.987499999999999
4,12,2.5,11.627
4,12,3.0,12.911499999999998
4,12,3.5,12.47575
4,12,4.0,14.07175
4,12,4.5,15.107749999999998
4,12,5.0,16.079
4,12,5.5,18.014499999999998
4,12,6.0,16.646
4,12,6.5,19.08025
4,12,7.0,18.41525
4,12,7.5,18.69875
4,12,8.0,17.62425
4,12,8.5,17.01875
4,12,9.0,16.2015
4,12,9.5,15.6275
4,12,10.0,14.84525
4,12,10.5,14.90125
4,12,11.0,15.132249999999999
4,12,11.5,14.680749999999998
4,12,12.0,14.15575
4,12,12.5,12.87825
4,12,13.0,13.007750000000001
4,12,13.5,12.97275
4,12,14.0,12.80825
4,12,14.5,13.45225
4,12,15.0,24.0555
4,12,15.5,26.5339725
4,12,16.0,26.4915
4,12,16.5,28.4204725
4,12,17.0,28.8142225
4,12,17.5,28.8352225
4,12,18.0,18.641000000000002
4,12,18.5,17.655749999999998
4,12,19.0,18.873749999999998
4,12,19.5,17.17625
4,12,20.0,18.03725
4,12,20.5,14.7245
4,12,21.0,15.058750000000002
4,12,21.5,12.015500000000001
4,12,22.0,15.48225
4,12,22.5,12.822249999999999
4,12,23.0,12.3515
4,12,23.5,12.165999999999999
4,13,0.0,11.7915
4,13,0.5,12.4425
4,13,1.0,11.528999999999998
4,13,1.5,10.923499999999999
4,13,2.0,11.7005
4,13,2.5,11.10375
4,13,3.0,12.116999999999999
4,13,3.5,11.7635
4,13,4.0,13.59225
4,13,4.5,13.676249999999998
4,13,5.0,14.89775
4,13,5.5,15.58725
4,13,6.0,16.68275
4,13,6.5,19.7155
4,13,7.0,18.31025
4,13,7.5,18.490499999999997
4,13,8.0,16.85425
4,13,8.5,15.814749999999998
4,13,9.0,15.646749999999999
4,13,9.5,14.316749999999999
4,13,10.0,14.21875
4,13,10.5,13.71475
4,13,11.0,14.03675
4,13,11.5,13.25275
4,13,12.0,13.518749999999999
4,13,12.5,12.0925
4,13,13.0,12.432
4,13,13.5,12.292
4,13,14.0,13.503
4,13,14.5,14.992249999999999
4,13,15.0,25.26125
4,13,15.5,26.557999999999996
4,13,16.0,26.8892225
4,13,16.5,27.655722499999996
4,13,17.0,28.2507225
4,13,17.5,28.453722499999998
4,13,18.0,21.685999999999996
4,13,18.5,21.595
4,13,19.0,21.349999999999998
4,13,19.5,21.077
4,13,20.0,21.43925
4,13,20.5,17.33025
4,13,21.0,17.40725
4,13,21.5,14.826
4,13,22.0,15.93025
4,13,22.5,13.728749999999998
4,13,23.0,13.71125
4,13,23.5,13.390999999999998
4,14,0.0,13.1215
4,14,0.5,14.28175
4,14,1.0,13.685
4,14,1.5,13.328000000000001
4,14,2.0,13.725249999999997
4,14,2.5,13.321
4,14,3.0,14.3255
4,14,3.5,13.394499999999999
4,14,4.0,15.16025
4,14,4.5,15.427999999999999
4,14,5.0,16.32225
4,14,5.5,17.53325
4,14,6.0,16.04925
4,14,6.5,19.14675
4,14,7.0,18.07575
4,14,7.5,17.89725
4,14,8.0,17.20775
4,14,8.5,16.168249999999997
4,14,9.0,15.930250000000001
4,14,9.5,15.21975
4,14,10.0,15.42275
4,14,10.5,15.16025
4,14,11.0,15.737749999999998
4,14,11.5,15.29325
4,14,12.0,14.670250000000001
4,14,12.5,12.866
4,14,13.0,13.371749999999999
4,14,13.5,13.32275
4,14,14.0,13.021749999999999
4,14,14.5,14.10675
4,14,15.0,25.40825
4,14,15.5,27.951472499999998
4,14,16.0,28.803722500000003
4,14,16.5,29.3357225
4,14,17.0,30.1057225
4,14,17.5,30.1652225
4,14,18.0,23.355499999999996
4,14,18.5,22.62575
4,14,19.0,23.1945
4,14,19.5,20.92475
4,14,20.0,20.35425
4,14,20.5,16.83675
4,14,21.0,16.09475
4,14,21.5,13.914250000000001
4,14,22.0,14.96775
4,14,22.5,13.408500000000002
4,14,23.0,13.7235
4,14,23.5,12.862499999999999
4,15,0.0,12.6455
4,15,0.5,13.674500000000002
4,15,1.0,13.12325
4,15,1.5,12.4495
4,15,2.0,13.149500000000002
4,15,2.5,12.18
4,15,3.0,12.999
4,15,3.5,12.6175
4,15,4.0,13.268500000000001
4,15,4.5,14.005249999999998
4,15,5.0,14.28
4,15,5.5,16.41675
4,15,6.0,16.2715
4,15,6.5,19.23425
4,15,7.0,17.36525
4,15,7.5,18.02325
4,15,8.0,17.20775
4,15,8.5,16.674
4,15,9.0,16.443
4,15,9.5,14.721000000000002
4,15,10.0,14.5005
4,15,10.5,13.3525
4,15,11.0,13.741
4,15,11.5,12.4425
4,15,12.0,13.524000000000001
4,15,12.5,11.850999999999999
4,15,13.0,12.554499999999999
4,15,13.5,12.054
4,15,14.0,11.515
4,15,14.5,12.950000000000001
4,15,15.0,24.26725
4,15,15.5,26.21675
4,15,16.0,26.258750000000003
4,15,16.5,28.392472499999997
4,15,17.0,28.586249999999996
4,15,17.5,28.9524725
4,15,18.0,18.80725
4,15,18.5,18.424
4,15,19.0,18.740750000000002
4,15,19.5,17.949749999999998
4,15,20.0,18.33475
4,15,20.5,15.018500000000001
4,15,21.0,16.38175
4,15,21.5,12.362
4,15,22.0,14.253749999999998
4,15,22.5,12.92725
4,15,23.0,12.655999999999999
4,15,23.5,11.8055
4,16,0.0,12.095999999999998
4,16,0.5,12.3305
4,16,1.0,12.463500000000002
4,16,1.5,11.8825
4,16,2.0,12.333999999999998
4,16,2.5,12.085500000000001
4,16,3.0,12.785499999999999
4,16,3.5,12.255249999999998
4,16,4.0,12.6875
4,16,4.5,13.944
4,16,5.0,14.860999999999999
4,16,5.5,17.367
4,16,6.0,15.344
4,16,6.5,18.40475
4,16,7.0,16.31
4,16,7.5,17.587500000000002
4,16,8.0,15.823500000000001
4,16,8.5,15.869
4,16,9.0,15.162
4,16,9.5,13.482
4,16,10.0,13.8005
4,16,10.5,14.164499999999999
4,16,11.0,14.455
4,16,11.5,12.6385
4,16,12.0,12.11
4,16,12.5,9.978499999999999
4,16,13.0,9.814
4,16,13.5,10.162249999999998
4,16,14.0,11.151000000000002
4,16,14.5,11.857999999999999
4,16,15.0,25.005750000000003
4,16,15.5,27.4089725
4,16,16.0,27.987750000000002
4,16,16.5,29.2534725
4,16,17.0,29.104722499999998
4,16,17.5,29.7452225
4,16,18.0,19.351499999999998
4,16,18.5,19.194
4,16,19.0,19.53
4,16,19.5,18.6305
4,16,20.0,19.4845
4,16,20.5,15.86725
4,16,21.0,16.632
4,16,21.5,14.1925
4,16,22.0,15.267000000000001
4,16,22.5,14.5565
4,16,23.0,14.661500000000002
4,16,23.5,12.9745
4,17,0.0,12.3515
4,17,0.5,14.2065
4,17,1.0,13.636000000000001
4,17,1.5,12.2325
4,17,2.0,13.7095
4,17,2.5,11.896499999999998
4,17,3.0,13.328000000000001
4,17,3.5,12.516
4,17,4.0,13.615
4,17,4.5,14.777000000000001
4,17,5.0,16.044
4,17,5.5,18.3002225
4,17,6.0,15.2565
4,17,6.5,19.6214725
4,17,7.0,15.7395
4,17,7.5,18.242
4,17,8.0,14.938
4,17,8.5,15.658999999999999
4,17,9.0,13.600999999999999
4,17,9.5,12.7155
4,17,10.0,12.9395
4,17,10.5,11.6725
4,17,11.0,11.6235
4,17,11.5,10.9795
4,17,12.0,11.9525
4,17,12.5,9.539250000000001
4,17,13.0,10.734499999999999
4,17,13.5,10.2445
4,17,14.0,9.0055
4,17,14.5,11.592
4,17,15.0,22.953
4,17,15.5,27.18275
4,17,16.0,27.272000000000002
4,17,16.5,28.4694725
4,17,17.0,29.022472499999996
4,17,17.5,29.368972499999998
4,17,18.0,19.351499999999998
4,17,18.5,18.7075
4,17,19.0,19.4845
4,17,19.5,18.179
4,17,20.0,18.627
4,17,20.5,13.448749999999999
4,17,21.0,16.072
4,17,21.5,11.588500000000002
4,17,22.0,14.836500000000001
4,17,22.5,12.6805
4,17,23.0,12.558
4,17,23.5,11.976999999999999
4,18,0.0,11.3575
4,18,0.5,13.3805
4,18,1.0,13.006
4,18,1.5,11.966500000000002
4,18,2.0,12.673499999999999
4,18,2.5,12.022499999999999
4,18,3.0,13.1775
4,18,3.5,12.74
4,18,4.0,14.216999999999999
4,18,4.5,14.434
4,18,5.0,14.469
4,18,5.5,17.262
4,18,6.0,16.8175
4,18,6.5,19.89575
4,18,7.0,17.1955
4,18,7.5,18.123
4,18,8.0,16.59
4,18,8.5,15.692250000000001
4,18,9.0,15.9495
4,18,9.5,15.5225
4,18,10.0,15.676499999999999
4,18,10.5,14.910000000000002
4,18,11.0,15.015
4,18,11.5,14.3465
4,18,12.0,14.238
4,18,12.5,11.4415
4,18,13.0,12.173
4,18,13.5,11.5045
4,18,14.0,11.823
4,18,14.5,13.0725
4,18,15.0,25.613
4,18,15.5,27.15825
4,18,16.0,27.57825
4,18,16.5,28.651472499999997
4,18,17.0,29.242972499999997
4,18,17.5,29.1764725
4,18,18.0,19.948249999999998
4,18,18.5,19.73125
4,18,19.0,19.894000000000002
4,18,19.5,19.04525
4,18,20.0,19.370749999999997
4,18,20.5,15.9495
4,18,21.0,16.60925
4,18,21.5,14.21
4,18,22.0,15.94775
4,18,22.5,13.6745
4,18,23.0,14.6895
4,18,23.5,13.433
4,19,0.0,12.5615
4,19,0.5,13.979
4,19,1.0,13.545
4,19,1.5,12.495
4,19,2.0,12.8555
4,19,2.5,12.662999999999998
4,19,3.0,13.149499999999998
4,19,3.5,12.649000000000001
4,19,4.0,14.554749999999999
4,19,4.5,14.666749999999999
4,19,5.0,15.09375
4,19,5.5,18.107249999999997
4,19,6.0,16.148999999999997
4,19,6.5,19.797749999999997
4,19,7.0,18.26475
4,19,7.5,18.177249999999997
4,19,8.0,17.72225
4,19,8.5,16.164749999999998
4,19,9.0,16.09475
4,19,9.5,15.137500000000001
4,19,10.0,14.89425
4,19,10.5,15.134
4,19,11.0,14.7945
4,19,11.5,14.14
4,19,12.0,13.772499999999999
4,19,12.5,12.13275
4,19,13.0,12.866
4,19,13.5,11.816
4,19,14.0,11.714500000000001
4,19,14.5,13.45575
4,19,15.0,24.290000000000003
4,19,15.5,26.993750000000002
4,19,16.0,26.03825
4,19,16.5,27.634249999999998
4,19,17.0,28.630472499999996
4,19,17.5,29.42975
4,19,18.0,19.619249999999997
4,19,18.5,19.62625
4,19,19.0,19.43375
4,19,19.5,18.892999999999997
4,19,20.0,19.48625
4,19,20.5,15.82
4,19,21.0,17.30575
4,19,21.5,13.895000000000001
4,19,22.0,15.68
4,19,22.5,15.084999999999999
4,19,23.0,14.518
4,19,23.5,13.6185
4,20,0.0,13.586999999999998
4,20,0.5,14.591500000000002
4,20,1.0,14.083999999999998
4,20,1.5,13.657000000000002
4,20,2.0,14.0035
4,20,2.5,13.639499999999998
4,20,3.0,14.5775
4,20,3.5,14.54425
4,20,4.0,15.8515
4,20,4.5,15.806
4,20,5.0,16.3905
4,20,5.5,18.26475
4,20,6.0,17.49475
4,20,6.5,19.32525
4,20,7.0,18.52025
4,20,7.5,18.226249999999997
4,20,8.0,17.809749999999998
4,20,8.5,16.408
4,20,9.0,15.337000000000002
4,20,9.5,14.840000000000002
4,20,10.0,14.413000000000002
4,20,10.5,14.085749999999999
4,20,11.0,14.045500000000002
4,20,11.5,12.778500000000001
4,20,12.0,12.985
4,20,12.5,11.809
4,20,13.0,11.774000000000001
4,20,13.5,11.4345
4,20,14.0,11.3435
4,20,14.5,12.512500000000001
4,20,15.0,24.48075
4,20,15.5,25.67425
4,20,16.0,27.219972499999997
4,20,16.5,28.3382225
4,20,17.0,28.9017225
4,20,17.5,29.5159725
4,20,18.0,19.76275
4,20,18.5,19.605249999999998
4,20,19.0,19.874750000000002
4,20,19.5,19.56675
4,20,20.0,19.78725
4,20,20.5,16.0335
4,20,21.0,16.89625
4,20,21.5,14.273000000000001
4,20,22.0,17.024
4,20,22.5,15.33
4,20,23.0,14.521500000000001
4,20,23.5,13.4715
4,21,0.0,13.139000000000001
4,21,0.5,14.96775
4,21,1.0,13.86
4,21,1.5,13.195
4,21,2.0,13.4365
4,21,2.5,12.908000000000001
4,21,3.0,13.881
4,21,3.5,13.156500000000001
4,21,4.0,14.119
4,21,4.5,14.759500000000001
4,21,5.0,14.188999999999998
4,21,5.5,16.90675
4,21,6.0,15.253
4,21,6.5,17.444
4,21,7.0,16.98375
4,21,7.5,17.00825
4,21,8.0,16.492
4,21,8.5,15.793750000000001
4,21,9.0,14.948500000000001
4,21,9.5,14.4165
4,21,10.0,13.719999999999999
4,21,10.5,13.972
4,21,11.0,14.0
4,21,11.5,13.389249999999999
4,21,12.0,13.776000000000002
4,21,12.5,12.393500000000001
4,21,13.0,12.0505
4,21,13.5,11.438
4,21,14.0,11.4275
4,21,14.5,12.3725
4,21,15.0,24.66275
4,21,15.5,26.42675
4,21,16.0,26.934250000000002
4,21,16.5,28.638749999999998
4,21,17.0,28.612972499999998
4,21,17.5,29.123972499999997
4,21,18.0,18.97875
4,21,18.5,18.97175
4,21,19.0,19.59125
4,21,19.5,18.880750000000003
4,21,20.0,19.56325
4,21,20.5,16.569
4,21,21.0,17.2655
4,21,21.5,14.2205
4,21,22.0,15.9285
4,21,22.5,15.45075
4,21,23.0,15.51025
4,21,23.5,14.112
4,22,0.0,13.748
4,22,0.5,15.625750000000002
4,22,1.0,14.73675
4,22,1.5,13.895000000000001
4,22,2.0,14.542499999999999
4,22,2.5,13.831999999999999
4,22,3.0,14.801499999999999
4,22,3.5,14.360500000000002
4,22,4.0,15.161999999999999
4,22,4.5,15.4
4,22,5.0,15.7185
4,22,5.5,17.9305
4,22,6.0,17.1745
4,22,6.5,19.14325
4,22,7.0,17.46675
4,22,7.5,17.958499999999997
4,22,8.0,17.598
4,22,8.5,16.2085
4,22,9.0,16.303
4,22,9.5,15.5505
4,22,10.0,14.756
4,22,10.5,14.39025
4,22,11.0,14.238
4,22,11.5,13.251
4,22,12.0,12.936
4,22,12.5,12.1625
4,22,13.0,12.32
4,22,13.5,11.844
4,22,14.0,11.8615
4,22,14.5,12.5755
4,22,15.0,25.25075
4,22,15.5,27.076472499999998
4,22,16.0,27.65525
4,22,16.5,28.6164725
4,22,17.0,28.955972499999998
4,22,17.5,29.2254725
4,22,18.0,19.69275
4,22,18.5,19.138
4,22,19.0,19.11
4,22,19.5,18.27
4,22,20.0,18.90875
4,22,20.5,15.1725
4,22,21.0,15.631
4,22,21.5,13.6815
4,22,22.0,15.498
4,22,22.5,15.813000000000002
4,22,23.0,15.0045
4,22,23.5,14.833
4,23,0.0,14.049
4,23,0.5,15.084999999999999
4,23,1.0,14.0875
4,23,1.5,13.517000000000001
4,23,2.0,13.4855
4,23,2.5,13.3805
4,23,3.0,13.530999999999999
4,23,3.5,13.076
4,23,4.0,14.504
4,23,4.5,14.896
4,23,5.0,15.8865
4,23,5.5,16.9925
4,23,6.0,14.91525
4,23,6.5,18.221
4,23,7.0,17.8255
4,23,7.5,18.665499999999998
4,23,8.0,17.318
4,23,8.5,17.262
4,23,9.0,16.425500000000003
4,23,9.5,15.666000000000002
4,23,10.0,15.638
4,23,10.5,15.946
4,23,11.0,15.52775
4,23,11.5,13.8915
4,23,12.0,14.650999999999998
4,23,12.5,12.901000000000002
4,23,13.0,12.775
4,23,13.5,12.6805
4,23,14.0,12.892249999999999
4,23,14.5,13.9895
4,23,15.0,25.53075
4,23,15.5,26.139750000000003
4,23,16.0,27.235249999999997
4,23,16.5,28.2839725
4,23,17.0,29.0784725
4,23,17.5,29.300250000000002
4,23,18.0,18.892999999999997
4,23,18.5,18.277
4,23,19.0,19.1695
4,23,19.5,18.203500000000002
4,23,20.0,19.50375
4,23,20.5,14.56
4,23,21.0,16.093
4,23,21.5,13.898499999999999
4,23,22.0,14.591500000000002
4,23,22.5,14.0875
4,23,23.0,14.220500000000001
4,23,23.5,12.943
4,24,0.0,12.701500000000001
4,24,0.5,13.576500000000001
4,24,1.0,13.027000000000001
4,24,1.5,11.9525
4,24,2.0,12.621
4,24,2.5,11.368
4,24,3.0,12.901000000000002
4,24,3.5,12.446
4,24,4.0,13.769
4,24,4.5,13.685
4,24,5.0,14.609
4,24,5.5,15.701
4,24,6.0,15.207500000000001
4,24,6.5,18.406499999999998
4,24,7.0,17.99175
4,24,7.5,19.03125
4,24,8.0,17.22
4,24,8.5,17.241
4,24,9.0,16.044
4,24,9.5,15.0815
4,24,10.0,14.591499999999998
4,24,10.5,14.1225
4,24,11.0,14.203000000000001
4,24,11.5,13.779499999999999
4,24,12.0,13.80225
4,24,12.5,12.54575
4,24,13.0,12.9885
4,24,13.5,12.5475
4,24,14.0,12.7365
4,24,14.5,14.077
4,24,15.0,25.502750000000002
4,24,15.5,26.38825
4,24,16.0,27.11975
4,24,16.5,28.1789725
4,24,17.0,28.3154725
4,24,17.5,28.9139725
4,24,18.0,19.1065
4,24,18.5,18.788
4,24,19.0,19.34275
4,24,19.5,19.13975
4,24,20.0,19.3585
4,24,20.5,16.169999999999998
4,24,21.0,16.952250000000003
4,24,21.5,14.180250000000001
4,24,22.0,16.91025
4,24,22.5,15.26
4,24,23.0,15.081499999999998
4,24,23.5,14.371
4,25,0.0,13.9965
4,25,0.5,15.0535
4,25,1.0,14.552999999999999
4,25,1.5,14.14
4,25,2.0,14.189
4,25,2.5,13.627250000000002
4,25,3.0,14.378
4,25,3.5,13.985999999999999
4,25,4.0,15.993249999999998
4,25,4.5,15.309
4,25,5.0,16.9435
4,25,5.5,17.84825
4,25,6.0,16.735249999999997
4,25,6.5,18.562250000000002
4,25,7.0,18.00575
4,25,7.5,18.43625
4,25,8.0,17.50525
4,25,8.5,16.871750000000002
4,25,9.0,16.51475
4,25,9.5,16.02475
4,25,10.0,16.05625
4,25,10.5,16.3765
4,25,11.0,16.25575
4,25,11.5,15.784999999999998
4,25,12.0,15.4385
4,25,12.5,14.280000000000001
4,25,13.0,14.378
4,25,13.5,14.119
4,25,14.0,13.600999999999999
4,25,14.5,15.0605
4,25,15.0,26.05225
4,25,15.5,27.0449725
4,25,16.0,27.8814725
4,25,16.5,28.465972499999996
4,25,17.0,29.1974725
4,25,17.5,29.382972499999997
4,25,18.0,20.06725
4,25,18.5,19.83275
4,25,19.0,20.22475
4,25,19.5,19.68225
4,25,20.0,19.70325
4,25,20.5,17.03625
4,25,21.0,17.49475
4,25,21.5,13.9825
4,25,22.0,16.8455
4,25,22.5,14.035000000000002
4,25,23.0,14.740250000000001
4,25,23.5,13.8495
4,26,0.0,13.993
4,26,0.5,15.743
4,26,1.0,15.3685
4,26,1.5,14.4655
4,26,2.0,14.994
4,26,2.5,14.1505
4,26,3.0,14.731499999999999
4,26,3.5,14.1295
4,26,4.0,13.546750000000001
4,26,4.5,13.79
4,26,5.0,16.01775
4,26,5.5,18.565749999999998
4,26,6.0,17.48425
4,26,6.5,19.98675
4,26,7.0,19.74875
4,26,7.5,19.44425
4,26,8.0,19.237750000000002
4,26,8.5,18.565749999999998
4,26,9.0,17.74325
4,26,9.5,16.47275
4,26,10.0,16.85075
4,26,10.5,16.765
4,26,11.0,16.471
4,26,11.5,15.6975
4,26,12.0,15.566250000000002
4,26,12.5,14.896
4,26,13.0,15.064
4,26,13.5,14.833
4,26,14.0,13.627249999999998
4,26,14.5,15.5785
4,26,15.0,26.20975
4,26,15.5,27.8674725
4,26,16.0,27.811472499999997
4,26,16.5,28.8159725
4,26,17.0,29.2184725
4,26,17.5,29.459972500000003
4,26,18.0,20.39625
4,26,18.5,19.81175
4,26,19.0,20.00075
4,26,19.5,19.24825
4,26,20.0,20.046249999999997
4,26,20.5,17.33375
4,26,21.0,16.92775
4,26,21.5,14.1785
4,26,22.0,15.9985
4,26,22.5,13.97725
4,26,23.0,13.8775
4,26,23.5,12.97625
4,27,0.0,12.9255
4,27,0.5,14.434
4,27,1.0,14.2415
4,27,1.5,12.985
4,27,2.0,13.527500000000002
4,27,2.5,12.859
4,27,3.0,13.8705
4,27,3.5,13.272
4,27,4.0,14.049
4,27,4.5,14.39725
4,27,5.0,16.008999999999997
4,27,5.5,17.98125
4,27,6.0,16.37125
4,27,6.5,18.387249999999998
4,27,7.0,17.428250000000002
4,27,7.5,17.65225
4,27,8.0,17.54375
4,27,8.5,17.253249999999998
4,27,9.0,16.93125
4,27,9.5,16.41325
4,27,10.0,16.70025
4,27,10.5,16.53225
4,27,11.0,16.483249999999998
4,27,11.5,16.169999999999998
4,27,12.0,16.00725
4,27,12.5,15.134
4,27,13.0,14.78225
4,27,13.5,14.178500000000001
4,27,14.0,13.6185
4,27,14.5,14.83475
4,27,15.0,25.41525
4,27,15.5,27.140749999999997
4,27,16.0,27.39625
4,27,16.5,28.8789725
4,27,17.0,29.050472499999998
4,27,17.5,28.638749999999998
4,27,18.0,18.78275
4,27,18.5,17.77825
4,27,19.0,17.72225
4,27,19.5,16.98025
4,27,20.0,17.63475
4,27,20.5,16.02475
4,27,21.0,16.56375
4,27,21.5,15.295
4,27,22.0,16.037
4,27,22.5,14.9975
4,27,23.0,14.979999999999999
4,27,23.5,13.8495
4,28,0.0,13.9475
4,28,0.5,15.071
4,28,1.0,14.3745
4,28,1.5,13.835500000000001
4,28,2.0,13.842500000000001
4,28,2.5,13.009500000000001
4,28,3.0,13.240499999999999
4,28,3.5,12.778500000000001
4,28,4.0,13.956249999999999
4,28,4.5,14.4585
4,28,5.0,15.32125
4,28,5.5,16.79825
4,28,6.0,15.04125
4,28,6.5,17.5
4,28,7.0,16.95925
4,28,7.5,17.32675
4,28,8.0,17.73275
4,28,8.5,17.879749999999998
4,28,9.0,17.38625
4,28,9.5,17.417749999999998
4,28,10.0,17.62775
4,28,10.5,17.52975
4,28,11.0,17.76425
4,28,11.5,17.0975
4,28,12.0,16.82975
4,28,12.5,15.582
4,28,13.0,15.40175
4,28,13.5,14.598500000000001
4,28,14.0,14.14
4,28,14.5,15.303749999999999
4,28,15.0,25.91225
4,28,15.5,27.71475
4,28,16.0,28.21875
4,28,16.5,29.05525
4,28,17.0,29.02025
4,28,17.5,29.1729725
4,28,18.0,19.41275
4,28,18.5,18.7705
4,28,19.0,18.849249999999998
4,28,19.5,18.43975
4,28,20.0,19.062749999999998
4,28,20.5,16.78775
4,28,21.0,17.099249999999998
4,28,21.5,14.475999999999999
4,28,22.0,17.13075
4,28,22.5,15.088500000000002
4,28,23.0,15.032499999999999
4,28,23.5,14.3885
4,29,0.0,14.5565
4,29,0.5,15.92675
4,29,1.0,15.8165
4,29,1.5,14.335999999999999
4,29,2.0,15.4735
4,29,2.5,14.5145
4,29,3.0,15.19
4,29,3.5,14.805
4,29,4.0,14.4865
4,29,4.5,15.512
4,29,5.0,16.77725
4,29,5.5,18.236749999999997
4,29,6.0,16.96275
4,29,6.5,19.38475
4,29,7.0,18.04075
4,29,7.5,18.387249999999998
4,29,8.0,18.01975
4,29,8.5,17.53675
4,29,9.0,17.29175
4,29,9.5,16.56375
4,29,10.0,15.986249999999998
4,29,10.5,15.970500000000001
4,29,11.0,16.12275
4,29,11.5,15.344
4,29,12.0,15.414
4,29,12.5,13.7935
4,29,13.0,14.4095
4,29,13.5,13.677999999999999
4,29,14.0,13.6745
4,29,14.5,14.60025
4,29,15.0,25.709249999999997
4,29,15.5,27.21775
4,29,16.0,27.29125
4,29,16.5,28.61075
4,29,17.0,29.261750000000003
4,29,17.5,29.6944725
4,29,18.0,19.13975
4,29,18.5,18.54125
4,29,19.0,18.65325
4,29,19.5,18.33825
4,29,20.0,18.71625
4,29,20.5,16.16475
4,29,21.0,16.73175
4,29,21.5,14.966
4,29,22.0,15.937249999999999
4,29,22.5,15.1235
4,29,23.0,14.07
4,29,23.5,13.156500000000001
4,30,0.0,13.359499999999999
4,30,0.5,13.937
4,30,1.0,13.8985
4,30,1.5,13.237
4,30,2.0,13.051499999999999
4,30,2.5,12.558
4,30,3.0,13.377
4,30,3.5,13.02875
4,30,4.0,13.7725
4,30,4.5,13.9965
4,30,5.0,13.818
4,30,5.5,15.7465
4,30,6.0,16.065
4,30,6.5,17.83425
4,30,7.0,17.2865
4,30,7.5,17.171000000000003
4,30,8.0,16.303
4,30,8.5,16.0195
4,30,9.0,15.606499999999999
4,30,9.5,14.25025
4,30,10.0,14.6895
4,30,10.5,14.913499999999999
4,30,11.0,15.077999999999998
4,30,11.5,13.503
4,30,12.0,13.975499999999998
4,30,12.5,12.554499999999999
4,30,13.0,12.0435
4,30,13.5,12.344500000000002
4,30,14.0,11.89125
4,30,14.5,13.1425
4,30,15.0,25.7075
4,30,15.5,28.20475
4,30,16.0,28.400750000000002
4,30,16.5,29.280999999999995
4,30,17.0,29.6367225
4,30,17.5,29.645
4,30,18.0,20.09525
4,30,18.5,19.45825
4,30,19.0,19.992
4,30,19.5,18.851
4,30,20.0,19.640249999999998
4,30,20.5,15.238999999999999
4,30,21.0,16.436
4,30,21.5,13.100499999999998
4,30,22.0,14.042
4,30,22.5,12.509
4,30,23.0,13.1215
4,30,23.5,11.6655
5,1,0.0,11.914
5,1,0.5,13.363
5,1,1.0,12.9955
5,1,1.5,12.022499999999999
5,1,2.0,12.124
5,1,2.5,11.469500000000002
5,1,3.0,11.907000000000002
5,1,3.5,11.38375
5,1,4.0,11.609499999999999
5,1,4.5,12.201
5,1,5.0,12.022499999999999
5,1,5.5,13.160000000000002
5,1,6.0,12.7295
5,1,6.5,15.96175
5,1,7.0,15.148000000000001
5,1,7.5,16.4395
5,1,8.0,15.68
5,1,8.5,16.9995
5,1,9.0,16.5935
5,1,9.5,16.373
5,1,10.0,15.113
5,1,10.5,15.498
5,1,11.0,15.204
5,1,11.5,14.70525
5,1,12.0,14.511000000000001
5,1,12.5,12.165999999999999
5,1,13.0,13.195
5,1,13.5,12.656
5,1,14.0,12.432
5,1,14.5,14.59675
5,1,15.0,25.29975
5,1,15.5,27.23875
5,1,16.0,27.515249999999998
5,1,16.5,28.60375
5,1,17.0,28.69475
5,1,17.5,28.58975
5,1,18.0,19.1345
5,1,18.5,18.635749999999998
5,1,19.0,18.59025
5,1,19.5,18.303250000000002
5,1,20.0,18.64275
5,1,20.5,16.8735
5,1,21.0,17.07825
5,1,21.5,13.6045
5,1,22.0,16.03
5,1,22.5,13.790000000000001
5,1,23.0,13.387500000000001
5,1,23.5,12.502
5,2,0.0,12.701500000000001
5,2,0.5,13.030499999999998
5,2,1.0,12.6
5,2,1.5,12.215000000000002
5,2,2.0,12.061
5,2,2.5,11.528999999999998
5,2,3.0,11.927999999999999
5,2,3.5,11.515
5,2,4.0,12.582500000000001
5,2,4.5,12.628
5,2,5.0,13.0865
5,2,5.5,15.2355
5,2,6.0,14.2415
5,2,6.5,16.8595
5,2,7.0,16.7755
5,2,7.5,17.746750000000002
5,2,8.0,17.703
5,2,8.5,17.452749999999998
5,2,9.0,16.5585
5,2,9.5,16.513
5,2,10.0,16.66
5,2,10.5,16.38
5,2,11.0,16.8385
5,2,11.5,16.50425
5,2,12.0,15.82175
5,2,12.5,14.6965
5,2,13.0,14.4305
5,2,13.5,14.224000000000002
5,2,14.0,13.856499999999999
5,2,14.5,14.687750000000001
5,2,15.0,25.859750000000002
5,2,15.5,27.18275
5,2,16.0,27.79525
5,2,16.5,28.7389725
5,2,17.0,29.0154725
5,2,17.5,29.1064725
5,2,18.0,19.34625
5,2,18.5,19.237750000000002
5,2,19.0,19.16775
5,2,19.5,18.929750000000002
5,2,20.0,19.864250000000002
5,2,20.5,17.172749999999997
5,2,21.0,16.989
5,2,21.5,13.345500000000001
5,2,22.0,16.1665
5,2,22.5,15.0465
5,2,23.0,15.032499999999999
5,2,23.5,13.167
5,3,0.0,13.5205
5,3,0.5,14.245
5,3,1.0,13.653500000000001
5,3,1.5,13.132
5,3,2.0,13.411999999999999
5,3,2.5,12.729500000000002
5,3,3.0,13.0445
5,3,3.5,13.0025
5,3,4.0,13.405000000000001
5,3,4.5,13.888
5,3,5.0,14.787500000000001
5,3,5.5,17.323249999999998
5,3,6.0,16.038749999999997
5,3,6.5,18.79675
5,3,7.0,17.97425
5,3,7.5,17.35475
5,3,8.0,17.682
5,3,8.5,17.31975
5,3,9.0,16.96625
5,3,9.5,17.07825
5,3,10.0,16.81225
5,3,10.5,16.88225
5,3,11.0,16.91725
5,3,11.5,16.65475
5,3,12.0,15.863750000000001
5,3,12.5,14.843499999999999
5,3,13.0,14.77525
5,3,13.5,14.60025
5,3,14.0,14.063
5,3,14.5,14.83475
5,3,15.0,25.227999999999998
5,3,15.5,26.68575
5,3,16.0,27.39625
5,3,16.5,28.15225
5,3,17.0,28.84175
5,3,17.5,28.943250000000003
5,3,18.0,18.47475
5,3,18.5,17.83775
5,3,19.0,18.32075
5,3,19.5,17.68375
5,3,20.0,17.73275
5,3,20.5,15.665999999999999
5,3,21.0,16.259249999999998
5,3,21.5,13.055
5,3,22.0,14.882
5,3,22.5,13.7445
5,3,23.0,13.118
5,3,23.5,11.4065
5,4,0.0,12.022499999999999
5,4,0.5,12.376
5,4,1.0,11.280500000000002
5,4,1.5,10.7765
5,4,2.0,11.025
5,4,2.5,10.6855
5,4,3.0,11.3085
5,4,3.5,10.549
5,4,4.0,10.9935
5,4,4.5,11.7495
5,4,5.0,14.164499999999999
5,4,5.5,16.79125
5,4,6.0,15.45075
5,4,6.5,17.242749999999997
5,4,7.0,16.53925
5,4,7.5,16.476249999999997
5,4,8.0,16.71075
5,4,8.5,16.10525
5,4,9.0,16.38
5,4,9.5,14.441
5,4,10.0,15.625750000000002
5,4,10.5,14.3185
5,4,11.0,14.987
5,4,11.5,14.0035
5,4,12.0,13.6115
5,4,12.5,12.424999999999999
5,4,13.0,13.219500000000002
5,4,13.5,12.32
5,4,14.0,12.145000000000001
5,4,14.5,13.8915
5,4,15.0,25.765249999999998
5,4,15.5,26.27275
5,4,16.0,26.72775
5,4,16.5,27.40325
5,4,17.0,28.27125
5,4,17.5,28.74025
5,4,18.0,18.919249999999998
5,4,18.5,18.4695
5,4,19.0,18.52375
5,4,19.5,18.39425
5,4,20.0,19.24825
5,4,20.5,17.16575
5,4,21.0,16.58825
5,4,21.5,14.640499999999998
5,4,22.0,16.8
5,4,22.5,14.392000000000001
5,4,23.0,14.223999999999998
5,4,23.5,13.482
5,5,0.0,13.17575
5,5,0.5,14.5775
5,5,1.0,14.322000000000001
5,5,1.5,13.3945
5,5,2.0,13.8635
5,5,2.5,13.132
5,5,3.0,13.726999999999999
5,5,3.5,13.153
5,5,4.0,13.884500000000001
5,5,4.5,14.472499999999998
5,5,5.0,14.49
5,5,5.5,16.18575
5,5,6.0,14.932749999999999
5,5,6.5,17.16575
5,5,7.0,16.00025
5,5,7.5,16.60575
5,5,8.0,17.039749999999998
5,5,8.5,16.40625
5,5,9.0,16.49025
5,5,9.5,16.0125
5,5,10.0,15.97575
5,5,10.5,15.9355
5,5,11.0,16.76325
5,5,11.5,16.065
5,5,12.0,16.199749999999998
5,5,12.5,14.717500000000001
5,5,13.0,14.47425
5,5,13.5,13.769
5,5,14.0,14.8085
5,5,14.5,16.0825
5,5,15.0,27.035749999999997
5,5,15.5,27.32975
5,5,16.0,27.515249999999998
5,5,16.5,28.87325
5,5,17.0,29.599972499999996
5,5,17.5,29.8484725
5,5,18.0,19.78725
5,5,18.5,19.381249999999998
5,5,19.0,19.6455
5,5,19.5,19.337500000000002
5,5,20.0,19.510749999999998
5,5,20.5,17.363500000000002
5,5,21.0,17.442249999999998
5,5,21.5,14.658000000000001
5,5,22.0,15.546999999999999
5,5,22.5,14.182
5,5,23.0,13.902000000000001
5,5,23.5,13.222999999999999
5,6,0.0,13.378750000000002
5,6,0.5,14.133000000000001
5,6,1.0,13.527499999999998
5,6,1.5,12.957
5,6,2.0,12.999
5,6,2.5,12.484499999999999
5,6,3.0,13.079500000000001
5,6,3.5,12.9185
5,6,4.0,14.0175
5,6,4.5,14.1715
5,6,5.0,14.406
5,6,5.5,15.788499999999999
5,6,6.0,15.9495
5,6,6.5,18.73025
5,6,7.0,17.34425
5,6,7.5,18.40825
5,6,8.0,18.009249999999998
5,6,8.5,17.4055
5,6,9.0,16.64425
5,6,9.5,16.2645
5,6,10.0,15.4315
5,6,10.5,14.969500000000002
5,6,11.0,15.414
5,6,11.5,14.84875
5,6,12.0,13.866999999999999
5,6,12.5,12.792499999999999
5,6,13.0,13.272
5,6,13.5,12.775
5,6,14.0,12.677
5,6,14.5,13.229999999999999
5,6,15.0,26.15375
5,6,15.5,27.54325
5,6,16.0,27.851249999999997
5,6,16.5,29.090249999999997
5,6,17.0,29.46825
5,6,17.5,29.41925
5,6,18.0,19.65075
5,6,18.5,18.90525
5,6,19.0,19.03825
5,6,19.5,18.39075
5,6,20.0,19.09775
5,6,20.5,16.990750000000002
5,6,21.0,17.627750000000002
5,6,21.5,15.1865
5,6,22.0,15.267000000000001
5,6,22.5,14.06125
5,6,23.0,14.2485
5,6,23.5,12.892249999999999
5,7,0.0,12.7435
5,7,0.5,13.359499999999999
5,7,1.0,13.559
5,7,1.5,12.8275
5,7,2.0,12.5405
5,7,2.5,12.176499999999999
5,7,3.0,12.2395
5,7,3.5,11.879
5,7,4.0,11.648000000000001
5,7,4.5,11.945500000000001
5,7,5.0,13.2755
5,7,5.5,14.2975
5,7,6.0,15.3055
5,7,6.5,18.032
5,7,7.0,17.71175
5,7,7.5,18.765249999999998
5,7,8.0,18.396
5,7,8.5,18.2105
5,7,9.0,17.7345
5,7,9.5,16.345000000000002
5,7,10.0,16.058
5,7,10.5,16.348499999999998
5,7,11.0,16.91725
5,7,11.5,14.56525
5,7,12.0,14.552999999999999
5,7,12.5,13.6815
5,7,13.0,12.5405
5,7,13.5,12.796
5,7,14.0,12.299
5,7,14.5,13.1425
5,7,15.0,25.843999999999998
5,7,15.5,27.672749999999997
5,7,16.0,28.58975
5,7,16.5,29.45075
5,7,17.0,30.196250000000003
5,7,17.5,30.107
5,7,18.0,19.68225
5,7,18.5,19.040000000000003
5,7,19.0,18.746
5,7,19.5,18.2245
5,7,20.0,19.55625
5,7,20.5,16.723
5,7,21.0,17.641750000000002
5,7,21.5,14.710500000000001
5,7,22.0,17.206
5,7,22.5,17.54375
5,7,23.0,16.39925
5,7,23.5,14.567
5,8,0.0,14.680750000000002
5,8,0.5,14.931
5,8,1.0,14.4305
5,8,1.5,13.776000000000002
5,8,2.0,14.2555
5,8,2.5,13.8005
5,8,3.0,14.115499999999999
5,8,3.5,13.503
5,8,4.0,13.804
5,8,4.5,13.7025
5,8,5.0,14.777000000000001
5,8,5.5,15.449
5,8,6.0,14.7455
5,8,6.5,17.3215
5,8,7.0,15.27575
5,8,7.5,16.233
5,8,8.0,15.263499999999999
5,8,8.5,15.3405
5,8,9.0,14.451500000000001
5,8,9.5,14.13825
5,8,10.0,13.692
5,8,10.5,13.496
5,8,11.0,13.685
5,8,11.5,13.65
5,8,12.0,13.272
5,8,12.5,12.201
5,8,13.0,11.915750000000001
5,8,13.5,11.774000000000001
5,8,14.0,11.532499999999999
5,8,14.5,12.106499999999999
5,8,15.0,25.884249999999998
5,8,15.5,26.90625
5,8,16.0,27.830250000000003
5,8,16.5,28.76825
5,8,17.0,29.3125
5,8,17.5,29.19175
5,8,18.0,19.173
5,8,18.5,18.581500000000002
5,8,19.0,18.73375
5,8,19.5,18.084500000000002
5,8,20.0,18.25425
5,8,20.5,16.884
5,8,21.0,17.1185
5,8,21.5,13.2265
5,8,22.0,15.88125
5,8,22.5,13.321
5,8,23.0,12.512500000000001
5,8,23.5,11.606
5,9,0.0,11.40475
5,9,0.5,12.523000000000001
5,9,1.0,11.7215
5,9,1.5,11.217500000000001
5,9,2.0,11.49225
5,9,2.5,10.136000000000001
5,9,3.0,12.046999999999999
5,9,3.5,10.7275
5,9,4.0,10.704749999999999
5,9,4.5,11.795
5,9,5.0,11.697000000000001
5,9,5.5,14.045499999999999
5,9,6.0,13.5205
5,9,6.5,18.11075
5,9,7.0,17.928749999999997
5,9,7.5,17.206
5,9,8.0,17.241
5,9,8.5,16.169999999999998
5,9,9.0,14.609
5,9,9.5,13.993
5,9,10.0,15.12525
5,9,10.5,15.16375
5,9,11.0,14.552999999999999
5,9,11.5,14.0105
5,9,12.0,14.147
5,9,12.5,12.337499999999999
5,9,13.0,11.67075
5,9,13.5,11.525500000000001
5,9,14.0,11.655000000000001
5,9,14.5,13.328000000000001
5,9,15.0,26.2325
5,9,15.5,28.45675
5,9,16.0,27.371750000000002
5,9,16.5,28.58275
5,9,17.0,29.149749999999997
5,9,17.5,29.47175
5,9,18.0,17.720499999999998
5,9,18.5,15.5015
5,9,19.0,16.2225
5,9,19.5,15.876
5,9,20.0,17.77475
5,9,20.5,14.399000000000001
5,9,21.0,14.532000000000002
5,9,21.5,11.368
5,9,22.0,13.825000000000001
5,9,22.5,13.6115
5,9,23.0,12.612250000000001
5,9,23.5,12.2605
5,10,0.0,12.23075
5,10,0.5,12.281500000000001
5,10,1.0,12.18
5,10,1.5,11.532499999999999
5,10,2.0,12.092500000000001
5,10,2.5,11.711
5,10,3.0,11.9035
5,10,3.5,11.777499999999998
5,10,4.0,12.187
5,10,4.5,12.691
5,10,5.0,13.70425
5,10,5.5,14.6195
5,10,6.0,14.546
5,10,6.5,16.968
5,10,7.0,16.548
5,10,7.5,15.616999999999999
5,10,8.0,15.735999999999999
5,10,8.5,14.784
5,10,9.0,13.667499999999999
5,10,9.5,13.09875
5,10,10.0,12.454749999999999
5,10,10.5,12.347999999999999
5,10,11.0,11.865
5,10,11.5,11.555250000000001
5,10,12.0,11.704
5,10,12.5,10.538499999999999
5,10,13.0,10.597999999999999
5,10,13.5,10.465
5,10,14.0,10.6785
5,10,14.5,11.220999999999998
5,10,15.0,23.8245
5,10,15.5,26.0575
5,10,16.0,26.7505
5,10,16.5,27.812749999999998
5,10,17.0,29.1344725
5,10,17.5,29.3322225
5,10,18.0,18.0705
5,10,18.5,17.346
5,10,19.0,17.0625
5,10,19.5,16.45875
5,10,20.0,16.52175
5,10,20.5,13.594
5,10,21.0,15.02375
5,10,21.5,11.2665
5,10,22.0,12.817
5,10,22.5,11.865
5,10,23.0,11.823
5,10,23.5,10.5665
5,11,0.0,10.083499999999999
5,11,0.5,10.9935
5,11,1.0,10.45975
5,11,1.5,9.894499999999999
5,11,2.0,10.3495
5,11,2.5,9.9715
5,11,3.0,10.591
5,11,3.5,10.136000000000001
5,11,4.0,11.1335
5,11,4.5,11.879
5,11,5.0,12.929
5,11,5.5,14.2415
5,11,6.0,13.040999999999999
5,11,6.5,16.401
5,11,7.0,15.75
5,11,7.5,14.917
5,11,8.0,15.274000000000001
5,11,8.5,14.47775
5,11,9.0,13.6395
5,11,9.5,13.359499999999999
5,11,10.0,12.862499999999999
5,11,10.5,12.752249999999998
5,11,11.0,12.802999999999999
5,11,11.5,12.015500000000001
5,11,12.0,11.451999999999998
5,11,12.5,10.36
5,11,13.0,10.346
5,11,13.5,9.8665
5,11,14.0,9.8105
5,11,14.5,10.6365
5,11,15.0,24.629499999999997
5,11,15.5,26.3935
5,11,16.0,26.467
5,11,16.5,27.611500000000003
5,11,17.0,28.1912225
5,11,17.5,28.7582225
5,11,18.0,17.059
5,11,18.5,16.156000000000002
5,11,19.0,15.7465
5,11,19.5,15.2565
5,11,20.0,15.923250000000001
5,11,20.5,13.993
5,11,21.0,14.056
5,11,21.5,11.210500000000001
5,11,22.0,13.268500000000001
5,11,22.5,12.46175
5,11,23.0,11.6515
5,11,23.5,10.563
5,12,0.0,10.668
5,12,0.5,10.5875
5,12,1.0,11.4765
5,12,1.5,10.47375
5,12,2.0,11.213999999999999
5,12,2.5,10.4895
5,12,3.0,10.8885
5,12,3.5,10.3565
5,12,4.0,9.6075
5,12,4.5,9.772
5,12,5.0,11.539500000000002
5,12,5.5,12.271
5,12,6.0,13.286
5,12,6.5,15.029000000000002
5,12,7.0,14.315
5,12,7.5,14.405999999999999
5,12,8.0,13.42425
5,12,8.5,12.6805
5,12,9.0,12.3095
5,12,9.5,11.865
5,12,10.0,11.6305
5,12,10.5,11.614749999999999
5,12,11.0,11.1895
5,12,11.5,11.018
5,12,12.0,10.507
5,12,12.5,9.491999999999999
5,12,13.0,9.3485
5,12,13.5,9.2925
5,12,14.0,9.544500000000001
5,12,14.5,10.34075
5,12,15.0,24.233999999999998
5,12,15.5,27.24925
5,12,16.0,26.60175
5,12,16.5,28.27125
5,12,17.0,28.65975
5,12,17.5,29.27575
5,12,18.0,17.6855
5,12,18.5,16.6005
5,12,19.0,16.625
5,12,19.5,15.784999999999998
5,12,20.0,17.0695
5,12,20.5,14.245
5,12,21.0,13.594
5,12,21.5,11.595500000000001
5,12,22.0,14.642249999999999
5,12,22.5,13.384
5,12,23.0,12.9325
5,12,23.5,11.6655
5,13,0.0,11.1755
5,13,0.5,12.09775
5,13,1.0,11.094999999999999
5,13,1.5,10.3215
5,13,2.0,10.899000000000001
5,13,2.5,10.34425
5,13,3.0,11.13
5,13,3.5,10.948
5,13,4.0,11.217500000000001
5,13,4.5,12.019
5,13,5.0,13.34375
5,13,5.5,13.888
5,13,6.0,14.84525
5,13,6.5,17.66275
5,13,7.0,16.8455
5,13,7.5,15.896999999999998
5,13,8.0,16.407999999999998
5,13,8.5,15.414000000000001
5,13,9.0,14.420000000000002
5,13,9.5,14.056
5,13,10.0,13.866999999999999
5,13,10.5,14.371
5,13,11.0,14.028
5,13,11.5,13.464500000000001
5,13,12.0,12.463500000000002
5,13,12.5,10.878
5,13,13.0,10.475499999999998
5,13,13.5,9.9715
5,13,14.0,9.562
5,13,14.5,10.2025
5,13,15.0,24.230500000000003
5,13,15.5,25.998
5,13,16.0,27.275499999999997
5,13,16.5,27.756749999999997
5,13,17.0,28.72275
5,13,17.5,29.3055
5,13,18.0,18.011
5,13,18.5,16.9435
5,13,19.0,17.57525
5,13,19.5,16.6635
5,13,20.0,17.493
5,13,20.5,15.711500000000001
5,13,21.0,15.7325
5,13,21.5,13.454
5,13,22.0,13.314
5,13,22.5,12.775
5,13,23.0,12.7085
5,13,23.5,11.557
5,14,0.0,11.263
5,14,0.5,11.7845
5,14,1.0,11.539499999999999
5,14,1.5,10.7065
5,14,2.0,10.871
5,14,2.5,10.29
5,14,3.0,10.647
5,14,3.5,10.2865
5,14,4.0,11.2035
5,14,4.5,11.536000000000001
5,14,5.0,13.237
5,14,5.5,13.692
5,14,6.0,12.5405
5,14,6.5,15.8305
5,14,7.0,16.9435
5,14,7.5,16.541
5,14,8.0,16.632
5,14,8.5,15.673
5,14,9.0,15.078000000000001
5,14,9.5,14.4305
5,14,10.0,14.231
5,14,10.5,13.950999999999999
5,14,11.0,14.2555
5,14,11.5,13.926499999999999
5,14,12.0,12.985
5,14,12.5,11.816
5,14,13.0,11.4275
5,14,13.5,11.0845
5,14,14.0,11.1965
5,14,14.5,11.662
5,14,15.0,26.162499999999998
5,14,15.5,27.858249999999998
5,14,16.0,27.868750000000002
5,14,16.5,29.14625
5,14,17.0,29.737750000000002
5,14,17.5,29.73425
5,14,18.0,20.02875
5,14,18.5,19.51775
5,14,19.0,19.45825
5,14,19.5,18.576249999999998
5,14,20.0,18.611250000000002
5,14,20.5,17.11675
5,14,21.0,16.646
5,14,21.5,15.267000000000001
5,14,22.0,16.63375
5,14,22.5,16.26625
5,14,23.0,14.812
5,14,23.5,13.905499999999998
5,15,0.0,13.985999999999999
5,15,0.5,14.1225
5,15,1.0,13.51525
5,15,1.5,13.0725
5,15,2.0,12.470500000000001
5,15,2.5,11.963000000000001
5,15,3.0,12.530000000000001
5,15,3.5,11.942
5,15,4.0,12.652500000000002
5,15,4.5,12.7505
5,15,5.0,13.695500000000001
5,15,5.5,14.2695
5,15,6.0,14.097999999999999
5,15,6.5,16.912000000000003
5,15,7.0,15.533000000000001
5,15,7.5,15.5715
5,15,8.0,15.064
5,15,8.5,15.382499999999999
5,15,9.0,14.647499999999999
5,15,9.5,13.905499999999998
5,15,10.0,13.467999999999998
5,15,10.5,13.93
5,15,11.0,13.341999999999999
5,15,11.5,13.160000000000002
5,15,12.0,12.068
5,15,12.5,11.438
5,15,13.0,11.725
5,15,13.5,11.494
5,15,14.0,11.725
5,15,14.5,12.194
5,15,15.0,24.890249999999998
5,15,15.5,26.241249999999997
5,15,16.0,27.0305
5,15,16.5,28.19775
5,15,17.0,28.89775
5,15,17.5,29.520749999999996
5,15,18.0,18.6025
5,15,18.5,17.2795
5,15,19.0,18.1895
5,15,19.5,16.142
5,15,20.0,16.03
5,15,20.5,13.908999999999999
5,15,21.0,14.273000000000001
5,15,21.5,11.403
5,15,22.0,15.4
5,15,22.5,13.779499999999999
5,15,23.0,13.2825
5,15,23.5,12.407499999999999
5,16,0.0,12.4355
5,16,0.5,12.649000000000001
5,16,1.0,12.3375
5,16,1.5,11.711
5,16,2.0,11.76
5,16,2.5,11.62
5,16,3.0,11.976999999999999
5,16,3.5,11.28575
5,16,4.0,12.1695
5,16,4.5,12.2535
5,16,5.0,13.527499999999998
5,16,5.5,14.378
5,16,6.0,13.6185
5,16,6.5,16.334500000000002
5,16,7.0,16.3135
5,16,7.5,16.0125
5,16,8.0,15.988
5,16,8.5,15.456000000000001
5,16,9.0,15.473500000000001
5,16,9.5,14.994
5,16,10.0,15.057
5,16,10.5,15.2215
5,16,11.0,15.228499999999999
5,16,11.5,14.868
5,16,12.0,13.3665
5,16,12.5,12.395249999999999
5,16,13.0,12.076749999999999
5,16,13.5,11.879
5,16,14.0,11.487
5,16,14.5,12.173
5,16,15.0,25.0425
5,16,15.5,26.96925
5,16,16.0,27.56075
5,16,16.5,28.47425
5,16,17.0,28.687749999999998
5,16,17.5,29.036
5,16,18.0,18.6865
5,16,18.5,18.1755
5,16,19.0,18.0635
5,16,19.5,16.9785
5,16,20.0,18.15975
5,16,20.5,15.2915
5,16,21.0,15.6905
5,16,21.5,12.522999999999998
5,16,22.0,14.671999999999999
5,16,22.5,13.299999999999999
5,16,23.0,13.548499999999999
5,16,23.5,12.68925
5,17,0.0,12.802999999999999
5,17,0.5,13.222999999999999
5,17,1.0,13.020000000000001
5,17,1.5,12.6945
5,17,2.0,12.73825
5,17,2.5,12.307749999999999
5,17,3.0,12.5405
5,17,3.5,11.802
5,17,4.0,12.235999999999999
5,17,4.5,12.711999999999998
5,17,5.0,13.244
5,17,5.5,15.049999999999999
5,17,6.0,14.6825
5,17,6.5,18.98925
5,17,7.0,18.11075
5,17,7.5,17.1745
5,17,8.0,17.801000000000002
5,17,8.5,16.506
5,17,9.0,17.066
5,17,9.5,15.687
5,17,10.0,16.145500000000002
5,17,10.5,15.4385
5,17,11.0,16.040499999999998
5,17,11.5,14.89775
5,17,12.0,15.022
5,17,12.5,13.0725
5,17,13.0,13.636000000000001
5,17,13.5,12.610500000000002
5,17,14.0,11.711
5,17,14.5,12.785499999999999
5,17,15.0,25.92975
5,17,15.5,26.89225
5,17,16.0,28.385
5,17,16.5,29.149749999999997
5,17,17.0,29.216250000000002
5,17,17.5,29.49275
5,17,18.0,18.3645
5,17,18.5,17.3215
5,17,19.0,16.8175
5,17,19.5,15.8305
5,17,20.0,16.4605
5,17,20.5,14.59325
5,17,21.0,14.252
5,17,21.5,12.526499999999999
5,17,22.0,15.515500000000001
5,17,22.5,14.308
5,17,23.0,13.6395
5,17,23.5,12.554499999999999
5,18,0.0,13.034
5,18,0.5,13.2125
5,18,1.0,12.985
5,18,1.5,12.11175
5,18,2.0,12.764499999999998
5,18,2.5,12.313
5,18,3.0,12.495
5,18,3.5,12.46
5,18,4.0,12.323500000000001
5,18,4.5,12.530000000000001
5,18,5.0,12.832749999999999
5,18,5.5,13.9125
5,18,6.0,13.856499999999999
5,18,6.5,16.79125
5,18,7.0,17.6225
5,18,7.5,17.093999999999998
5,18,8.0,17.101
5,18,8.5,16.387
5,18,9.0,16.08075
5,18,9.5,15.018500000000001
5,18,10.0,15.155
5,18,10.5,14.717500000000001
5,18,11.0,15.0675
5,18,11.5,14.406
5,18,12.0,14.252
5,18,12.5,12.81
5,18,13.0,13.21425
5,18,13.5,12.621
5,18,14.0,12.7645
5,18,14.5,13.769
5,18,15.0,25.54825
5,18,15.5,27.21775
5,18,16.0,27.60275
5,18,16.5,28.49525
5,18,17.0,29.29675
5,18,17.5,29.680472499999997
5,18,18.0,19.3725
5,18,18.5,18.172
5,18,19.0,17.293499999999998
5,18,19.5,16.6985
5,18,20.0,17.52975
5,18,20.5,15.575000000000001
5,18,21.0,15.6415
5,18,21.5,12.7085
5,18,22.0,14.097999999999999
5,18,22.5,12.725999999999999
5,18,23.0,12.2535
5,18,23.5,11.66375
5,19,0.0,11.872
5,19,0.5,12.1275
5,19,1.0,11.707499999999998
5,19,1.5,11.261249999999999
5,19,2.0,12.543999999999999
5,19,2.5,12.1975
5,19,3.0,13.1075
5,19,3.5,12.5405
5,19,4.0,12.407499999999999
5,19,4.5,12.890500000000001
5,19,5.0,13.44
5,19,5.5,14.4585
5,19,6.0,14.01225
5,19,6.5,16.8
5,19,7.0,17.297
5,19,7.5,17.412499999999998
5,19,8.0,17.332
5,19,8.5,16.02125
5,19,9.0,15.183
5,19,9.5,14.432250000000002
5,19,10.0,13.783000000000001
5,19,10.5,13.629
5,19,11.0,13.97725
5,19,11.5,13.4925
5,19,12.0,12.81
5,19,12.5,11.390749999999999
5,19,13.0,11.717999999999998
5,19,13.5,11.3785
5,19,14.0,10.927
5,19,14.5,11.7565
5,19,15.0,24.867500000000003
5,19,15.5,26.81175
5,19,16.0,26.84675
5,19,16.5,27.965
5,19,17.0,28.53725
5,19,17.5,29.149749999999997
5,19,18.0,18.564
5,19,18.5,18.0075
5,19,19.0,18.4975
5,19,19.5,17.5525
5,19,20.0,18.438
5,19,20.5,16.3135
5,19,21.0,15.771
5,19,21.5,13.062
5,19,22.0,14.910000000000002
5,19,22.5,14.16975
5,19,23.0,13.576500000000001
5,19,23.5,12.820500000000001
5,20,0.0,11.7845
5,20,0.5,12.6175
5,20,1.0,12.2605
5,20,1.5,11.06
5,20,2.0,11.569249999999998
5,20,2.5,10.83775
5,20,3.0,11.828249999999999
5,20,3.5,11.473
5,20,4.0,11.6235
5,20,4.5,11.949
5,20,5.0,13.874
5,20,5.5,15.155000000000001
5,20,6.0,15.018499999999998
5,20,6.5,17.7485
5,20,7.0,17.531499999999998
5,20,7.5,17.541999999999998
5,20,8.0,17.36
5,20,8.5,16.6635
5,20,9.0,15.435
5,20,9.5,14.3675
5,20,10.0,14.588000000000001
5,20,10.5,14.262500000000001
5,20,11.0,14.098
5,20,11.5,13.496
5,20,12.0,13.055
5,20,12.5,12.158999999999999
5,20,13.0,11.896500000000001
5,20,13.5,11.333
5,20,14.0,11.241999999999999
5,20,14.5,12.578999999999999
5,20,15.0,24.74325
5,20,15.5,26.339250000000003
5,20,16.0,26.213250000000002
5,20,16.5,26.85025
5,20,17.0,27.72875
5,20,17.5,28.288749999999997
5,20,18.0,16.72125
5,20,18.5,16.0825
5,20,19.0,16.303
5,20,19.5,15.676499999999999
5,20,20.0,16.1735
5,20,20.5,14.829500000000001
5,20,21.0,14.717500000000001
5,20,21.5,12.407499999999999
5,20,22.0,13.905499999999998
5,20,22.5,12.208
5,20,23.0,11.585
5,20,23.5,10.5665
5,21,0.0,9.667
5,21,0.5,10.1465
5,21,1.0,10.01525
5,21,1.5,9.331
5,21,2.0,9.548
5,21,2.5,8.9005
5,21,3.0,9.3065
5,21,3.5,9.196250000000001
5,21,4.0,9.6565
5,21,4.5,11.0495
5,21,5.0,12.841500000000002
5,21,5.5,14.6895
5,21,6.0,13.4715
5,21,6.5,15.946
5,21,7.0,14.9975
5,21,7.5,15.316
5,21,8.0,15.918
5,21,8.5,15.295
5,21,9.0,15.907499999999999
5,21,9.5,15.2915
5,21,10.0,14.812
5,21,10.5,14.4865
5,21,11.0,14.701749999999999
5,21,11.5,14.1295
5,21,12.0,13.8075
5,21,12.5,12.0715
5,21,13.0,12.5405
5,21,13.5,11.357500000000002
5,21,14.0,11.850999999999999
5,21,14.5,12.488
5,21,15.0,24.709999999999997
5,21,15.5,27.037499999999998
5,21,16.0,27.10575
5,21,16.5,27.93875
5,21,17.0,28.55825
5,21,17.5,28.866249999999997
5,21,18.0,17.885
5,21,18.5,17.346
5,21,19.0,17.318
5,21,19.5,16.1385
5,21,20.0,17.328500000000002
5,21,20.5,15.5505
5,21,21.0,15.4
5,21,21.5,12.860750000000001
5,21,22.0,16.229499999999998
5,21,22.5,15.197000000000001
5,21,23.0,14.3185
5,21,23.5,12.747
5,22,0.0,12.7435
5,22,0.5,12.1485
5,22,1.0,12.11
5,22,1.5,10.594500000000002
5,22,2.0,11.186
5,22,2.5,10.5455
5,22,3.0,11.375
5,22,3.5,10.7065
5,22,4.0,11.3085
5,22,4.5,11.4835
5,22,5.0,13.538000000000002
5,22,5.5,15.735999999999999
5,22,6.0,14.741999999999999
5,22,6.5,17.213
5,22,7.0,15.536499999999998
5,22,7.5,15.466500000000002
5,22,8.0,15.217999999999998
5,22,8.5,14.801499999999999
5,22,9.0,14.518
5,22,9.5,13.405000000000001
5,22,10.0,13.6885
5,22,10.5,13.503
5,22,11.0,13.244
5,22,11.5,12.4775
5,22,12.0,12.1695
5,22,12.5,10.724000000000002
5,22,13.0,10.878
5,22,13.5,9.8525
5,22,14.0,11.0985
5,22,14.5,10.9585
5,22,15.0,24.085250000000002
5,22,15.5,25.94725
5,22,16.0,25.43975
5,22,16.5,27.01125
5,22,17.0,27.312250000000002
5,22,17.5,27.73925
5,22,18.0,17.587500000000002
5,22,18.5,16.884
5,22,19.0,16.744
5,22,19.5,15.981
5,22,20.0,17.1115
5,22,20.5,15.743
5,22,21.0,15.94075
5,22,21.5,13.5065
5,22,22.0,13.3245
5,22,22.5,12.46525
5,22,23.0,11.781
5,22,23.5,10.9655
5,23,0.0,10.6295
5,23,0.5,11.091499999999998
5,23,1.0,10.2445
5,23,1.5,9.8035
5,23,2.0,9.4395
5,23,2.5,8.904000000000002
5,23,3.0,9.282
5,23,3.5,8.427999999999999
5,23,4.0,9.2085
5,23,4.5,10.1465
5,23,5.0,12.27975
5,23,5.5,14.3955
5,23,6.0,12.93775
5,23,6.5,16.40625
5,23,7.0,15.45075
5,23,7.5,15.51025
5,23,8.0,15.86025
5,23,8.5,15.240749999999998
5,23,9.0,14.859250000000001
5,23,9.5,14.28175
5,23,10.0,14.26775
5,23,10.5,14.372749999999998
5,23,11.0,14.51975
5,23,11.5,14.465499999999999
5,23,12.0,14.103249999999997
5,23,12.5,12.6175
5,23,13.0,11.679499999999999
5,23,13.5,11.042499999999999
5,23,14.0,11.1895
5,23,14.5,12.265749999999999
5,23,15.0,23.88225
5,23,15.5,25.621750000000002
5,23,16.0,25.83175
5,23,16.5,26.675250000000002
5,23,17.0,26.96575
5,23,17.5,27.34725
5,23,18.0,17.442249999999998
5,23,18.5,16.9575
5,23,19.0,16.95925
5,23,19.5,15.85675
5,23,20.0,17.09925
5,23,20.5,14.9765
5,23,21.0,14.951999999999998
5,23,21.5,11.579750000000002
5,23,22.0,14.434
5,23,22.5,13.8005
5,23,23.0,13.408499999999998
5,23,23.5,12.131
5,24,0.0,11.879
5,24,0.5,11.976999999999999
5,24,1.0,12.3025
5,24,1.5,11.5745
5,24,2.0,12.155499999999998
5,24,2.5,11.301499999999999
5,24,3.0,12.152000000000001
5,24,3.5,11.591999999999999
5,24,4.0,12.844999999999999
5,24,4.5,12.950000000000001
5,24,5.0,13.811
5,24,5.5,14.531999999999998
5,24,6.0,14.854000000000001
5,24,6.5,17.15175
5,24,7.0,15.841
5,24,7.5,15.924999999999997
5,24,8.0,15.4245
5,24,8.5,14.839999999999998
5,24,9.0,14.9835
5,24,9.5,14.126
5,24,10.0,14.03325
5,24,10.5,13.8635
5,24,11.0,14.063
5,24,11.5,13.26675
5,24,12.0,12.7295
5,24,12.5,11.7355
5,24,13.0,12.1275
5,24,13.5,11.634
5,24,14.0,11.998
5,24,14.5,12.9885
5,24,15.0,25.352249999999998
5,24,15.5,27.29125
5,24,16.0,27.125
5,24,16.5,28.705250000000003
5,24,17.0,29.0395
5,24,17.5,29.68875
5,24,18.0,19.073249999999998
5,24,18.5,18.66375
5,24,19.0,18.46775
5,24,19.5,17.1325
5,24,20.0,18.383750000000003
5,24,20.5,17.16925
5,24,21.0,17.143
5,24,21.5,14.0
5,24,22.0,15.953000000000001
5,24,22.5,15.606499999999999
5,24,23.0,15.3405
5,24,23.5,14.868
5,25,0.0,13.866999999999999
5,25,0.5,13.8285
5,25,1.0,13.65
5,25,1.5,12.904499999999999
5,25,2.0,12.725999999999999
5,25,2.5,12.264000000000001
5,25,3.0,12.06275
5,25,3.5,11.4835
5,25,4.0,12.088999999999999
5,25,4.5,12.439
5,25,5.0,14.1015
5,25,5.5,15.001
5,25,6.0,14.472499999999998
5,25,6.5,16.553250000000002
5,25,7.0,16.205000000000002
5,25,7.5,15.833999999999998
5,25,8.0,14.896
5,25,8.5,14.342999999999998
5,25,9.0,13.646499999999998
5,25,9.5,13.7445
5,25,10.0,13.76375
5,25,10.5,13.6115
5,25,11.0,13.643
5,25,11.5,12.7645
5,25,12.0,12.274499999999998
5,25,12.5,11.5675
5,25,13.0,11.7495
5,25,13.5,11.2455
5,25,14.0,11.200000000000001
5,25,14.5,12.11
5,25,15.0,24.5945
5,25,15.5,26.078500000000002
5,25,16.0,26.40225
5,25,16.5,27.60625
5,25,17.0,28.47075
5,25,17.5,28.87675
5,25,18.0,17.9235
5,25,18.5,17.248
5,25,19.0,17.412499999999998
5,25,19.5,16.8525
5,25,20.0,17.528000000000002
5,25,20.5,16.534
5,25,21.0,16.2085
5,25,21.5,14.472500000000002
5,25,22.0,15.226750000000001
5,25,22.5,15.077999999999998
5,25,23.0,14.810250000000002
5,25,23.5,13.954500000000001
5,26,0.0,13.394499999999999
5,26,0.5,14.101500000000001
5,26,1.0,14.045499999999999
5,26,1.5,13.237
5,26,2.0,13.083
5,26,2.5,12.397
5,26,3.0,12.691
5,26,3.5,12.463500000000002
5,26,4.0,12.424999999999999
5,26,4.5,12.921999999999999
5,26,5.0,14.035000000000002
5,26,5.5,14.108500000000001
5,26,6.0,13.69375
5,26,6.5,16.2715
5,26,7.0,15.47
5,26,7.5,15.7815
5,26,8.0,16.17
5,26,8.5,15.4525
5,26,9.0,15.1305
5,26,9.5,14.392000000000001
5,26,10.0,14.2065
5,26,10.5,14.5075
5,26,11.0,14.283499999999998
5,26,11.5,13.405000000000001
5,26,12.0,12.543999999999999
5,26,12.5,11.305
5,26,13.0,10.972499999999998
5,26,13.5,10.8885
5,26,14.0,11.137
5,26,14.5,11.627
5,26,15.0,24.232249999999997
5,26,15.5,26.27625
5,26,16.0,26.62275
5,26,16.5,27.732249999999997
5,26,17.0,27.896749999999997
5,26,17.5,28.60025
5,26,18.0,17.4405
5,26,18.5,16.891000000000002
5,26,19.0,17.528000000000002
5,26,19.5,16.5515
5,26,20.0,17.255
5,26,20.5,15.9775
5,26,21.0,15.302
5,26,21.5,13.275500000000001
5,26,22.0,14.147
5,26,22.5,12.911499999999998
5,26,23.0,12.929
5,26,23.5,11.34175
5,27,0.0,11.585
5,27,0.5,12.585999999999999
5,27,1.0,12.33225
5,27,1.5,11.571
5,27,2.0,11.907000000000002
5,27,2.5,11.403
5,27,3.0,12.068
5,27,3.5,11.466
5,27,4.0,11.886000000000001
5,27,4.5,12.629750000000001
5,27,5.0,13.845999999999998
5,27,5.5,15.0045
5,27,6.0,13.305250000000001
5,27,6.5,15.2845
5,27,7.0,14.637
5,27,7.5,15.3335
5,27,8.0,14.609
5,27,8.5,14.623
5,27,9.0,13.587000000000002
5,27,9.5,12.66125
5,27,10.0,13.030499999999998
5,27,10.5,12.040000000000001
5,27,11.0,12.1135
5,27,11.5,10.709999999999999
5,27,12.0,11.186
5,27,12.5,9.764999999999999
5,27,13.0,9.849
5,27,13.5,9.429
5,27,14.0,9.5865
5,27,14.5,10.1745
5,27,15.0,23.933000000000003
5,27,15.5,26.540499999999998
5,27,16.0,27.634249999999998
5,27,16.5,28.659750000000003
5,27,17.0,28.486499999999996
5,27,17.5,29.0535
5,27,18.0,17.660999999999998
5,27,18.5,17.298750000000002
5,27,19.0,17.352999999999998
5,27,19.5,16.7475
5,27,20.0,17.601499999999998
5,27,20.5,16.387
5,27,21.0,15.492750000000001
5,27,21.5,13.086500000000001
5,27,22.0,15.387750000000002
5,27,22.5,15.77625
5,27,23.0,15.340499999999999
5,27,23.5,13.888
5,28,0.0,13.09525
5,28,0.5,13.811
5,28,1.0,13.384
5,28,1.5,12.516
5,28,2.0,12.7785
5,28,2.5,12.439
5,28,3.0,12.467
5,28,3.5,11.927999999999999
5,28,4.0,12.62625
5,28,4.5,13.237
5,28,5.0,13.881
5,28,5.5,14.20825
5,28,6.0,13.3245
5,28,6.5,16.079
5,28,7.0,16.352
5,28,7.5,17.703
5,28,8.0,17.836
5,28,8.5,17.024
5,28,9.0,16.947
5,28,9.5,16.205
5,28,10.0,15.687
5,28,10.5,16.070249999999998
5,28,11.0,15.5225
5,28,11.5,15.168999999999999
5,28,12.0,15.088500000000002
5,28,12.5,13.160000000000002
5,28,13.0,13.081249999999999
5,28,13.5,12.274500000000002
5,28,14.0,11.5675
5,28,14.5,12.61925
5,28,15.0,25.8685
5,28,15.5,27.72875
5,28,16.0,27.59575
5,28,16.5,28.00525
5,28,17.0,28.987
5,28,17.5,29.099
5,28,18.0,17.9585
5,28,18.5,17.193749999999998
5,28,19.0,17.577
5,28,19.5,16.135
5,28,20.0,16.8525
5,28,20.5,15.295
5,28,21.0,15.53475
5,28,21.5,13.2965
5,28,22.0,14.966000000000001
5,28,22.5,14.406
5,28,23.0,13.1215
5,28,23.5,11.8335
5,29,0.0,12.068
5,29,0.5,12.274499999999998
5,29,1.0,11.8825
5,29,1.5,10.465000000000002
5,29,2.0,11.4975
5,29,2.5,10.839500000000001
5,29,3.0,11.634
5,29,3.5,10.86575
5,29,4.0,11.3645
5,29,4.5,11.714500000000001
5,29,5.0,12.6315
5,29,5.5,13.7305
5,29,6.0,12.754
5,29,6.5,15.064
5,29,7.0,14.591500000000002
5,29,7.5,16.1525
5,29,8.0,16.2855
5,29,8.5,16.148999999999997
5,29,9.0,16.656499999999998
5,29,9.5,15.911
5,29,10.0,16.282
5,29,10.5,15.893499999999998
5,29,11.0,16.352
5,29,11.5,15.03775
5,29,12.0,14.378
5,29,12.5,12.362
5,29,13.0,11.816
5,29,13.5,11.052999999999999
5,29,14.0,11.7915
5,29,14.5,12.194
5,29,15.0,24.547250000000002
5,29,15.5,26.755750000000003
5,29,16.0,26.11175
5,29,16.5,27.16525
5,29,17.0,27.58875
5,29,17.5,27.91425
5,29,18.0,18.530749999999998
5,29,18.5,18.08275
5,29,19.0,18.10725
5,29,19.5,17.46325
5,29,20.0,17.730999999999998
5,29,20.5,17.157
5,29,21.0,16.507749999999998
5,29,21.5,14.1085
5,29,22.0,16.47975
5,29,22.5,15.08675
5,29,23.0,15.043
5,29,23.5,14.497
5,30,0.0,13.8985
5,30,0.5,13.7935
5,30,1.0,12.789
5,30,1.5,11.957749999999999
5,30,2.0,12.5405
5,30,2.5,12.164250000000001
5,30,3.0,12.820500000000001
5,30,3.5,12.1205
5,30,4.0,12.649000000000001
5,30,4.5,13.009500000000001
5,30,5.0,15.457749999999999
5,30,5.5,16.54625
5,30,6.0,15.40525
5,30,6.5,16.72825
5,30,7.0,16.58125
5,30,7.5,17.15875
5,30,8.0,17.07825
5,30,8.5,16.31175
5,30,9.0,16.20675
5,30,9.5,15.127
5,30,10.0,15.107749999999998
5,30,10.5,14.70525
5,30,11.0,14.747250000000001
5,30,11.5,14.13125
5,30,12.0,13.5835
5,30,12.5,12.762749999999999
5,30,13.0,12.8275
5,30,13.5,12.622749999999998
5,30,14.0,12.8695
5,30,14.5,13.4855
5,30,15.0,24.0415
5,30,15.5,25.33125
5,30,16.0,25.822999999999997
5,30,16.5,26.878249999999998
5,30,17.0,27.909000000000002
5,30,17.5,28.089249999999996
5,30,18.0,18.765249999999998
5,30,18.5,18.446749999999998
5,30,19.0,17.94275
5,30,19.5,17.22525
5,30,20.0,17.40725
5,30,20.5,16.76325
5,30,21.0,16.41325
5,30,21.5,14.959000000000001
5,30,22.0,16.15425
5,30,22.5,14.686
5,30,23.0,13.664
5,30,23.5,12.3795
5,31,0.0,12.047000000000002
5,31,0.5,12.3865
5,31,1.0,12.495
5,31,1.5,11.847500000000002
5,31,2.0,12.292
5,31,2.5,11.732
5,31,3.0,12.1905
5,31,3.5,11.472999999999999
5,31,4.0,12.0015
5,31,4.5,12.9955
5,31,5.0,14.42
5,31,5.5,16.28025
5,31,6.0,15.058749999999998
5,31,6.5,17.12725
5,31,7.0,16.577749999999998
5,31,7.5,17.1465
5,31,8.0,17.17275
5,31,8.5,16.5095
5,31,9.0,16.093
5,31,9.5,15.519
5,31,10.0,15.46125
5,31,10.5,15.522499999999999
5,31,11.0,15.66075
5,31,11.5,14.720999999999998
5,31,12.0,14.6755
5,31,12.5,13.1215
5,31,13.0,13.216
5,31,13.5,12.519499999999999
5,31,14.0,12.344499999999998
5,31,14.5,13.391
5,31,15.0,24.489499999999996
5,31,15.5,25.45725
5,31,16.0,26.118750000000002
5,31,16.5,27.11975
5,31,17.0,27.32975
5,31,17.5,27.7655
5,31,18.0,18.01275
5,31,18.5,17.69425
5,31,19.0,18.13525
5,31,19.5,17.1815
5,31,20.0,17.70475
5,31,20.5,16.52175
5,31,21.0,16.64075
5,31,21.5,14.063
5,31,22.0,16.39575
5,31,22.5,14.203000000000001
5,31,23.0,14.342999999999998
5,31,23.5,12.7085
6,1,0.0,12.5755
6,1,0.5,12.768
6,1,1.0,13.0165
6,1,1.5,11.8755
6,1,2.0,12.934249999999999
6,1,2.5,12.106499999999999
6,1,3.0,13.594
6,1,3.5,12.823999999999998
6,1,4.0,13.321
6,1,4.5,14.00875
6,1,5.0,15.456000000000001
6,1,5.5,16.388749999999998
6,1,6.0,15.56275
6,1,6.5,17.18675
6,1,7.0,16.64775
6,1,7.5,17.16575
6,1,8.0,17.38975
6,1,8.5,16.474500000000003
6,1,9.0,16.1875
6,1,9.5,14.637
6,1,10.0,14.691249999999998
6,1,10.5,14.917
6,1,11.0,15.223249999999998
6,1,11.5,13.961500000000001
6,1,12.0,13.951
6,1,12.5,12.565
6,1,13.0,12.824
6,1,13.5,11.648000000000001
6,1,14.0,11.595500000000001
6,1,14.5,13.223
6,1,15.0,24.263749999999998
6,1,15.5,25.908749999999998
6,1,16.0,26.92375
6,1,16.5,28.35175
6,1,17.0,28.267749999999996
6,1,17.5,28.687749999999998
6,1,18.0,18.54825
6,1,18.5,17.99175
6,1,19.0,18.0215
6,1,19.5,17.59275
6,1,20.0,17.598
6,1,20.5,17.04675
6,1,21.0,17.15875
6,1,21.5,15.1445
6,1,22.0,16.52
6,1,22.5,15.7605
6,1,23.0,14.6825
6,1,23.5,13.786499999999998
6,2,0.0,13.167
6,2,0.5,13.5065
6,2,1.0,13.279000000000002
6,2,1.5,12.006749999999998
6,2,2.0,12.069749999999999
6,2,2.5,11.679499999999999
6,2,3.0,12.0085
6,2,3.5,11.224499999999999
6,2,4.0,10.91475
6,2,4.5,11.15625
6,2,5.0,12.3725
6,2,5.5,13.849499999999999
6,2,6.0,12.859
6,2,6.5,15.807749999999999
6,2,7.0,14.570500000000001
6,2,7.5,15.207500000000001
6,2,8.0,15.0535
6,2,8.5,14.064749999999998
6,2,9.0,14.33075
6,2,9.5,12.712000000000002
6,2,10.0,12.8975
6,2,10.5,12.936
6,2,11.0,12.78375
6,2,11.5,12.02075
6,2,12.0,12.208
6,2,12.5,10.951500000000001
6,2,13.0,11.326
6,2,13.5,10.871
6,2,14.0,10.304
6,2,14.5,11.413499999999999
6,2,15.0,24.36175
6,2,15.5,25.843999999999998
6,2,16.0,26.84675
6,2,16.5,28.11725
6,2,17.0,27.94575
6,2,17.5,28.281750000000002
6,2,18.0,18.05825
6,2,18.5,17.58225
6,2,19.0,17.49475
6,2,19.5,16.37125
6,2,20.0,17.253249999999998
6,2,20.5,15.984500000000002
6,2,21.0,15.914500000000002
6,2,21.5,12.9745
6,2,22.0,14.909999999999998
6,2,22.5,14.540750000000001
6,2,23.0,14.2975
6,2,23.5,13.089999999999998
6,3,0.0,12.2535
6,3,0.5,12.15025
6,3,1.0,11.927999999999999
6,3,1.5,11.186
6,3,2.0,11.410000000000002
6,3,2.5,11.109
6,3,3.0,11.865
6,3,3.5,11.2385
6,3,4.0,11.7355
6,3,4.5,12.089
6,3,5.0,13.338500000000002
6,3,5.5,15.1305
6,3,6.0,14.5565
6,3,6.5,17.605
6,3,7.0,15.585500000000001
6,3,7.5,16.779
6,3,8.0,15.6695
6,3,8.5,15.379
6,3,9.0,14.749
6,3,9.5,13.426
6,3,10.0,13.237
6,3,10.5,13.09175
6,3,11.0,13.278999999999998
6,3,11.5,12.586
6,3,12.0,12.722499999999998
6,3,12.5,11.031999999999998
6,3,13.0,11.154499999999999
6,3,13.5,10.626
6,3,14.0,10.414250000000001
6,3,14.5,11.165
6,3,15.0,24.3565
6,3,15.5,26.05575
6,3,16.0,27.140749999999997
6,3,16.5,27.78825
6,3,17.0,27.935249999999996
6,3,17.5,28.12075
6,3,18.0,17.843
6,3,18.5,17.325
6,3,19.0,17.30575
6,3,19.5,16.2365
6,3,20.0,16.3415
6,3,20.5,15.134
6,3,21.0,14.710500000000001
6,3,21.5,13.2755
6,3,22.0,15.582
6,3,22.5,14.640500000000001
6,3,23.0,14.4585
6,3,23.5,13.3105
6,4,0.0,13.051499999999999
6,4,0.5,13.116249999999999
6,4,1.0,13.28425
6,4,1.5,12.292
6,4,2.0,12.39
6,4,2.5,12.208
6,4,3.0,13.076
6,4,3.5,12.327
6,4,4.0,12.642000000000001
6,4,4.5,13.118
6,4,5.0,14.5845
6,4,5.5,15.704500000000001
6,4,6.0,14.798000000000002
6,4,6.5,17.0065
6,4,7.0,14.979999999999999
6,4,7.5,16.2575
6,4,8.0,15.107750000000001
6,4,8.5,14.721000000000002
6,4,9.0,13.993
6,4,9.5,13.2615
6,4,10.0,13.2125
6,4,10.5,13.0445
6,4,11.0,12.383000000000001
6,4,11.5,11.5815
6,4,12.0,10.804499999999999
6,4,12.5,9.90325
6,4,13.0,10.6295
6,4,13.5,9.9715
6,4,14.0,9.905
6,4,14.5,10.822000000000001
6,4,15.0,24.15525
6,4,15.5,26.24825
6,4,16.0,26.44425
6,4,16.5,27.27025
6,4,17.0,28.054249999999996
6,4,17.5,28.30275
6,4,18.0,17.3355
6,4,18.5,16.4255
6,4,19.0,17.08
6,4,19.5,16.548000000000002
6,4,20.0,16.51475
6,4,20.5,15.316
6,4,21.0,14.770000000000001
6,4,21.5,13.13725
6,4,22.0,14.259
6,4,22.5,13.048
6,4,23.0,13.1915
6,4,23.5,11.879
6,5,0.0,11.788000000000002
6,5,0.5,11.4975
6,5,1.0,11.490499999999999
6,5,1.5,10.3005
6,5,2.0,11.228000000000002
6,5,2.5,10.8185
6,5,3.0,10.9585
6,5,3.5,10.248
6,5,4.0,11.3155
6,5,4.5,11.945500000000001
6,5,5.0,12.789
6,5,5.5,14.552999999999999
6,5,6.0,14.042
6,5,6.5,16.023
6,5,7.0,14.9345
6,5,7.5,15.7535
6,5,8.0,14.836500000000001
6,5,8.5,14.469
6,5,9.0,13.79
6,5,9.5,13.156500000000001
6,5,10.0,13.18275
6,5,10.5,12.957
6,5,11.0,12.729500000000002
6,5,11.5,12.017249999999999
6,5,12.0,11.564
6,5,12.5,10.1255
6,5,13.0,10.5455
6,5,13.5,9.89975
6,5,14.0,10.793999999999999
6,5,14.5,11.9805
6,5,15.0,24.053749999999997
6,5,15.5,25.36975
6,5,16.0,26.03825
6,5,16.5,27.13025
6,5,17.0,28.246750000000002
6,5,17.5,28.06125
6,5,18.0,18.3015
6,5,18.5,17.979499999999998
6,5,19.0,18.277
6,5,19.5,17.3985
6,5,20.0,17.934
6,5,20.5,16.3695
6,5,21.0,16.07725
6,5,21.5,13.293000000000001
6,5,22.0,14.601999999999999
6,5,22.5,14.880249999999998
6,5,23.0,14.49
6,5,23.5,13.321
6,6,0.0,13.244
6,6,0.5,13.328000000000001
6,6,1.0,12.424999999999999
6,6,1.5,11.823
6,6,2.0,12.0015
6,6,2.5,11.420499999999999
6,6,3.0,12.362
6,6,3.5,11.704
6,6,4.0,12.2395
6,6,4.5,12.74
6,6,5.0,13.3175
6,6,5.5,15.148000000000001
6,6,6.0,14.5495
6,6,6.5,17.253249999999998
6,6,7.0,15.295
6,6,7.5,16.0615
6,6,8.0,15.847999999999999
6,6,8.5,15.463
6,6,9.0,14.5775
6,6,9.5,14.1855
6,6,10.0,14.4585
6,6,10.5,14.5495
6,6,11.0,14.558250000000001
6,6,11.5,13.615
6,6,12.0,14.0525
6,6,12.5,12.7435
6,6,13.0,13.219500000000002
6,6,13.5,12.752250000000002
6,6,14.0,12.6
6,6,14.5,13.8985
6,6,15.0,25.45725
6,6,15.5,26.734750000000002
6,6,16.0,27.50125
6,6,16.5,28.39375
6,6,17.0,28.99225
6,6,17.5,29.499749999999995
6,6,18.0,19.77325
6,6,18.5,19.18875
6,6,19.0,19.608749999999997
6,6,19.5,19.03475
6,6,20.0,18.814249999999998
6,6,20.5,17.647000000000002
6,6,21.0,17.242749999999997
6,6,21.5,14.839999999999998
6,6,22.0,15.911000000000001
6,6,22.5,14.360500000000002
6,6,23.0,14.706999999999999
6,6,23.5,13.7025
6,7,0.0,13.298250000000001
6,7,0.5,13.389249999999999
6,7,1.0,13.60275
6,7,1.5,12.642000000000001
6,7,2.0,12.732999999999999
6,7,2.5,12.3375
6,7,3.0,13.356
6,7,3.5,12.908000000000001
6,7,4.0,13.699
6,7,4.5,14.077
6,7,5.0,15.26
6,7,5.5,17.22525
6,7,6.0,15.72725
6,7,6.5,17.888499999999997
6,7,7.0,16.29775
6,7,7.5,16.55675
6,7,8.0,16.75625
6,7,8.5,16.22075
6,7,9.0,15.853250000000001
6,7,9.5,15.043
6,7,10.0,14.896
6,7,10.5,14.2555
6,7,11.0,14.6825
6,7,11.5,13.8215
6,7,12.0,13.5065
6,7,12.5,12.1835
6,7,13.0,12.565
6,7,13.5,11.679499999999999
6,7,14.0,11.4765
6,7,14.5,13.338500000000002
6,7,15.0,24.486
6,7,15.5,26.84325
6,7,16.0,26.262249999999998
6,7,16.5,27.8215
6,7,17.0,28.05425
6,7,17.5,28.24325
6,7,18.0,18.38025
6,7,18.5,18.068749999999998
6,7,19.0,18.352249999999998
6,7,19.5,17.548999999999996
6,7,20.0,17.86575
6,7,20.5,17.017
6,7,21.0,17.01875
6,7,21.5,13.48375
6,7,22.0,15.155000000000001
6,7,22.5,14.581000000000001
6,7,23.0,14.1085
6,7,23.5,12.46175
6,8,0.0,11.4415
6,8,0.5,11.725
6,8,1.0,11.9245
6,8,1.5,10.538499999999999
6,8,2.0,10.6575
6,8,2.5,10.6575
6,8,3.0,10.8465
6,8,3.5,10.650500000000001
6,8,4.0,11.1755
6,8,4.5,11.7705
6,8,5.0,12.439
6,8,5.5,13.835500000000001
6,8,6.0,12.8975
6,8,6.5,15.529499999999999
6,8,7.0,13.884500000000001
6,8,7.5,14.484749999999998
6,8,8.0,13.72875
6,8,8.5,13.0165
6,8,9.0,12.579
6,8,9.5,11.8195
6,8,10.0,11.549999999999999
6,8,10.5,11.38725
6,8,11.0,11.312
6,8,11.5,9.929499999999999
6,8,12.0,9.9855
6,8,12.5,8.6695
6,8,13.0,9.42375
6,8,13.5,8.9565
6,8,14.0,9.2155
6,8,14.5,10.3565
6,8,15.0,22.408749999999998
6,8,15.5,24.73275
6,8,16.0,24.97775
6,8,16.5,27.221249999999998
6,8,17.0,27.71475
6,8,17.5,28.37975
6,8,18.0,17.7205
6,8,18.5,17.328500000000002
6,8,19.0,17.99525
6,8,19.5,16.7335
6,8,20.0,16.8805
6,8,20.5,14.8855
6,8,21.0,15.427999999999999
6,8,21.5,13.338500000000002
6,8,22.0,14.1855
6,8,22.5,13.783
6,8,23.0,12.1975
6,8,23.5,10.674999999999999
6,9,0.0,10.381
6,9,0.5,10.356499999999999
6,9,1.0,10.366999999999999
6,9,1.5,9.491999999999999
6,9,2.0,10.2165
6,9,2.5,10.094
6,9,3.0,10.62425
6,9,3.5,9.8315
6,9,4.0,10.4475
6,9,4.5,10.969
6,9,5.0,11.5045
6,9,5.5,13.0655
6,9,6.0,11.571
6,9,6.5,14.276499999999999
6,9,7.0,13.58
6,9,7.5,14.388499999999999
6,9,8.0,13.174
6,9,8.5,12.866
6,9,9.0,11.6165
6,9,9.5,11.3925
6,9,10.0,11.301499999999999
6,9,10.5,10.8885
6,9,11.0,11.714500000000001
6,9,11.5,10.713500000000002
6,9,12.0,11.3925
6,9,12.5,10.146500000000001
6,9,13.0,10.136000000000001
6,9,13.5,9.7545
6,9,14.0,10.325
6,9,14.5,11.802
6,9,15.0,25.233249999999998
6,9,15.5,27.214250000000003
6,9,16.0,28.28
6,9,16.5,28.91875
6,9,17.0,29.23725
6,9,17.5,29.527749999999997
6,9,18.0,18.487
6,9,18.5,17.7205
6,9,19.0,18.15625
6,9,19.5,16.6215
6,9,20.0,16.5655
6,9,20.5,15.323
6,9,21.0,15.155
6,9,21.5,13.009500000000001
6,9,22.0,14.2205
6,9,22.5,13.874
6,9,23.0,12.4775
6,9,23.5,10.3985
6,10,0.0,10.027500000000002
6,10,0.5,9.7825
6,10,1.0,10.01
6,10,1.5,8.652
6,10,2.0,9.1035
6,10,2.5,9.1035
6,10,3.0,9.8455
6,10,3.5,9.0615
6,10,4.0,9.429
6,10,4.5,9.674
6,10,5.0,11.319
6,10,5.5,14.063
6,10,6.0,12.6595
6,10,6.5,16.2785
6,10,7.0,15.008000000000001
6,10,7.5,15.372
6,10,8.0,15.3405
6,10,8.5,14.0035
6,10,9.0,13.7305
6,10,9.5,12.673499999999999
6,10,10.0,12.264000000000001
6,10,10.5,12.32
6,10,11.0,11.91225
6,10,11.5,10.6295
6,10,12.0,9.8665
6,10,12.5,8.26
6,10,13.0,8.18475
6,10,13.5,7.511
6,10,14.0,7.2275
6,10,14.5,8.1725
6,10,15.0,21.203
6,10,15.5,25.028499999999998
6,10,16.0,25.3505
6,10,16.5,26.502
6,10,17.0,27.4575
6,10,17.5,27.9195
6,10,18.0,15.4035
6,10,18.5,15.19
6,10,19.0,15.28625
6,10,19.5,14.328999999999999
6,10,20.0,15.0675
6,10,20.5,14.084000000000001
6,10,21.0,14.336
6,10,21.5,11.039
6,10,22.0,13.695500000000001
6,10,22.5,13.0025
6,10,23.0,12.6595
6,10,23.5,11.2455
6,11,0.0,10.762500000000001
6,11,0.5,10.573500000000001
6,11,1.0,10.346
6,11,1.5,9.24
6,11,2.0,9.56725
6,11,2.5,8.8865
6,11,3.0,9.576
6,11,3.5,8.316
6,11,4.0,9.540999999999999
6,11,4.5,10.5
6,11,5.0,11.171999999999999
6,11,5.5,13.321
6,11,6.0,10.1185
6,11,6.5,13.772499999999999
6,11,7.0,12.677
6,11,7.5,13.97025
6,11,8.0,13.0725
6,11,8.5,12.943
6,11,9.0,11.8335
6,11,9.5,11.21575
6,11,10.0,12.603500000000002
6,11,10.5,12.65775
6,11,11.0,11.445
6,11,11.5,10.9585
6,11,12.0,10.853499999999999
6,11,12.5,9.4535
6,11,13.0,9.0615
6,11,13.5,8.01325
6,11,14.0,8.792
6,11,14.5,9.205
6,11,15.0,22.7115
6,11,15.5,25.2
6,11,16.0,25.522000000000002
6,11,16.5,27.4365
6,11,17.0,28.2975
6,11,17.5,28.360500000000002
6,11,18.0,16.4885
6,11,18.5,16.0755
6,11,19.0,16.891000000000002
6,11,19.5,16.264499999999998
6,11,20.0,17.192
6,11,20.5,16.037
6,11,21.0,15.911000000000001
6,11,21.5,13.411999999999999
6,11,22.0,16.149
6,11,22.5,15.2495
6,11,23.0,14.7035
6,11,23.5,13.58
6,12,0.0,13.411999999999999
6,12,0.5,12.890500000000001
6,12,1.0,13.454
6,12,1.5,12.1905
6,12,2.0,12.782000000000002
6,12,2.5,11.914000000000001
6,12,3.0,13.348999999999998
6,12,3.5,12.1975
6,12,4.0,14.2975
6,12,4.5,14.7385
6,12,5.0,14.2275
6,12,5.5,14.924
6,12,6.0,14.0
6,12,6.5,17.017
6,12,7.0,14.154000000000002
6,12,7.5,15.365
6,12,8.0,15.386000000000001
6,12,8.5,15.893499999999998
6,12,9.0,15.708
6,12,9.5,15.088500000000002
6,12,10.0,16.3905
6,12,10.5,16.331
6,12,11.0,16.0755
6,12,11.5,15.347499999999998
6,12,12.0,15.141
6,12,12.5,12.915000000000001
6,12,13.0,12.481
6,12,13.5,11.609499999999999
6,12,14.0,11.429250000000001
6,12,14.5,13.0445
6,12,15.0,26.061000000000003
6,12,15.5,28.8789725
6,12,16.0,28.45675
6,12,16.5,29.1519725
6,12,17.0,29.6139725
6,12,17.5,29.7539725
6,12,18.0,19.340999999999998
6,12,18.5,19.2745
6,12,19.0,19.061
6,12,19.5,18.137
6,12,20.0,18.9945
6,12,20.5,18.004
6,12,21.0,17.927
6,12,21.5,15.197000000000001
6,12,22.0,16.688
6,12,22.5,16.464
6,12,23.0,16.394000000000002
6,12,23.5,14.896
6,13,0.0,14.539
6,13,0.5,14.710500000000001
6,13,1.0,14.71225
6,13,1.5,13.845999999999998
6,13,2.0,14.1925
6,13,2.5,14.1015
6,13,3.0,14.7875
6,13,3.5,13.835500000000001
6,13,4.0,14.4655
6,13,4.5,14.729750000000001
6,13,5.0,16.212
6,13,5.5,17.65925
6,13,6.0,16.418499999999998
6,13,6.5,18.68825
6,13,7.0,16.954
6,13,7.5,17.4755
6,13,8.0,17.7765
6,13,8.5,17.318
6,13,9.0,16.562
6,13,9.5,16.149
6,13,10.0,16.1875
6,13,10.5,16.1245
6,13,11.0,16.023
6,13,11.5,15.1725
6,13,12.0,15.028999999999998
6,13,12.5,13.356
6,13,13.0,13.020000000000001
6,13,13.5,12.943
6,13,14.0,12.778500000000001
6,13,14.5,13.307
6,13,15.0,25.768749999999997
6,13,15.5,26.955249999999996
6,13,16.0,27.88275
6,13,16.5,28.922250000000002
6,13,17.0,29.48575
6,13,17.5,29.69575
6,13,18.0,19.307750000000002
6,13,18.5,18.86675
6,13,19.0,19.101249999999997
6,13,19.5,17.998749999999998
6,13,20.0,18.0705
6,13,20.5,16.7475
6,13,21.0,16.875249999999998
6,13,21.5,13.4995
6,13,22.0,15.417499999999999
6,13,22.5,15.092
6,13,23.0,14.451500000000001
6,13,23.5,13.881
6,14,0.0,13.86
6,14,0.5,13.832
6,14,1.0,13.1915
6,14,1.5,12.418000000000001
6,14,2.0,12.4705
6,14,2.5,12.176499999999999
6,14,3.0,12.867750000000001
6,14,3.5,12.47225
6,14,4.0,12.600000000000001
6,14,4.5,13.742750000000001
6,14,5.0,14.61425
6,14,5.5,17.773
6,14,6.0,17.255
6,14,6.5,19.28675
6,14,7.0,17.919999999999998
6,14,7.5,17.90075
6,14,8.0,17.955000000000002
6,14,8.5,16.4815
6,14,9.0,16.583
6,14,9.5,16.142
6,14,10.0,16.397499999999997
6,14,10.5,16.0265
6,14,11.0,16.3625
6,14,11.5,15.6135
6,14,12.0,15.585500000000001
6,14,12.5,14.605500000000001
6,14,13.0,14.427
6,14,13.5,14.203000000000001
6,14,14.0,14.084000000000001
6,14,14.5,14.9975
6,14,15.0,26.227249999999998
6,14,15.5,27.98425
6,14,16.0,28.28525
6,14,16.5,29.606972499999998
6,14,17.0,29.9289725
6,14,17.5,30.138972499999998
6,14,18.0,20.37175
6,14,18.5,20.13025
6,14,19.0,19.68575
6,14,19.5,18.803749999999997
6,14,20.0,19.03475
6,14,20.5,17.86575
6,14,21.0,18.375
6,14,21.5,16.177000000000003
6,14,22.0,18.71275
6,14,22.5,17.339000000000002
6,14,23.0,16.793000000000003
6,14,23.5,15.61
6,15,0.0,15.238999999999999
6,15,0.5,15.1305
6,15,1.0,14.899499999999998
6,15,1.5,14.3885
6,15,2.0,14.3745
6,15,2.5,14.223999999999998
6,15,3.0,14.5635
6,15,3.5,14.378
6,15,4.0,14.6475
6,15,4.5,15.4035
6,15,5.0,16.80875
6,15,5.5,18.11075
6,15,6.0,17.98125
6,15,6.5,19.62275
6,15,7.0,18.8265
6,15,7.5,19.181749999999997
6,15,8.0,18.71275
6,15,8.5,17.85875
6,15,9.0,18.13175
6,15,9.5,17.328500000000002
6,15,10.0,16.59525
6,15,10.5,16.131500000000003
6,15,11.0,16.35725
6,15,11.5,15.8095
6,15,12.0,15.854999999999999
6,15,12.5,14.4585
6,15,13.0,15.295000000000002
6,15,13.5,14.6895
6,15,14.0,14.245
6,15,14.5,15.90575
6,15,15.0,26.099500000000003
6,15,15.5,28.341250000000002
6,15,16.0,28.215249999999997
6,15,16.5,29.473972500000002
6,15,17.0,29.498472500000002
6,15,17.5,29.5964725
6,15,18.0,20.71125
6,15,18.5,20.490750000000002
6,15,19.0,20.00075
6,15,19.5,19.23075
6,15,20.0,19.92025
6,15,20.5,18.46425
6,15,21.0,18.33825
6,15,21.5,16.43075
6,15,22.0,17.70475
6,15,22.5,17.293499999999998
6,15,23.0,16.59175
6,15,23.5,15.09725
6,16,0.0,14.840000000000002
6,16,0.5,15.210999999999999
6,16,1.0,14.840000000000002
6,16,1.5,13.6395
6,16,2.0,13.699
6,16,2.5,13.53625
6,16,3.0,13.825000000000001
6,16,3.5,13.027
6,16,4.0,13.7725
6,16,4.5,14.47775
6,16,5.0,14.985249999999999
6,16,5.5,16.448249999999998
6,16,6.0,15.35275
6,16,6.5,18.10375
6,16,7.0,16.90675
6,16,7.5,17.4405
6,16,8.0,17.54375
6,16,8.5,16.95575
6,16,9.0,17.27775
6,16,9.5,16.73525
6,16,10.0,16.89975
6,16,10.5,16.71075
6,16,11.0,17.004749999999998
6,16,11.5,16.3135
6,16,12.0,16.03175
6,16,12.5,14.931
6,16,13.0,14.931000000000003
6,16,13.5,14.920499999999999
6,16,14.0,15.326500000000001
6,16,14.5,16.11225
6,16,15.0,26.66825
6,16,15.5,28.48125
6,16,16.0,28.647972499999998
6,16,16.5,29.638472499999995
6,16,17.0,29.5579725
6,16,17.5,29.606972499999998
6,16,18.0,21.17675
6,16,18.5,21.01925
6,16,19.0,21.301
6,16,19.5,20.15125
6,16,20.0,20.371750000000002
6,16,20.5,19.57725
6,16,21.0,18.84575
6,16,21.5,17.41075
6,16,22.0,17.81325
6,16,22.5,17.074749999999998
6,16,23.0,16.5515
6,16,23.5,15.99675
6,17,0.0,15.96875
6,17,0.5,16.08425
6,17,1.0,16.373
6,17,1.5,15.1865
6,17,2.0,15.5295
6,17,2.5,15.039499999999999
6,17,3.0,15.469999999999999
6,17,3.5,14.601999999999999
6,17,4.0,15.694
6,17,4.5,16.065
6,17,5.0,17.4475
6,17,5.5,18.19125
6,17,6.0,16.58125
6,17,6.5,19.202749999999998
6,17,7.0,18.20175
6,17,7.5,18.52375
6,17,8.0,18.345249999999997
6,17,8.5,18.01975
6,17,9.0,17.94275
6,17,9.5,17.193749999999998
6,17,10.0,17.32675
6,17,10.5,17.27425
6,17,11.0,17.38975
6,17,11.5,16.94525
6,17,12.0,16.52175
6,17,12.5,15.879499999999998
6,17,13.0,15.930250000000001
6,17,13.5,15.4
6,17,14.0,15.5645
6,17,14.5,15.97225
6,17,15.0,26.23075
6,17,15.5,27.851249999999997
6,17,16.0,28.72975
6,17,16.5,29.57675
6,17,17.0,30.3874725
6,17,17.5,30.483249999999998
6,17,18.0,20.97375
6,17,18.5,20.44875
6,17,19.0,20.20375
6,17,19.5,19.42675
6,17,20.0,19.60875
6,17,20.5,18.47475
6,17,21.0,18.78275
6,17,21.5,17.45975
6,17,22.0,17.06075
6,17,22.5,17.00125
6,17,23.0,16.51125
6,17,23.5,16.145500000000002
6,18,0.0,16.010749999999998
6,18,0.5,16.0055
6,18,1.0,15.634500000000001
6,18,1.5,14.854
6,18,2.0,14.994
6,18,2.5,14.735000000000001
6,18,3.0,14.882
6,18,3.5,13.9965
6,18,4.0,14.868
6,18,4.5,14.8225
6,18,5.0,16.0265
6,18,5.5,16.849
6,18,6.0,15.445500000000001
6,18,6.5,18.80725
6,18,7.0,17.48425
6,18,7.5,18.41525
6,18,8.0,18.21575
6,18,8.5,18.08275
6,18,9.0,17.493
6,18,9.5,17.468500000000002
6,18,10.0,16.04575
6,18,10.5,15.6695
6,18,11.0,16.387
6,18,11.5,15.4945
6,18,12.0,15.6415
6,18,12.5,13.564250000000001
6,18,13.0,14.0595
6,18,13.5,13.377
6,18,14.0,14.115499999999999
6,18,14.5,14.8225
6,18,15.0,26.815250000000002
6,18,15.5,28.57575
6,18,16.0,29.27225
6,18,16.5,30.024749999999997
6,18,17.0,30.394472499999996
6,18,17.5,30.394472499999996
6,18,18.0,20.72875
6,18,18.5,20.305249999999997
6,18,19.0,19.6735
6,18,19.5,18.31725
6,18,20.0,18.3645
6,18,20.5,17.139499999999998
6,18,21.0,17.6365
6,18,21.5,15.3755
6,18,22.0,16.63025
6,18,22.5,16.47275
6,18,23.0,16.2225
6,18,23.5,15.48925
6,19,0.0,15.344
6,19,0.5,14.92575
6,19,1.0,14.402500000000002
6,19,1.5,13.7095
6,19,2.0,13.713
6,19,2.5,13.627250000000002
6,19,3.0,13.573
6,19,3.5,13.119750000000002
6,19,4.0,14.133000000000001
6,19,4.5,14.3675
6,19,5.0,15.247750000000002
6,19,5.5,16.24
6,19,6.0,14.539000000000001
6,19,6.5,18.242
6,19,7.0,15.616999999999999
6,19,7.5,17.5
6,19,8.0,16.849
6,19,8.5,17.297
6,19,9.0,17.0555
6,19,9.5,16.604
6,19,10.0,17.10275
6,19,10.5,16.5585
6,19,11.0,16.915499999999998
6,19,11.5,15.6975
6,19,12.0,15.676499999999999
6,19,12.5,14.213499999999998
6,19,13.0,14.042
6,19,13.5,13.2825
6,19,14.0,13.093499999999999
6,19,14.5,14.308
6,19,15.0,26.48625
6,19,15.5,28.27825
6,19,16.0,28.5779725
6,19,16.5,29.5264725
6,19,17.0,29.701472499999998
6,19,17.5,29.7084725
6,19,18.0,20.812749999999998
6,19,18.5,20.45575
6,19,19.0,19.76975
6,19,19.5,19.15025
6,19,20.0,19.13275
6,19,20.5,17.98475
6,19,21.0,17.77825
6,19,21.5,15.914499999999999
6,19,22.0,18.068749999999998
6,19,22.5,17.263749999999998
6,19,23.0,16.54275
6,19,23.5,15.813
6,20,0.0,16.1455
6,20,0.5,16.1105
6,20,1.0,16.456999999999997
6,20,1.5,15.624
6,20,2.0,15.336999999999998
6,20,2.5,15.207500000000001
6,20,3.0,15.9005
6,20,3.5,15.309
6,20,4.0,15.995
6,20,4.5,16.98725
6,20,5.0,16.758
6,20,5.5,18.93675
6,20,6.0,17.491249999999997
6,20,6.5,19.663
6,20,7.0,18.80725
6,20,7.5,18.95775
6,20,8.0,18.91925
6,20,8.5,18.884249999999998
6,20,9.0,18.42575
6,20,9.5,18.2945
6,20,10.0,17.87275
6,20,10.5,17.78525
6,20,11.0,18.01275
6,20,11.5,17.35125
6,20,12.0,17.452749999999998
6,20,12.5,16.02125
6,20,13.0,16.149
6,20,13.5,15.638
6,20,14.0,15.7115
6,20,14.5,16.69325
6,20,15.0,27.38575
6,20,15.5,28.8299725
6,20,16.0,29.4687225
6,20,16.5,30.2089725
6,20,17.0,30.5519725
6,20,17.5,30.6779725
6,20,18.0,21.75775
6,20,18.5,21.127750000000002
6,20,19.0,20.73925
6,20,19.5,19.51425
6,20,20.0,19.858999999999998
6,20,20.5,18.621750000000002
6,20,21.0,18.64625
6,20,21.5,16.53925
6,20,22.0,18.19125
6,20,22.5,17.071250000000003
6,20,23.0,16.96275
6,20,23.5,15.498
6,21,0.0,15.827
6,21,0.5,15.448999999999998
6,21,1.0,15.326500000000001
6,21,1.5,14.539
6,21,2.0,14.63
6,21,2.5,14.4935
6,21,3.0,14.469
6,21,3.5,14.147
6,21,4.0,14.8645
6,21,4.5,15.445500000000001
6,21,5.0,16.56375
6,21,5.5,18.20525
6,21,6.0,16.60575
6,21,6.5,19.08025
6,21,7.0,18.19825
6,21,7.5,18.2105
6,21,8.0,17.96725
6,21,8.5,17.053749999999997
6,21,9.0,16.73525
6,21,9.5,16.40975
6,21,10.0,16.63375
6,21,10.5,16.21025
6,21,11.0,16.19275
6,21,11.5,15.70975
6,21,12.0,15.555749999999998
6,21,12.5,14.84525
6,21,13.0,14.999249999999998
6,21,13.5,14.724499999999999
6,21,14.0,15.33525
6,21,14.5,16.16475
6,21,15.0,26.33225
6,21,15.5,28.763472500000002
6,21,16.0,28.976499999999998
6,21,16.5,29.680472499999997
6,21,17.0,29.9709725
6,21,17.5,30.1249725
6,21,18.0,20.93875
6,21,18.5,20.539749999999998
6,21,19.0,20.2195
6,21,19.5,19.32875
6,21,20.0,19.8905
6,21,20.5,18.654999999999998
6,21,21.0,18.61125
6,21,21.5,17.00825
6,21,22.0,18.39775
6,21,22.5,17.31625
6,21,23.0,17.14125
6,21,23.5,16.177
6,22,0.0,15.813
6,22,0.5,15.907499999999999
6,22,1.0,15.42275
6,22,1.5,14.783999999999999
6,22,2.0,14.9975
6,22,2.5,14.875
6,22,3.0,15.2425
6,22,3.5,14.546
6,22,4.0,15.134
6,22,4.5,16.051
6,22,5.0,16.77025
6,22,5.5,17.81325
6,22,6.0,17.19025
6,22,6.5,19.03125
6,22,7.0,19.01725
6,22,7.5,19.262249999999998
6,22,8.0,19.06975
6,22,8.5,17.73275
6,22,9.0,18.12125
6,22,9.5,17.136
6,22,10.0,17.30575
6,22,10.5,16.61625
6,22,11.0,17.2025
6,22,11.5,16.2295
6,22,12.0,16.29425
6,22,12.5,15.253
6,22,13.0,15.70975
6,22,13.5,15.52425
6,22,14.0,14.7735
6,22,14.5,15.84275
6,22,15.0,26.377750000000002
6,22,15.5,28.0774725
6,22,16.0,28.266472500000003
6,22,16.5,29.8029725
6,22,17.0,30.056722499999996
6,22,17.5,30.2002225
6,22,18.0,20.67975
6,22,18.5,20.602749999999997
6,22,19.0,19.80125
6,22,19.5,18.92975
6,22,20.0,18.97175
6,22,20.5,17.96375
6,22,21.0,17.998749999999998
6,22,21.5,16.023
6,22,22.0,16.96275
6,22,22.5,16.92775
6,22,23.0,16.7615
6,22,23.5,15.792
6,23,0.0,16.037
6,23,0.5,15.854999999999999
6,23,1.0,15.767499999999998
6,23,1.5,14.777
6,23,2.0,15.214500000000001
6,23,2.5,14.990500000000003
6,23,3.0,15.627499999999998
6,23,3.5,14.952
6,23,4.0,15.5225
6,23,4.5,16.1385
6,23,5.0,16.49025
6,23,5.5,17.85525
6,23,6.0,16.61625
6,23,6.5,18.51675
6,23,7.0,17.34775
6,23,7.5,17.65925
6,23,8.0,17.18675
6,23,8.5,16.40275
6,23,9.0,16.65125
6,23,9.5,16.36425
6,23,10.0,16.793
6,23,10.5,16.70725
6,23,11.0,16.83325
6,23,11.5,16.46225
6,23,12.0,16.42025
6,23,12.5,15.68175
6,23,13.0,15.82175
6,23,13.5,15.66775
6,23,14.0,15.63275
6,23,14.5,15.863749999999998
6,23,15.0,26.97275
6,23,15.5,28.267750000000003
6,23,16.0,28.71225
6,23,16.5,29.7675
6,23,17.0,29.9132225
6,23,17.5,29.9447225
6,23,18.0,21.25375
6,23,18.5,20.693749999999998
6,23,19.0,20.672749999999997
6,23,19.5,19.63325
6,23,20.0,19.70325
6,23,20.5,18.88775
6,23,21.0,17.90775
6,23,21.5,16.20325
6,23,22.0,16.745749999999997
6,23,22.5,16.9365
6,23,23.0,16.66175
6,23,23.5,16.353749999999998
6,24,0.0,15.582
6,24,0.5,15.57325
6,24,1.0,15.203999999999999
6,24,1.5,14.024500000000002
6,24,2.0,15.036
6,24,2.5,14.710500000000001
6,24,3.0,15.039499999999999
6,24,3.5,14.6895
6,24,4.0,15.253
6,24,4.5,15.9215
6,24,5.0,16.618
6,24,5.5,17.74325
6,24,6.0,17.123749999999998
6,24,6.5,19.02425
6,24,7.0,18.00225
6,24,7.5,18.62
6,24,8.0,18.16675
6,24,8.5,17.98125
6,24,9.0,18.0355
6,24,9.5,17.91825
6,24,10.0,18.1405
6,24,10.5,17.949749999999998
6,24,11.0,17.869249999999997
6,24,11.5,17.46325
6,24,12.0,16.357249999999997
6,24,12.5,15.8025
6,24,13.0,15.61875
6,24,13.5,15.379
6,24,14.0,15.616999999999999
6,24,14.5,15.98625
6,24,15.0,27.452249999999996
6,24,15.5,28.67025
6,24,16.0,29.002750000000002
6,24,16.5,29.81475
6,24,17.0,31.134249999999998
6,24,17.5,31.14125
6,24,18.0,20.858249999999998
6,24,18.5,20.34375
6,24,19.0,19.873
6,24,19.5,18.536
6,24,20.0,18.8335
6,24,20.5,17.76425
6,24,21.0,17.5
6,24,21.5,15.526000000000002
6,24,22.0,17.08875
6,24,22.5,17.10275
6,24,23.0,16.394000000000002
6,24,23.5,15.427999999999999
6,25,0.0,15.179499999999999
6,25,0.5,14.8855
6,25,1.0,14.5005
6,25,1.5,13.695500000000001
6,25,2.0,14.126
6,25,2.5,13.2125
6,25,3.0,13.44
6,25,3.5,12.762749999999999
6,25,4.0,13.259749999999999
6,25,4.5,13.258000000000001
6,25,5.0,15.505
6,25,5.5,15.788499999999999
6,25,6.0,14.084000000000001
6,25,6.5,17.4895
6,25,7.0,15.82
6,25,7.5,16.5515
6,25,8.0,15.095500000000001
6,25,8.5,14.9555
6,25,9.0,14.3185
6,25,9.5,13.979
6,25,10.0,14.045499999999999
6,25,10.5,13.4995
6,25,11.0,14.0105
6,25,11.5,13.408499999999998
6,25,12.0,13.3805
6,25,12.5,11.914
6,25,13.0,12.341000000000001
6,25,13.5,12.610500000000002
6,25,14.0,12.068
6,25,14.5,13.524000000000001
6,25,15.0,26.937749999999998
6,25,15.5,28.369249999999997
6,25,16.0,28.509249999999998
6,25,16.5,29.79375
6,25,17.0,30.633750000000003
6,25,17.5,30.68975
6,25,18.0,20.88625
6,25,18.5,20.11625
6,25,19.0,19.738249999999997
6,25,19.5,18.62
6,25,20.0,19.22725
6,25,20.5,17.99
6,25,21.0,18.3295
6,25,21.5,15.592500000000001
6,25,22.0,17.372249999999998
6,25,22.5,16.982
6,25,23.0,17.13075
6,25,23.5,15.28975
6,26,0.0,14.988750000000001
6,26,0.5,14.15225
6,26,1.0,14.5565
6,26,1.5,12.369
6,26,2.0,14.119
6,26,2.5,13.4715
6,26,3.0,14.784
6,26,3.5,13.573
6,26,4.0,13.552
6,26,4.5,13.902000000000001
6,26,5.0,15.445500000000001
6,26,5.5,16.7685
6,26,6.0,15.1865
6,26,6.5,17.913
6,26,7.0,17.395
6,26,7.5,18.235
6,26,8.0,16.422
6,26,8.5,16.1525
6,26,9.0,16.02825
6,26,9.5,16.205000000000002
6,26,10.0,15.688749999999999
6,26,10.5,15.3895
6,26,11.0,15.3195
6,26,11.5,14.1785
6,26,12.0,14.728
6,26,12.5,13.083
6,26,13.0,13.77075
6,26,13.5,13.082999999999998
6,26,14.0,13.726999999999999
6,26,14.5,14.798
6,26,15.0,26.66825
6,26,15.5,28.53025
6,26,16.0,28.607250000000004
6,26,16.5,29.4735
6,26,17.0,30.140249999999998
6,26,17.5,30.3205
6,26,18.0,20.19325
6,26,18.5,19.77675
6,26,19.0,19.985
6,26,19.5,19.13625
6,26,20.0,19.404
6,26,20.5,18.2665
6,26,21.0,18.47125
6,26,21.5,15.58725
6,26,22.0,17.3635
6,26,22.5,16.255750000000003
6,26,23.0,15.454250000000002
6,26,23.5,14.836500000000001
6,27,0.0,14.301
6,27,0.5,14.6755
6,27,1.0,14.5005
6,27,1.5,13.874
6,27,2.0,14.147
6,27,2.5,14.1995
6,27,3.0,15.406999999999998
6,27,3.5,14.028
6,27,4.0,14.6755
6,27,4.5,14.9065
6,27,5.0,16.03525
6,27,5.5,18.1125
6,27,6.0,16.60925
6,27,6.5,18.50975
6,27,7.0,17.31625
6,27,7.5,17.33375
6,27,8.0,16.96975
6,27,8.5,16.46925
6,27,9.0,16.22775
6,27,9.5,15.734250000000001
6,27,10.0,15.634499999999997
6,27,10.5,15.226750000000001
6,27,11.0,15.002749999999999
6,27,11.5,14.491749999999998
6,27,12.0,13.994749999999998
6,27,12.5,13.17225
6,27,13.0,13.3105
6,27,13.5,13.039250000000001
6,27,14.0,11.807250000000002
6,27,14.5,13.755
6,27,15.0,24.93575
6,27,15.5,27.38575
6,27,16.0,27.333250000000003
6,27,16.5,28.514499999999998
6,27,17.0,29.167722499999996
6,27,17.5,29.1729725
6,27,18.0,19.85375
6,27,18.5,19.29375
6,27,19.0,19.07325
6,27,19.5,17.976
6,27,20.0,18.52375
6,27,20.5,17.49475
6,27,21.0,17.89375
6,27,21.5,15.4245
6,27,22.0,15.27575
6,27,22.5,14.484749999999998
6,27,23.0,13.698999999999998
6,27,23.5,12.04
6,28,0.0,12.327
6,28,0.5,12.1485
6,28,1.0,11.3855
6,28,1.5,10.6995
6,28,2.0,10.7975
6,28,2.5,10.545499999999999
6,28,3.0,10.5665
6,28,3.5,10.024
6,28,4.0,9.864749999999999
6,28,4.5,11.179
6,28,5.0,12.096000000000002
6,28,5.5,14.245
6,28,6.0,14.120750000000001
6,28,6.5,16.52525
6,28,7.0,15.482249999999999
6,28,7.5,16.11225
6,28,8.0,15.377249999999998
6,28,8.5,15.191749999999999
6,28,9.0,14.9275
6,28,9.5,14.4165
6,28,10.0,13.804
6,28,10.5,13.537999999999998
6,28,11.0,12.943
6,28,11.5,12.165999999999999
6,28,12.0,12.565
6,28,12.5,11.4275
6,28,13.0,11.998
6,28,13.5,11.3715
6,28,14.0,10.85875
6,28,14.5,12.347999999999999
6,28,15.0,24.4265
6,28,15.5,26.7085
6,28,16.0,27.1425
6,28,16.5,28.075722499999998
6,28,17.0,28.885972499999998
6,28,17.5,29.328722499999998
6,28,18.0,19.748749999999998
6,28,18.5,19.3445
6,28,19.0,19.57725
6,28,19.5,18.72675
6,28,20.0,19.17475
6,28,20.5,18.3645
6,28,21.0,18.37325
6,28,21.5,15.904000000000002
6,28,22.0,16.90325
6,28,22.5,16.8245
6,28,23.0,16.912000000000003
6,28,23.5,15.588999999999999
6,29,0.0,15.505
6,29,0.5,15.2845
6,29,1.0,15.109499999999999
6,29,1.5,13.842500000000001
6,29,2.0,14.2905
6,29,2.5,14.0595
6,29,3.0,14.7385
6,29,3.5,13.573
6,29,4.0,14.1925
6,29,4.5,15.522499999999999
6,29,5.0,16.41325
6,29,5.5,18.09675
6,29,6.0,16.71075
6,29,6.5,18.47825
6,29,7.0,18.24375
6,29,7.5,18.91575
6,29,8.0,19.07675
6,29,8.5,18.481749999999998
6,29,9.0,18.52375
6,29,9.5,17.86575
6,29,10.0,17.46675
6,29,10.5,16.994249999999997
6,29,11.0,17.00125
6,29,11.5,16.467499999999998
6,29,12.0,16.50425
6,29,12.5,15.251249999999999
6,29,13.0,15.21975
6,29,13.5,14.978249999999997
6,29,14.0,15.40875
6,29,14.5,15.63275
6,29,15.0,26.39525
6,29,15.5,28.19775
6,29,16.0,28.18025
6,29,16.5,29.4319725
6,29,17.0,30.0829725
6,29,17.5,30.1879725
6,29,18.0,19.94125
6,29,18.5,19.0295
6,29,19.0,19.11525
6,29,19.5,18.11425
6,29,20.0,18.287499999999998
6,29,20.5,17.690749999999998
6,29,21.0,17.864
6,29,21.5,16.25225
6,29,22.0,17.52275
6,29,22.5,17.23575
6,29,23.0,16.60925
6,29,23.5,15.75875
6,30,0.0,15.48925
6,30,0.5,15.24075
6,30,1.0,15.293249999999999
6,30,1.5,14.610749999999998
6,30,2.0,14.56875
6,30,2.5,14.14175
6,30,3.0,14.085749999999999
6,30,3.5,13.252749999999999
6,30,4.0,14.103250000000001
6,30,4.5,14.15925
6,30,5.0,14.334249999999999
6,30,5.5,15.498
6,30,6.0,14.743749999999999
6,30,6.5,16.352
6,30,7.0,16.19625
6,30,7.5,16.79825
6,30,8.0,17.8045
6,30,8.5,17.34775
6,30,9.0,17.92175
6,30,9.5,17.45975
6,30,10.0,17.211249999999996
6,30,10.5,17.24975
6,30,11.0,17.64175
6,30,11.5,17.12025
6,30,12.0,16.756249999999998
6,30,12.5,15.720249999999998
6,30,13.0,15.90225
6,30,13.5,15.63975
6,30,14.0,15.51375
6,30,14.5,15.89175
6,30,15.0,26.50725
6,30,15.5,28.174999999999997
6,30,16.0,28.17325
6,30,16.5,28.9275
6,30,17.0,29.0325
6,30,17.5,29.2075
6,30,18.0,19.32875
6,30,18.5,18.57275
6,30,19.0,18.48175
6,30,19.5,17.57875
6,30,20.0,18.41525
6,30,20.5,17.76775
6,30,21.0,18.198249999999998
6,30,21.5,16.75275
6,30,22.0,16.71075
6,30,22.5,16.76675
6,30,23.0,16.61625
6,30,23.5,15.38425
7,1,0.0,15.3615
7,1,0.5,14.308
7,1,1.0,13.7515
7,1,1.5,13.0445
7,1,2.0,13.34725
7,1,2.5,13.10575
7,1,3.0,13.11275
7,1,3.5,12.46525
7,1,4.0,13.82325
7,1,4.5,14.54775
7,1,5.0,14.48475
7,1,5.5,15.90575
7,1,6.0,15.5925
7,1,6.5,17.62425
7,1,7.0,16.60225
7,1,7.5,17.123749999999998
7,1,8.0,16.60925
7,1,8.5,15.932
7,1,9.0,15.14975
7,1,9.5,13.938749999999999
7,1,10.0,14.41125
7,1,10.5,14.204749999999999
7,1,11.0,14.766499999999999
7,1,11.5,14.00875
7,1,12.0,13.739249999999998
7,1,12.5,12.927249999999999
7,1,13.0,12.94825
7,1,13.5,12.692749999999998
7,1,14.0,12.633249999999999
7,1,14.5,13.00775
7,1,15.0,23.616249999999997
7,1,15.5,25.884249999999998
7,1,16.0,25.599
7,1,16.5,27.215999999999998
7,1,17.0,27.910749999999997
7,1,17.5,28.46025
7,1,18.0,18.97875
7,1,18.5,18.59375
7,1,19.0,19.05575
7,1,19.5,18.04075
7,1,20.0,18.6375
7,1,20.5,18.03025
7,1,21.0,18.095000000000002
7,1,21.5,15.924999999999999
7,1,22.0,15.58375
7,1,22.5,12.563250000000002
7,1,23.0,12.9535
7,1,23.5,11.137
7,2,0.0,12.3795
7,2,0.5,13.086500000000001
7,2,1.0,12.6105
7,2,1.5,11.409999999999998
7,2,2.0,11.5465
7,2,2.5,11.910499999999999
7,2,3.0,11.798499999999999
7,2,3.5,11.094999999999999
7,2,4.0,11.61475
7,2,4.5,12.5475
7,2,5.0,12.418000000000001
7,2,5.5,13.5625
7,2,6.0,14.049
7,2,6.5,16.980249999999998
7,2,7.0,13.926499999999999
7,2,7.5,15.44375
7,2,8.0,14.215250000000003
7,2,8.5,14.70875
7,2,9.0,14.1225
7,2,9.5,13.384
7,2,10.0,13.804
7,2,10.5,13.289499999999999
7,2,11.0,12.841500000000002
7,2,11.5,11.360999999999999
7,2,12.0,11.368
7,2,12.5,9.8805
7,2,13.0,9.103499999999999
7,2,13.5,8.764
7,2,14.0,10.2725
7,2,14.5,10.6715
7,2,15.0,22.746499999999997
7,2,15.5,26.400499999999997
7,2,16.0,24.349499999999995
7,2,16.5,27.758499999999998
7,2,17.0,26.55275
7,2,17.5,27.629
7,2,18.0,18.45025
7,2,18.5,18.49225
7,2,19.0,18.29275
7,2,19.5,17.68375
7,2,20.0,18.22975
7,2,20.5,17.01875
7,2,21.0,18.06175
7,2,21.5,15.317749999999998
7,2,22.0,17.690749999999998
7,2,22.5,16.02125
7,2,23.0,15.884749999999999
7,2,23.5,14.588
7,3,0.0,14.117249999999999
7,3,0.5,13.954500000000001
7,3,1.0,13.59225
7,3,1.5,12.578999999999999
7,3,2.0,12.908000000000001
7,3,2.5,12.7575
7,3,3.0,14.631749999999998
7,3,3.5,13.21775
7,3,4.0,14.979999999999999
7,3,4.5,15.7675
7,3,5.0,17.143
7,3,5.5,18.97525
7,3,6.0,16.7895
7,3,6.5,19.63675
7,3,7.0,18.5185
7,3,7.5,18.48525
7,3,8.0,17.6855
7,3,8.5,17.54375
7,3,9.0,17.304
7,3,9.5,16.95925
7,3,10.0,16.80175
7,3,10.5,16.86825
7,3,11.0,16.52
7,3,11.5,15.225
7,3,12.0,14.90825
7,3,12.5,12.911499999999998
7,3,13.0,13.716500000000002
7,3,13.5,12.705
7,3,14.0,11.936749999999998
7,3,14.5,13.10575
7,3,15.0,24.834249999999997
7,3,15.5,27.4785
7,3,16.0,27.917749999999998
7,3,16.5,29.078
7,3,17.0,29.700999999999997
7,3,17.5,29.002749999999995
7,3,18.0,19.73125
7,3,18.5,18.97175
7,3,19.0,18.53775
7,3,19.5,17.790499999999998
7,3,20.0,18.184250000000002
7,3,20.5,16.77725
7,3,21.0,17.053749999999997
7,3,21.5,14.234499999999999
7,3,22.0,16.058
7,3,22.5,13.91075
7,3,23.0,14.715749999999998
7,3,23.5,12.6875
7,4,0.0,12.10125
7,4,0.5,11.81075
7,4,1.0,11.96475
7,4,1.5,11.067
7,4,2.0,11.1825
7,4,2.5,10.823749999999999
7,4,3.0,12.012
7,4,3.5,11.024999999999999
7,4,4.0,11.525500000000001
7,4,4.5,13.160000000000002
7,4,5.0,12.59475
7,4,5.5,15.064
7,4,6.0,13.545000000000002
7,4,6.5,16.69325
7,4,7.0,15.028999999999998
7,4,7.5,15.695749999999999
7,4,8.0,15.296749999999998
7,4,8.5,15.32125
7,4,9.0,15.3545
7,4,9.5,15.36325
7,4,10.0,14.880249999999998
7,4,10.5,15.020249999999999
7,4,11.0,15.59425
7,4,11.5,14.6755
7,4,12.0,14.847
7,4,12.5,12.775
7,4,13.0,12.78375
7,4,13.5,12.3095
7,4,14.0,12.0785
7,4,14.5,13.2615
7,4,15.0,23.815749999999998
7,4,15.5,25.69175
7,4,16.0,26.41275
7,4,16.5,27.590500000000002
7,4,17.0,28.343
7,4,17.5,28.476
7,4,18.0,18.73375
7,4,18.5,18.2
7,4,19.0,18.52725
7,4,19.5,17.34775
7,4,20.0,18.13525
7,4,20.5,16.71775
7,4,21.0,17.480749999999997
7,4,21.5,14.90825
7,4,22.0,15.44375
7,4,22.5,13.895000000000001
7,4,23.0,13.252749999999999
7,4,23.5,12.052249999999999
7,5,0.0,12.615749999999998
7,5,0.5,12.367249999999999
7,5,1.0,12.51775
7,5,1.5,11.77925
7,5,2.0,11.9735
7,5,2.5,11.7355
7,5,3.0,11.85975
7,5,3.5,11.228
7,5,4.0,11.03725
7,5,4.5,12.489749999999999
7,5,5.0,13.140749999999999
7,5,5.5,15.45425
7,5,6.0,13.623750000000001
7,5,6.5,16.46575
7,5,7.0,16.21725
7,5,7.5,16.40625
7,5,8.0,17.15175
7,5,8.5,16.38175
7,5,9.0,16.357249999999997
7,5,9.5,15.67825
7,5,10.0,15.42275
7,5,10.5,15.595999999999998
7,5,11.0,16.91725
7,5,11.5,16.224249999999998
7,5,12.0,16.542749999999998
7,5,12.5,15.21625
7,5,13.0,15.002749999999999
7,5,13.5,14.56875
7,5,14.0,14.37975
7,5,14.5,15.85675
7,5,15.0,25.621750000000002
7,5,15.5,28.752499999999998
7,5,16.0,28.1435
7,5,16.5,29.042999999999996
7,5,17.0,29.242499999999996
7,5,17.5,29.358
7,5,18.0,20.02875
7,5,18.5,19.58425
7,5,19.0,19.55975
7,5,19.5,18.074
7,5,20.0,18.95075
7,5,20.5,18.257749999999998
7,5,21.0,19.14325
7,5,21.5,16.8385
7,5,22.0,17.69425
7,5,22.5,16.85775
7,5,23.0,16.39225
7,5,23.5,15.370249999999999
7,6,0.0,15.96175
7,6,0.5,15.664250000000001
7,6,1.0,15.00625
7,6,1.5,14.400749999999997
7,6,2.0,13.97725
7,6,2.5,13.686749999999998
7,6,3.0,13.97375
7,6,3.5,13.47325
7,6,4.0,14.49875
7,6,4.5,15.237249999999998
7,6,5.0,16.30125
7,6,5.5,17.80625
7,6,6.0,16.76675
7,6,6.5,18.36625
7,6,7.0,18.22275
7,6,7.5,18.614749999999997
7,6,8.0,18.362750000000002
7,6,8.5,17.372249999999998
7,6,9.0,16.85075
7,6,9.5,16.10175
7,6,10.0,15.63975
7,6,10.5,15.40875
7,6,11.0,14.939750000000002
7,6,11.5,14.43925
7,6,12.0,13.956249999999999
7,6,12.5,13.08475
7,6,13.0,12.684
7,6,13.5,12.575499999999998
7,6,14.0,12.75925
7,6,14.5,13.193249999999999
7,6,15.0,23.514750000000003
7,6,15.5,25.366249999999997
7,6,16.0,25.34875
7,6,16.5,26.7015
7,6,17.0,27.632499999999997
7,6,17.5,27.936999999999998
7,6,18.0,19.052249999999997
7,6,18.5,18.71975
7,6,19.0,18.72325
7,6,19.5,17.93925
7,6,20.0,18.39425
7,6,20.5,17.58575
7,6,21.0,18.07225
7,6,21.5,16.29775
7,6,22.0,17.06075
7,6,22.5,16.24525
7,6,23.0,15.603000000000002
7,6,23.5,14.227500000000001
7,7,0.0,14.2695
7,7,0.5,14.2975
7,7,1.0,14.262500000000001
7,7,1.5,13.8285
7,7,2.0,13.61325
7,7,2.5,13.8005
7,7,3.0,14.383249999999999
7,7,3.5,13.461
7,7,4.0,14.295749999999998
7,7,4.5,14.570500000000001
7,7,5.0,15.44025
7,7,5.5,16.64775
7,7,6.0,14.847
7,7,6.5,17.83775
7,7,7.0,16.04575
7,7,7.5,16.71775
7,7,8.0,17.42125
7,7,8.5,17.3355
7,7,9.0,18.047749999999997
7,7,9.5,17.44925
7,7,10.0,17.05725
7,7,10.5,17.02225
7,7,11.0,17.24275
7,7,11.5,16.85425
7,7,12.0,16.1665
7,7,12.5,14.6265
7,7,13.0,14.315
7,7,13.5,14.315
7,7,14.0,14.154000000000002
7,7,14.5,15.26
7,7,15.0,26.85375
7,7,15.5,28.267749999999996
7,7,16.0,28.46375
7,7,16.5,29.001
7,7,17.0,29.400000000000002
7,7,17.5,29.6765
7,7,18.0,20.1635
7,7,18.5,19.81175
7,7,19.0,19.65775
7,7,19.5,18.362750000000002
7,7,20.0,19.06625
7,7,20.5,18.387249999999998
7,7,21.0,18.19125
7,7,21.5,16.756249999999998
7,7,22.0,16.75275
7,7,22.5,16.93125
7,7,23.0,16.65475
7,7,23.5,15.191749999999999
7,8,0.0,15.944249999999998
7,8,0.5,15.058750000000002
7,8,1.0,15.48925
7,8,1.5,14.540750000000001
7,8,2.0,14.740249999999998
7,8,2.5,14.49875
7,8,3.0,14.91525
7,8,3.5,14.40775
7,8,4.0,15.15325
7,8,4.5,15.90225
7,8,5.0,15.68
7,8,5.5,17.04325
7,8,6.0,16.017750000000003
7,8,6.5,19.05575
7,8,7.0,17.10625
7,8,7.5,18.20525
7,8,8.0,17.1815
7,8,8.5,16.98725
7,8,9.0,16.21375
7,8,9.5,15.788499999999999
7,8,10.0,16.178749999999997
7,8,10.5,16.32575
7,8,11.0,16.58475
7,8,11.5,16.238249999999997
7,8,12.0,16.08075
7,8,12.5,14.97475
7,8,13.0,15.814749999999998
7,8,13.5,16.12275
7,8,14.0,16.075499999999998
7,8,14.5,16.93475
7,8,15.0,28.10325
7,8,15.5,29.130499999999998
7,8,16.0,29.911
7,8,16.5,30.485
7,8,17.0,31.136
7,8,17.5,31.115
7,8,18.0,22.016750000000002
7,8,18.5,21.334249999999997
7,8,19.0,21.04025
7,8,19.5,20.03575
7,8,20.0,19.86075
7,8,20.5,19.052249999999997
7,8,21.0,18.65675
7,8,21.5,16.805249999999997
7,8,22.0,17.45625
7,8,22.5,17.428250000000002
7,8,23.0,16.78425
7,8,23.5,16.4885
7,9,0.0,16.056250000000002
7,9,0.5,15.7535
7,9,1.0,15.83925
7,9,1.5,15.300249999999998
7,9,2.0,15.4245
7,9,2.5,15.207500000000001
7,9,3.0,15.595999999999998
7,9,3.5,14.665000000000001
7,9,4.0,14.610750000000001
7,9,4.5,14.80325
7,9,5.0,15.179499999999999
7,9,5.5,16.009
7,9,6.0,15.6625
7,9,6.5,17.81675
7,9,7.0,17.01175
7,9,7.5,17.48075
7,9,8.0,18.02325
7,9,8.5,18.07225
7,9,9.0,17.84825
7,9,9.5,17.647000000000002
7,9,10.0,17.690749999999998
7,9,10.5,17.610249999999997
7,9,11.0,18.08275
7,9,11.5,17.556
7,9,12.0,17.312749999999998
7,9,12.5,16.016000000000002
7,9,13.0,16.016000000000002
7,9,13.5,15.757
7,9,14.0,15.876
7,9,14.5,16.191
7,9,15.0,27.133749999999996
7,9,15.5,28.427000000000003
7,9,16.0,29.1375
7,9,16.5,30.128
7,9,17.0,30.254
7,9,17.5,30.099999999999998
7,9,18.0,20.81625
7,9,18.5,20.42775
7,9,19.0,20.08125
7,9,19.5,19.285
7,9,20.0,19.09075
7,9,20.5,18.52725
7,9,21.0,18.07225
7,9,21.5,16.945249999999998
7,9,22.0,17.92525
7,9,22.5,17.382749999999998
7,9,23.0,16.71425
7,9,23.5,16.09825
7,10,0.0,15.807749999999999
7,10,0.5,15.57325
7,10,1.0,15.70975
7,10,1.5,15.022
7,10,2.0,14.747250000000001
7,10,2.5,14.56
7,10,3.0,15.515500000000001
7,10,3.5,14.455
7,10,4.0,14.850499999999998
7,10,4.5,15.3545
7,10,5.0,15.414
7,10,5.5,17.003
7,10,6.0,16.5865
7,10,6.5,19.138
7,10,7.0,18.263
7,10,7.5,18.2315
7,10,8.0,19.166
7,10,8.5,19.131
7,10,9.0,18.501
7,10,9.5,17.984750000000002
7,10,10.0,17.962
7,10,10.5,17.9585
7,10,11.0,17.80625
7,10,11.5,16.94
7,10,12.0,15.813
7,10,12.5,14.1995
7,10,13.0,14.90825
7,10,13.5,14.161
7,10,14.0,14.574
7,10,14.5,15.036
7,10,15.0,26.696250000000003
7,10,15.5,28.62125
7,10,16.0,28.95025
7,10,16.5,29.638
7,10,17.0,30.820999999999998
7,10,17.5,30.5445
7,10,18.0,21.964250000000003
7,10,18.5,21.1645
7,10,19.0,20.4855
7,10,19.5,19.47575
7,10,20.0,20.00075
7,10,20.5,19.10475
7,10,21.0,18.96125
7,10,21.5,17.42475
7,10,22.0,17.5945
7,10,22.5,16.96275
7,10,23.0,16.48675
7,10,23.5,16.03175
7,11,0.0,16.19275
7,11,0.5,15.741249999999999
7,11,1.0,16.119249999999997
7,11,1.5,15.32475
7,11,2.0,15.274000000000001
7,11,2.5,15.079749999999999
7,11,3.0,15.52075
7,11,3.5,14.999250000000002
7,11,4.0,15.505
7,11,4.5,15.59775
7,11,5.0,16.38525
7,11,5.5,17.20075
7,11,6.0,16.27325
7,11,6.5,18.46425
7,11,7.0,17.29525
7,11,7.5,17.90425
7,11,8.0,16.945249999999998
7,11,8.5,16.9575
7,11,9.0,16.95925
7,11,9.5,17.302249999999997
7,11,10.0,17.31625
7,11,10.5,17.59275
7,11,11.0,17.73275
7,11,11.5,17.34775
7,11,12.0,16.5795
7,11,12.5,15.177749999999998
7,11,13.0,15.72375
7,11,13.5,15.275749999999997
7,11,14.0,15.366750000000001
7,11,14.5,15.78675
7,11,15.0,26.101249999999997
7,11,15.5,27.851249999999997
7,11,16.0,28.44275
7,11,16.5,29.130499999999998
7,11,17.0,29.919749999999997
7,11,17.5,29.905749999999998
7,11,18.0,20.375249999999998
7,11,18.5,19.35325
7,11,19.0,19.22375
7,11,19.5,18.186
7,11,20.0,18.7635
7,11,20.5,17.40725
7,11,21.0,17.865750000000002
7,11,21.5,15.958250000000001
7,11,22.0,17.33725
7,11,22.5,16.7335
7,11,23.0,16.5795
7,11,23.5,15.77625
7,12,0.0,16.06325
7,12,0.5,15.765749999999999
7,12,1.0,15.860249999999999
7,12,1.5,15.183
7,12,2.0,15.359749999999998
7,12,2.5,15.1515
7,12,3.0,15.6135
7,12,3.5,15.079749999999999
7,12,4.0,15.268749999999999
7,12,4.5,15.755249999999998
7,12,5.0,16.80875
7,12,5.5,17.78175
7,12,6.0,17.18325
7,12,6.5,18.64975
7,12,7.0,18.48175
7,12,7.5,18.96825
7,12,8.0,18.366249999999997
7,12,8.5,18.11775
7,12,9.0,18.0425
7,12,9.5,17.96725
7,12,10.0,17.93575
7,12,10.5,18.00575
7,12,11.0,17.86575
7,12,11.5,17.3355
7,12,12.0,16.72825
7,12,12.5,15.84975
7,12,13.0,15.788499999999999
7,12,13.5,15.296750000000001
7,12,14.0,15.139249999999999
7,12,14.5,15.72725
7,12,15.0,26.412750000000003
7,12,15.5,27.3875
7,12,16.0,27.7795
7,12,16.5,28.560000000000002
7,12,17.0,29.035999999999998
7,12,17.5,29.0675
7,12,18.0,19.545749999999998
7,12,18.5,18.873749999999998
7,12,19.0,18.90875
7,12,19.5,17.890249999999998
7,12,20.0,18.60775
7,12,20.5,18.0565
7,12,21.0,17.806250000000002
7,12,21.5,16.14725
7,12,22.0,17.29525
7,12,22.5,16.40275
7,12,23.0,16.32575
7,12,23.5,15.230249999999998
7,13,0.0,15.517249999999999
7,13,0.5,14.82775
7,13,1.0,15.064
7,13,1.5,14.173250000000001
7,13,2.0,14.911749999999998
7,13,2.5,14.27825
7,13,3.0,14.950249999999999
7,13,3.5,14.13125
7,13,4.0,15.079749999999999
7,13,4.5,15.895249999999999
7,13,5.0,16.21375
7,13,5.5,17.083499999999997
7,13,6.0,16.22775
7,13,6.5,18.632250000000003
7,13,7.0,17.61725
7,13,7.5,18.53075
7,13,8.0,18.50275
7,13,8.5,17.75725
7,13,9.0,18.32075
7,13,9.5,17.89375
7,13,10.0,17.879749999999998
7,13,10.5,17.83775
7,13,11.0,17.65225
7,13,11.5,17.122
7,13,12.0,16.36425
7,13,12.5,15.33525
7,13,13.0,15.466499999999998
7,13,13.5,15.32475
7,13,14.0,15.07275
7,13,14.5,15.674749999999998
7,13,15.0,25.849249999999998
7,13,15.5,27.58875
7,13,16.0,27.704250000000002
7,13,16.5,28.93975
7,13,17.0,29.56975
7,13,17.5,29.45075
7,13,18.0,19.615750000000002
7,13,18.5,19.510749999999998
7,13,19.0,19.132749999999998
7,13,19.5,18.50275
7,13,20.0,18.75475
7,13,20.5,18.13175
7,13,21.0,18.48175
7,13,21.5,16.12975
7,13,22.0,17.78175
7,13,22.5,17.14475
7,13,23.0,16.493750000000002
7,13,23.5,15.82875
7,14,0.0,15.52775
7,14,0.5,14.96425
7,14,1.0,14.45675
7,14,1.5,13.53275
7,14,2.0,13.994749999999998
7,14,2.5,13.51175
7,14,3.0,14.246749999999999
7,14,3.5,13.90375
7,14,4.0,13.075999999999999
7,14,4.5,13.935249999999998
7,14,5.0,14.187249999999999
7,14,5.5,15.188249999999998
7,14,6.0,13.97025
7,14,6.5,15.867249999999999
7,14,7.0,15.566250000000002
7,14,7.5,16.805249999999997
7,14,8.0,16.408
7,14,8.5,16.401
7,14,9.0,16.09825
7,14,9.5,16.14375
7,14,10.0,16.45875
7,14,10.5,16.73175
7,14,11.0,17.48425
7,14,11.5,16.45875
7,14,12.0,16.66875
7,14,12.5,15.625749999999998
7,14,13.0,15.40175
7,14,13.5,14.84525
7,14,14.0,15.10075
7,14,14.5,15.167250000000001
7,14,15.0,25.65325
7,14,15.5,26.90975
7,14,16.0,26.895750000000003
7,14,16.5,28.047250000000002
7,14,17.0,28.39375
7,14,17.5,28.00175
7,14,18.0,18.83175
7,14,18.5,18.03375
7,14,19.0,17.91825
7,14,19.5,16.77375
7,14,20.0,17.547250000000002
7,14,20.5,17.050250000000002
7,14,21.0,16.79475
7,14,21.5,15.03075
7,14,22.0,17.13775
7,14,22.5,16.28725
7,14,23.0,15.0465
7,14,23.5,14.21525
7,15,0.0,13.84425
7,15,0.5,13.690249999999999
7,15,1.0,13.648249999999999
7,15,1.5,13.378749999999998
7,15,2.0,13.228249999999997
7,15,2.5,12.96575
7,15,3.0,13.459249999999999
7,15,3.5,12.804749999999999
7,15,4.0,13.38575
7,15,4.5,13.48375
7,15,5.0,14.63525
7,15,5.5,15.02375
7,15,6.0,13.606250000000001
7,15,6.5,15.95125
7,15,7.0,15.069249999999998
7,15,7.5,15.46125
7,15,8.0,14.890749999999999
7,15,8.5,14.52675
7,15,9.0,14.943249999999999
7,15,9.5,14.45675
7,15,10.0,15.009749999999999
7,15,10.5,14.57925
7,15,11.0,15.7325
7,15,11.5,15.079749999999999
7,15,12.0,15.48225
7,15,12.5,14.21175
7,15,13.0,14.39025
7,15,13.5,13.964999999999998
7,15,14.0,13.19675
7,15,14.5,13.938749999999999
7,15,15.0,23.017749999999996
7,15,15.5,26.108249999999998
7,15,16.0,26.76275
7,15,16.5,28.943250000000003
7,15,17.0,29.384249999999998
7,15,17.5,29.363249999999997
7,15,18.0,19.76275
7,15,18.5,18.75125
7,15,19.0,18.61475
7,15,19.5,17.22525
7,15,20.0,17.589249999999996
7,15,20.5,16.95575
7,15,21.0,17.04325
7,15,21.5,14.46025
7,15,22.0,16.248749999999998
7,15,22.5,15.426250000000001
7,15,23.0,14.58975
7,15,23.5,13.31575
7,16,0.0,13.319249999999998
7,16,0.5,12.951749999999999
7,16,1.0,13.021749999999999
7,16,1.5,12.16775
7,16,2.0,13.004249999999999
7,16,2.5,12.592999999999998
7,16,3.0,12.871249999999998
7,16,3.5,12.08025
7,16,4.0,12.563249999999998
7,16,4.5,12.715499999999999
7,16,5.0,13.240499999999999
7,16,5.5,14.351750000000001
7,16,6.0,11.98925
7,16,6.5,15.370249999999999
7,16,7.0,14.3815
7,16,7.5,15.982750000000001
7,16,8.0,15.12
7,16,8.5,15.380749999999999
7,16,9.0,14.259
7,16,9.5,13.835500000000001
7,16,10.0,13.826749999999999
7,16,10.5,12.8485
7,16,11.0,12.811749999999998
7,16,11.5,11.43625
7,16,12.0,12.68925
7,16,12.5,10.96725
7,16,13.0,11.3855
7,16,13.5,11.290999999999999
7,16,14.0,10.8605
7,16,14.5,12.433750000000002
7,16,15.0,22.741249999999997
7,16,15.5,25.55875
7,16,16.0,25.11425
7,16,16.5,27.354249999999997
7,16,17.0,27.564249999999998
7,16,17.5,27.831999999999997
7,16,18.0,19.19925
7,16,18.5,18.544749999999997
7,16,19.0,18.91575
7,16,19.5,17.9865
7,16,20.0,18.9035
7,16,20.5,18.226249999999997
7,16,21.0,18.58675
7,16,21.5,15.69925
7,16,22.0,17.77125
7,16,22.5,16.945249999999998
7,16,23.0,16.27675
7,16,23.5,15.646749999999999
7,17,0.0,15.289749999999998
7,17,0.5,15.184750000000001
7,17,1.0,15.328249999999999
7,17,1.5,14.69825
7,17,2.0,15.051749999999998
7,17,2.5,15.09725
7,17,3.0,15.307250000000002
7,17,3.5,14.713999999999999
7,17,4.0,14.917
7,17,4.5,15.65725
7,17,5.0,15.6905
7,17,5.5,16.9575
7,17,6.0,16.355500000000003
7,17,6.5,18.933249999999997
7,17,7.0,16.974999999999998
7,17,7.5,17.626
7,17,8.0,16.5445
7,17,8.5,16.57075
7,17,9.0,15.778
7,17,9.5,15.34225
7,17,10.0,15.834000000000001
7,17,10.5,15.176
7,17,11.0,14.392000000000001
7,17,11.5,13.4225
7,17,12.0,14.216999999999999
7,17,12.5,12.796
7,17,13.0,13.195
7,17,13.5,12.81
7,17,14.0,13.78125
7,17,14.5,14.189
7,17,15.0,25.05825
7,17,15.5,26.615750000000002
7,17,16.0,26.69275
7,17,16.5,27.76375
7,17,17.0,29.07275
7,17,17.5,29.39825
7,17,18.0,19.70325
7,17,18.5,19.649
7,17,19.0,20.214249999999996
7,17,19.5,19.38825
7,17,20.0,19.570249999999998
7,17,20.5,19.048750000000002
7,17,21.0,18.614749999999997
7,17,21.5,16.880499999999998
7,17,22.0,17.29875
7,17,22.5,16.86125
7,17,23.0,16.212
7,17,23.5,15.743
7,18,0.0,14.777000000000001
7,18,0.5,14.60025
7,18,1.0,14.09975
7,18,1.5,13.7935
7,18,2.0,14.021
7,18,2.5,13.912500000000001
7,18,3.0,14.6195
7,18,3.5,13.912500000000001
7,18,4.0,15.088500000000002
7,18,4.5,16.126250000000002
7,18,5.0,16.29075
7,18,5.5,17.66275
7,18,6.0,15.76225
7,18,6.5,18.054750000000002
7,18,7.0,16.85075
7,18,7.5,17.631249999999998
7,18,8.0,17.52975
7,18,8.5,17.5385
7,18,9.0,17.120250000000002
7,18,9.5,16.612750000000002
7,18,10.0,16.612750000000002
7,18,10.5,16.56375
7,18,11.0,16.69325
7,18,11.5,16.27325
7,18,12.0,16.65825
7,18,12.5,15.615250000000001
7,18,13.0,15.88825
7,18,13.5,16.01425
7,18,14.0,15.28625
7,18,14.5,16.08425
7,18,15.0,26.419749999999997
7,18,15.5,27.712999999999997
7,18,16.0,27.942249999999998
7,18,16.5,29.43675
7,18,17.0,31.09575
7,18,17.5,31.38625
7,18,18.0,22.772750000000002
7,18,18.5,21.52325
7,18,19.0,21.726250000000004
7,18,19.5,21.06475
7,18,20.0,20.37875
7,18,20.5,19.901
7,18,21.0,19.60875
7,18,21.5,17.27775
7,18,22.0,17.486
7,18,22.5,16.65125
7,18,23.0,16.129749999999998
7,18,23.5,15.741249999999999
7,19,0.0,15.5505
7,19,0.5,15.263499999999999
7,19,1.0,15.4595
7,19,1.5,14.710500000000001
7,19,2.0,15.092
7,19,2.5,14.875
7,19,3.0,15.1445
7,19,3.5,14.686
7,19,4.0,14.75775
7,19,4.5,15.3055
7,19,5.0,16.477999999999998
7,19,5.5,17.98125
7,19,6.0,16.675749999999997
7,19,6.5,18.89475
7,19,7.0,18.53775
7,19,7.5,18.94725
7,19,8.0,18.495749999999997
7,19,8.5,18.032
7,19,9.0,17.35125
7,19,9.5,16.861250000000002
7,19,10.0,17.03975
7,19,10.5,16.66175
7,19,11.0,16.45175
7,19,11.5,15.800749999999999
7,19,12.0,15.336999999999998
7,19,12.5,14.505749999999999
7,19,13.0,14.91175
7,19,13.5,14.51625
7,19,14.0,14.547749999999999
7,19,14.5,14.98175
7,19,15.0,26.803
7,19,15.5,27.66925
7,19,16.0,27.970249999999997
7,19,16.5,28.388499999999997
7,19,17.0,28.9555
7,19,17.5,29.123499999999996
7,19,18.0,19.999
7,19,18.5,19.44425
7,19,19.0,19.90975
7,19,19.5,19.073249999999998
7,19,20.0,19.16775
7,19,20.5,18.71975
7,19,21.0,18.15975
7,19,21.5,16.497249999999998
7,19,22.0,17.631249999999998
7,19,22.5,16.9995
7,19,23.0,16.040499999999998
7,19,23.5,15.34925
7,20,0.0,15.541749999999999
7,20,0.5,15.26175
7,20,1.0,15.40525
7,20,1.5,14.87675
7,20,2.0,15.26525
7,20,2.5,15.209249999999999
7,20,3.0,15.0535
7,20,3.5,14.72275
7,20,4.0,15.485750000000001
7,20,4.5,15.77275
7,20,5.0,16.46925
7,20,5.5,16.863
7,20,6.0,16.357249999999997
7,20,6.5,18.06525
7,20,7.0,17.63825
7,20,7.5,18.22275
7,20,8.0,18.36625
7,20,8.5,17.93575
7,20,9.0,17.19025
7,20,9.5,16.68275
7,20,10.0,16.871750000000002
7,20,10.5,16.60925
7,20,11.0,16.854249999999997
7,20,11.5,16.22775
7,20,12.0,16.07725
7,20,12.5,15.426250000000001
7,20,13.0,15.379
7,20,13.5,15.23375
7,20,14.0,15.06225
7,20,14.5,15.800749999999999
7,20,15.0,26.83275
7,20,15.5,27.796999999999997
7,20,16.0,27.793499999999998
7,20,16.5,28.6545
7,20,17.0,29.4105
7,20,17.5,29.4455
7,20,18.0,20.52575
7,20,18.5,20.16175
7,20,19.0,20.01475
7,20,19.5,19.43025
7,20,20.0,22.904
7,20,20.5,21.8505
7,20,21.0,22.125249999999998
7,20,21.5,19.3025
7,20,22.0,19.788999999999998
7,20,22.5,17.5105
7,20,23.0,17.444
7,20,23.5,16.6215
7,21,0.0,16.0335
7,21,0.5,16.145500000000002
7,21,1.0,16.016000000000002
7,21,1.5,15.221499999999999
7,21,2.0,15.403500000000001
7,21,2.5,15.403500000000001
7,21,3.0,15.729000000000001
7,21,3.5,15.54
7,21,4.0,16.157749999999997
7,21,4.5,16.901500000000002
7,21,5.0,17.304
7,21,5.5,19.796
7,21,6.0,19.544
7,21,6.5,21.6405
7,21,7.0,21.182
7,21,7.5,21.483
7,21,8.0,21.84
7,21,8.5,21.777
7,21,9.0,21.49
7,21,9.5,21.267750000000003
7,21,10.0,20.7585
7,21,10.5,20.8425
7,21,11.0,20.7725
7,21,11.5,20.692
7,21,12.0,20.314
7,21,12.5,19.432
7,21,13.0,19.348
7,21,13.5,18.6165
7,21,14.0,18.276999999999997
7,21,14.5,19.278000000000002
7,21,15.0,30.12975
7,21,15.5,30.92775
7,21,16.0,30.842
7,21,16.5,31.67675
7,21,17.0,32.56225
7,21,17.5,32.65325
7,21,18.0,23.6845
7,21,18.5,23.443
7,21,19.0,23.42725
7,21,19.5,22.7885
7,21,20.0,23.115750000000002
7,21,20.5,22.501500000000004
7,21,21.0,22.5715
7,21,21.5,19.22375
7,21,22.0,20.7585
7,21,22.5,19.974500000000003
7,21,23.0,19.614
7,21,23.5,17.412499999999998
7,22,0.0,16.915499999999998
7,22,0.5,16.4885
7,22,1.0,17.325
7,22,1.5,15.966999999999999
7,22,2.0,16.261
7,22,2.5,16.072
7,22,3.0,16.226000000000003
7,22,3.5,16.18225
7,22,4.0,17.052
7,22,4.5,17.759
7,22,5.0,19.9045
7,22,5.5,20.811
7,22,6.0,19.817
7,22,6.5,22.0325
7,22,7.0,21.0385
7,22,7.5,22.51375
7,22,8.0,22.211000000000002
7,22,8.5,21.83825
7,22,9.0,21.147000000000002
7,22,9.5,20.678
7,22,10.0,21.203
7,22,10.5,20.524
7,22,11.0,20.013
7,22,11.5,19.3725
7,22,12.0,19.985
7,22,12.5,18.840500000000002
7,22,13.0,18.602500000000003
7,22,13.5,18.04075
7,22,14.0,18.1755
7,22,14.5,19.4145
7,22,15.0,29.753500000000003
7,22,15.5,31.04325
7,22,16.0,30.990750000000002
7,22,16.5,31.81325
7,22,17.0,32.27175
7,22,17.5,32.48175
7,22,18.0,23.831500000000002
7,22,18.5,23.331
7,22,19.0,23.17
7,22,19.5,22.3545
7,22,20.0,22.694
7,22,20.5,22.235500000000002
7,22,21.0,21.5985
7,22,21.5,18.697
7,22,22.0,19.8625
7,22,22.5,20.0935
7,22,23.0,19.0365
7,22,23.5,18.3505
7,23,0.0,18.109
7,23,0.5,17.776500000000002
7,23,1.0,17.8745
7,23,1.5,16.814
7,23,2.0,17.041500000000003
7,23,2.5,16.5305
7,23,3.0,16.901500000000002
7,23,3.5,16.000249999999998
7,23,4.0,16.8175
7,23,4.5,16.604
7,23,5.0,18.032
7,23,5.5,18.1825
7,23,6.0,17.5175
7,23,6.5,19.83275
7,23,7.0,19.9605
7,23,7.5,20.58
7,23,8.0,20.48725
7,23,8.5,20.48375
7,23,9.0,19.88
7,23,9.5,19.3935
7,23,10.0,19.267500000000002
7,23,10.5,18.98925
7,23,11.0,18.45725
7,23,11.5,17.724
7,23,12.0,18.784499999999998
7,23,12.5,17.395
7,23,13.0,17.7485
7,23,13.5,17.601499999999998
7,23,14.0,17.51925
7,23,14.5,18.193
7,23,15.0,29.631
7,23,15.5,30.6915
7,23,16.0,31.090500000000002
7,23,16.5,32.00925
7,23,17.0,32.50275
7,23,17.5,32.65325
7,23,18.0,22.708
7,23,18.5,22.2285
7,23,19.0,22.256500000000003
7,23,19.5,21.19775
7,23,20.0,21.990499999999997
7,23,20.5,20.963250000000002
7,23,21.0,20.485500000000002
7,23,21.5,17.78
7,23,22.0,21.1225
7,23,22.5,20.0585
7,23,23.0,19.358500000000003
7,23,23.5,17.381
7,24,0.0,17.36
7,24,0.5,17.03975
7,24,1.0,18.5885
7,24,1.5,17.50525
7,24,2.0,17.5945
7,24,2.5,16.7055
7,24,3.0,17.465
7,24,3.5,16.5095
7,24,4.0,16.9505
7,24,4.5,16.77025
7,24,5.0,17.185
7,24,5.5,18.357499999999998
7,24,6.0,16.483249999999998
7,24,6.5,20.608
7,24,7.0,17.4265
7,24,7.5,21.276500000000002
7,24,8.0,18.368000000000002
7,24,8.5,19.8205
7,24,9.0,18.032
7,24,9.5,17.941
7,24,10.0,18.8545
7,24,10.5,18.613
7,24,11.0,18.571
7,24,11.5,18.172
7,24,12.0,17.682
7,24,12.5,15.7535
7,24,13.0,16.996
7,24,13.5,15.631
7,24,14.0,14.7875
7,24,14.5,15.0465
7,24,15.0,29.87075
7,24,15.5,31.00125
7,24,16.0,31.43525
7,24,16.5,32.02675
7,24,17.0,32.84225
7,24,17.5,32.58325
7,24,18.0,23.59175
7,24,18.5,22.155
7,24,19.0,22.932000000000002
7,24,19.5,21.392
7,24,20.0,22.7535
7,24,20.5,21.528499999999998
7,24,21.0,22.0185
7,24,21.5,19.2955
7,24,22.0,20.550250000000002
7,24,22.5,19.26925
7,24,23.0,20.02875
7,24,23.5,18.564
7,25,0.0,18.991
7,25,0.5,18.662
7,25,1.0,17.941
7,25,1.5,16.766750000000002
7,25,2.0,16.646
7,25,2.5,16.3625
7,25,3.0,17.304
7,25,3.5,16.8805
7,25,4.0,17.412499999999998
7,25,4.5,17.5245
7,25,5.0,18.221
7,25,5.5,19.32
7,25,6.0,18.228
7,25,6.5,21.5985
7,25,7.0,20.041
7,25,7.5,21.49
7,25,8.0,20.1075
7,25,8.5,20.2895
7,25,9.0,20.142500000000002
7,25,9.5,19.544
7,25,10.0,19.6875
7,25,10.5,20.1985
7,25,11.0,19.866000000000003
7,25,11.5,18.90525
7,25,12.0,18.689999999999998
7,25,12.5,17.003
7,25,13.0,17.059
7,25,13.5,16.6705
7,25,14.0,16.3555
7,25,14.5,17.339
7,25,15.0,30.499
7,25,15.5,32.093250000000005
7,25,16.0,32.530750000000005
7,25,16.5,33.50025
7,25,17.0,33.93425
7,25,17.5,33.78725
7,25,18.0,24.193749999999998
7,25,18.5,23.884
7,25,19.0,23.611
7,25,19.5,22.7955
7,25,20.0,23.34325
7,25,20.5,22.6835
7,25,21.0,22.121750000000002
7,25,21.5,19.1275
7,25,22.0,21.168000000000003
7,25,22.5,19.40575
7,25,23.0,17.919999999999998
7,25,23.5,17.1325
7,26,0.0,16.744
7,26,0.5,16.8945
7,26,1.0,16.4605
7,26,1.5,16.119249999999997
7,26,2.0,15.410499999999999
7,26,2.5,15.196999999999997
7,26,3.0,16.873499999999996
7,26,3.5,16.9925
7,26,4.0,17.815
7,26,4.5,18.214
7,26,5.0,18.6725
7,26,5.5,20.307
7,26,6.0,20.685
7,26,6.5,22.07625
7,26,7.0,21.9555
7,26,7.5,22.659000000000002
7,26,8.0,22.3265
7,26,8.5,22.2775
7,26,9.0,21.917
7,26,9.5,21.4515
7,26,10.0,21.652749999999997
7,26,10.5,21.50225
7,26,11.0,21.9205
7,26,11.5,21.40425
7,26,12.0,21.133
7,26,12.5,18.9875
7,26,13.0,19.267500000000002
7,26,13.5,18.193
7,26,14.0,17.998749999999998
7,26,14.5,19.67175
7,26,15.0,30.927750000000003
7,26,15.5,31.80275
7,26,16.0,31.63825
7,26,16.5,32.35225
7,26,17.0,32.98225
7,26,17.5,33.00325
7,26,18.0,24.4405
7,26,18.5,23.905
7,26,19.0,23.8105
7,26,19.5,23.177000000000003
7,26,20.0,23.250500000000002
7,26,20.5,22.720250000000004
7,26,21.0,22.071
7,26,21.5,19.0855
7,26,22.0,20.9265
7,26,22.5,20.641250000000003
7,26,23.0,19.7855
7,26,23.5,19.073249999999998
7,27,0.0,18.522000000000002
7,27,0.5,17.8745
7,27,1.0,17.790499999999998
7,27,1.5,17.3355
7,27,2.0,17.157
7,27,2.5,16.898
7,27,3.0,17.9165
7,27,3.5,17.846500000000002
7,27,4.0,17.888499999999997
7,27,4.5,19.218500000000002
7,27,5.0,18.4345
7,27,5.5,19.4285
7,27,6.0,19.407500000000002
7,27,6.5,21.077
7,27,7.0,20.93175
7,27,7.5,22.7045
7,27,8.0,22.408749999999998
7,27,8.5,22.242500000000003
7,27,9.0,22.4245
7,27,9.5,22.2075
7,27,10.0,21.819000000000003
7,27,10.5,21.9695
7,27,11.0,21.994
7,27,11.5,21.4725
7,27,12.0,21.521500000000003
7,27,12.5,20.447
7,27,13.0,20.6745
7,27,13.5,19.934250000000002
7,27,14.0,19.642
7,27,14.5,20.7375
7,27,15.0,30.9365
7,27,15.5,31.682
7,27,16.0,31.841250000000002
7,27,16.5,32.856249999999996
7,27,17.0,32.775749999999995
7,27,17.5,32.81425
7,27,18.0,23.7055
7,27,18.5,22.8865
7,27,19.0,22.932
7,27,19.5,21.742
7,27,20.0,21.5565
7,27,20.5,21.2415
7,27,21.0,21.2555
7,27,21.5,18.97525
7,27,22.0,20.952749999999998
7,27,22.5,20.135500000000004
7,27,23.0,20.2195
7,27,23.5,20.026999999999997
7,28,0.0,20.069
7,28,0.5,19.631500000000003
7,28,1.0,19.25
7,28,1.5,18.336499999999997
7,28,2.0,18.781000000000002
7,28,2.5,17.843
7,28,3.0,18.242
7,28,3.5,17.627750000000002
7,28,4.0,18.47825
7,28,4.5,18.858
7,28,5.0,19.25
7,28,5.5,20.3735
7,28,6.0,19.598250000000004
7,28,6.5,20.8075
7,28,7.0,21.08575
7,28,7.5,22.036
7,28,8.0,21.91
7,28,8.5,21.7175
7,28,9.0,21.446250000000003
7,28,9.5,20.6255
7,28,10.0,20.566
7,28,10.5,20.3665
7,28,11.0,20.912499999999998
7,28,11.5,20.166999999999998
7,28,12.0,19.516000000000002
7,28,12.5,18.7005
7,28,13.0,18.718
7,28,13.5,18.413500000000003
7,28,14.0,18.697
7,28,14.5,18.931500000000003
7,28,15.0,29.291500000000003
7,28,15.5,30.369500000000002
7,28,16.0,30.656499999999998
7,28,16.5,31.746750000000002
7,28,17.0,32.418749999999996
7,28,17.5,32.55175
7,28,18.0,22.33175
7,28,18.5,22.004500000000004
7,28,19.0,22.414
7,28,19.5,21.5705
7,28,20.0,22.102500000000003
7,28,20.5,21.203
7,28,21.0,21.784000000000002
7,28,21.5,19.761
7,28,22.0,20.793499999999998
7,28,22.5,20.163500000000003
7,28,23.0,19.656000000000002
7,28,23.5,18.5535
7,29,0.0,18.343500000000002
7,29,0.5,18.24375
7,29,1.0,17.066
7,29,1.5,15.932
7,29,2.0,16.639
7,29,2.5,16.4325
7,29,3.0,17.36175
7,29,3.5,17.17625
7,29,4.0,18.22625
7,29,4.5,18.284
7,29,5.0,20.156499999999998
7,29,5.5,20.0515
7,29,6.0,19.8695
7,29,6.5,21.041999999999998
7,29,7.0,20.828500000000002
7,29,7.5,21.399
7,29,8.0,21.378
7,29,8.5,20.566
7,29,9.0,20.216
7,29,9.5,19.901
7,29,10.0,19.3865
7,29,10.5,18.9945
7,29,11.0,19.17125
7,29,11.5,18.613
7,29,12.0,18.074
7,29,12.5,17.0975
7,29,13.0,17.468500000000002
7,29,13.5,16.88925
7,29,14.0,17.160500000000003
7,29,14.5,17.72225
7,29,15.0,28.5915
7,29,15.5,30.278500000000005
7,29,16.0,30.0825
7,29,16.5,32.2875
7,29,17.0,32.56225
7,29,17.5,32.74775
7,29,18.0,22.806
7,29,18.5,22.4525
7,29,19.0,22.543499999999998
7,29,19.5,21.8505
7,29,20.0,22.414
7,29,20.5,21.346500000000002
7,29,21.0,21.644000000000002
7,29,21.5,19.103
7,29,22.0,19.8065
7,29,22.5,19.5615
7,29,23.0,19.866
7,29,23.5,19.159000000000002
7,30,0.0,18.543
7,30,0.5,17.57
7,30,1.0,17.361749999999997
7,30,1.5,16.119249999999997
7,30,2.0,16.7195
7,30,2.5,15.729
7,30,3.0,16.448249999999998
7,30,3.5,16.11925
7,30,4.0,16.285500000000003
7,30,4.5,16.666999999999998
7,30,5.0,17.4615
7,30,5.5,18.1615
7,30,6.0,18.27175
7,30,6.5,20.12325
7,30,7.0,19.1905
7,30,7.5,19.937749999999998
7,30,8.0,18.865000000000002
7,30,8.5,18.76
7,30,9.0,18.221
7,30,9.5,17.7555
7,30,10.0,17.7695
7,30,10.5,17.5875
7,30,11.0,16.59
7,30,11.5,16.065
7,30,12.0,16.0195
7,30,12.5,14.6195
7,30,13.0,14.85575
7,30,13.5,14.399
7,30,14.0,15.930250000000001
7,30,14.5,17.4475
7,30,15.0,29.456
7,30,15.5,31.496499999999997
7,30,16.0,31.59975
7,30,16.5,32.58675
7,30,17.0,33.006750000000004
7,30,17.5,33.04525
7,30,18.0,23.576000000000004
7,30,18.5,22.389499999999998
7,30,19.0,22.3335
7,30,19.5,21.6755
7,30,20.0,22.0325
7,30,20.5,21.224
7,30,21.0,20.9965
7,30,21.5,19.1765
7,30,22.0,20.3735
7,30,22.5,20.2055
7,30,23.0,19.4075
7,30,23.5,18.095
7,31,0.0,17.647000000000002
7,31,0.5,17.913
7,31,1.0,16.572499999999998
7,31,1.5,15.1935
7,31,2.0,16.653000000000002
7,31,2.5,16.005499999999998
7,31,3.0,17.318
7,31,3.5,17.1885
7,31,4.0,17.6085
7,31,4.5,17.968999999999998
7,31,5.0,17.661
7,31,5.5,18.361
7,31,6.0,17.416
7,31,6.5,20.49775
7,31,7.0,18.32075
7,31,7.5,21.413
7,31,8.0,19.3235
7,31,8.5,19.52825
7,31,9.0,19.0645
7,31,9.5,18.8195
7,31,10.0,19.29025
7,31,10.5,19.215
7,31,11.0,18.4905
7,31,11.5,17.871
7,31,12.0,17.590999999999998
7,31,12.5,15.743
7,31,13.0,17.8465
7,31,13.5,16.527
7,31,14.0,16.796499999999998
7,31,14.5,16.772000000000002
7,31,15.0,29.441999999999997
7,31,15.5,30.625
7,31,16.0,31.346000000000004
7,31,16.5,32.65325
7,31,17.0,33.13275
7,31,17.5,33.18875
7,31,18.0,23.9575
7,31,18.5,23.2715
7,31,19.0,23.065
7,31,19.5,22.42975
7,31,20.0,23.1735
7,31,20.5,22.113
7,31,21.0,21.931
7,31,21.5,19.934250000000002
7,31,22.0,20.636
7,31,22.5,19.852
7,31,23.0,20.371750000000002
7,31,23.5,18.227999999999998
8,1,0.0,19.579
8,1,0.5,19.148500000000002
8,1,1.0,18.89825
8,1,1.5,18.2945
8,1,2.0,18.2945
8,1,2.5,18.21575
8,1,3.0,18.446749999999998
8,1,3.5,18.203500000000002
8,1,4.0,18.235
8,1,4.5,19.271
8,1,5.0,19.761
8,1,5.5,19.729499999999998
8,1,6.0,19.502
8,1,6.5,20.867
8,1,7.0,20.783
8,1,7.5,21.5705
8,1,8.0,21.2345
8,1,8.5,20.989500000000003
8,1,9.0,21.406000000000002
8,1,9.5,21.3255
8,1,10.0,20.9335
8,1,10.5,21.04025
8,1,11.0,21.0805
8,1,11.5,20.706
8,1,12.0,20.244
8,1,12.5,17.906000000000002
8,1,13.0,19.642
8,1,13.5,18.7915
8,1,14.0,19.232499999999998
8,1,14.5,19.6665
8,1,15.0,30.2225
8,1,15.5,31.986500000000003
8,1,16.0,32.3715
8,1,16.5,33.2465
8,1,17.0,33.783750000000005
8,1,17.5,33.969249999999995
8,1,18.0,24.16925
8,1,18.5,23.6775
8,1,19.0,23.541
8,1,19.5,22.918000000000003
8,1,20.0,23.8245
8,1,20.5,20.82675
8,1,21.0,19.4985
8,1,21.5,15.336999999999998
8,1,22.0,20.80575
8,1,22.5,19.369
8,1,23.0,18.7145
8,1,23.5,17.979499999999998
8,2,0.0,17.57525
8,2,0.5,17.510499999999997
8,2,1.0,17.27425
8,2,1.5,15.949499999999999
8,2,2.0,16.485
8,2,2.5,16.334500000000002
8,2,3.0,16.2505
8,2,3.5,15.907499999999999
8,2,4.0,16.2715
8,2,4.5,16.8595
8,2,5.0,17.395
8,2,5.5,18.641000000000002
8,2,6.0,17.8255
8,2,6.5,21.287000000000003
8,2,7.0,21.238
8,2,7.5,22.288
8,2,8.0,21.721000000000004
8,2,8.5,21.5985
8,2,9.0,20.4785
8,2,9.5,20.0585
8,2,10.0,18.9665
8,2,10.5,18.959500000000002
8,2,11.0,18.949
8,2,11.5,18.256
8,2,12.0,18.10725
8,2,12.5,16.62325
8,2,13.0,16.852500000000003
8,2,13.5,16.2575
8,2,14.0,16.513
8,2,14.5,17.213
8,2,15.0,29.79025
8,2,15.5,31.109750000000002
8,2,16.0,31.65225
8,2,16.5,31.83775
8,2,17.0,32.32075
8,2,17.5,32.11425
8,2,18.0,24.304000000000002
8,2,18.5,23.1105
8,2,19.0,23.14725
8,2,19.5,22.25825
8,2,20.0,22.746499999999997
8,2,20.5,19.7645
8,2,21.0,19.089
8,2,21.5,15.858500000000001
8,2,22.0,17.9025
8,2,22.5,17.64
8,2,23.0,17.0835
8,2,23.5,16.681
8,3,0.0,16.2435
8,3,0.5,15.9565
8,3,1.0,16.0335
8,3,1.5,14.448
8,3,2.0,14.316749999999999
8,3,2.5,13.975500000000002
8,3,3.0,14.684249999999999
8,3,3.5,14.525
8,3,4.0,16.2715
8,3,4.5,16.852500000000003
8,3,5.0,17.76775
8,3,5.5,18.354
8,3,6.0,16.4045
8,3,6.5,20.660500000000003
8,3,7.0,19.215
8,3,7.5,21.623
8,3,8.0,20.33675
8,3,8.5,19.31475
8,3,9.0,19.4845
8,3,9.5,18.2455
8,3,10.0,18.3015
8,3,10.5,18.1825
8,3,11.0,18.3575
8,3,11.5,17.668000000000003
8,3,12.0,17.3775
8,3,12.5,16.3905
8,3,13.0,17.19725
8,3,13.5,16.7895
8,3,14.0,16.52
8,3,14.5,17.626
8,3,15.0,29.6765
8,3,15.5,30.98725
8,3,16.0,31.18675
8,3,16.5,32.17025
8,3,17.0,32.37675
8,3,17.5,32.28575
8,3,18.0,24.143
8,3,18.5,23.415000000000003
8,3,19.0,23.653000000000002
8,3,19.5,23.135
8,3,20.0,23.772000000000002
8,3,20.5,22.67125
8,3,21.0,21.91
8,3,21.5,19.9465
8,3,22.0,21.5775
8,3,22.5,20.8845
8,3,23.0,20.916
8,3,23.5,18.63225
8,4,0.0,19.87125
8,4,0.5,18.4975
8,4,1.0,18.0845
8,4,1.5,17.591
8,4,2.0,17.626
8,4,2.5,17.2865
8,4,3.0,17.514
8,4,3.5,16.9855
8,4,4.0,17.2165
8,4,4.5,17.325
8,4,5.0,19.082
8,4,5.5,19.803
8,4,6.0,19.9255
8,4,6.5,22.197
8,4,7.0,21.0735
8,4,7.5,22.620500000000003
8,4,8.0,22.5295
8,4,8.5,21.92925
8,4,9.0,20.727
8,4,9.5,19.8625
8,4,10.0,19.705000000000002
8,4,10.5,19.379499999999997
8,4,11.0,19.635
8,4,11.5,18.546499999999998
8,4,12.0,18.277
8,4,12.5,16.6775
8,4,13.0,16.785999999999998
8,4,13.5,16.259249999999998
8,4,14.0,16.66525
8,4,14.5,17.576999999999998
8,4,15.0,29.224999999999998
8,4,15.5,31.13775
8,4,16.0,31.092249999999996
8,4,16.5,32.52725
8,4,17.0,32.90175
8,4,17.5,32.9805
8,4,18.0,23.887500000000003
8,4,18.5,23.429000000000002
8,4,19.0,23.3205
8,4,19.5,22.377250000000004
8,4,20.0,23.177000000000003
8,4,20.5,21.0805
8,4,21.0,20.793499999999998
8,4,21.5,19.278
8,4,22.0,20.4225
8,4,22.5,19.897499999999997
8,4,23.0,19.0155
8,4,23.5,16.639
8,5,0.0,17.4335
8,5,0.5,17.2445
8,5,1.0,16.5515
8,5,1.5,15.4
8,5,2.0,16.15075
8,5,2.5,15.865499999999999
8,5,3.0,15.8795
8,5,3.5,16.0545
8,5,4.0,16.215500000000002
8,5,4.5,17.4195
8,5,5.0,18.011
8,5,5.5,19.7015
8,5,6.0,18.7775
8,5,6.5,20.79
8,5,7.0,19.67875
8,5,7.5,21.406000000000002
8,5,8.0,21.287000000000003
8,5,8.5,21.063
8,5,9.0,20.531000000000002
8,5,9.5,20.699
8,5,10.0,20.377
8,5,10.5,20.1565
8,5,11.0,20.4785
8,5,11.5,19.09775
8,5,12.0,18.77225
8,5,12.5,17.293499999999998
8,5,13.0,16.506
8,5,13.5,16.3415
8,5,14.0,16.1945
8,5,14.5,16.705499999999997
8,5,15.0,29.084999999999997
8,5,15.5,31.00825
8,5,16.0,31.766000000000002
8,5,16.5,32.19825
8,5,17.0,32.71275
8,5,17.5,32.78275
8,5,18.0,23.477999999999998
8,5,18.5,22.938999999999997
8,5,19.0,22.17425
8,5,19.5,21.8505
8,5,20.0,22.480500000000003
8,5,20.5,20.971999999999998
8,5,21.0,21.467250000000003
8,5,21.5,17.3775
8,5,22.0,20.433
8,5,22.5,20.0375
8,5,23.0,19.0435
8,5,23.5,17.3565
8,6,0.0,16.8875
8,6,0.5,17.08
8,6,1.0,17.452749999999998
8,6,1.5,16.674
8,6,2.0,16.75975
8,6,2.5,16.296
8,6,3.0,17.423
8,6,3.5,16.8595
8,6,4.0,17.398500000000002
8,6,4.5,18.0005
8,6,5.0,18.3435
8,6,5.5,20.0795
8,6,6.0,17.738
8,6,6.5,21.3955
8,6,7.0,18.8125
8,6,7.5,21.7175
8,6,8.0,19.937749999999998
8,6,8.5,19.0365
8,6,9.0,18.998
8,6,9.5,18.06175
8,6,10.0,18.3155
8,6,10.5,17.815
8,6,11.0,18.173750000000002
8,6,11.5,16.87
8,6,12.0,16.765
8,6,12.5,15.932
8,6,13.0,16.0475
8,6,13.5,15.673
8,6,14.0,15.854999999999999
8,6,14.5,16.072
8,6,15.0,29.1375
8,6,15.5,30.184
8,6,16.0,30.628500000000003
8,6,16.5,32.06875
8,6,17.0,32.40125
8,6,17.5,32.4345
8,6,18.0,23.019500000000004
8,6,18.5,22.5505
8,6,19.0,22.116500000000002
8,6,19.5,21.784000000000002
8,6,20.0,22.8025
8,6,20.5,21.189
8,6,21.0,21.367499999999996
8,6,21.5,17.22
8,6,22.0,19.3445
8,6,22.5,19.2605
8,6,23.0,18.2945
8,6,23.5,15.981
8,7,0.0,15.6205
8,7,0.5,15.7395
8,7,1.0,15.903999999999998
8,7,1.5,14.014000000000001
8,7,2.0,14.679
8,7,2.5,14.0035
8,7,3.0,14.707
8,7,3.5,14.699999999999998
8,7,4.0,15.078000000000001
8,7,4.5,15.2425
8,7,5.0,16.3065
8,7,5.5,17.101
8,7,6.0,15.706249999999999
8,7,6.5,18.34525
8,7,7.0,16.9505
8,7,7.5,18.038999999999998
8,7,8.0,17.925250000000002
8,7,8.5,17.094
8,7,9.0,17.3845
8,7,9.5,15.81125
8,7,10.0,17.0485
8,7,10.5,16.849
8,7,11.0,16.709
8,7,11.5,16.212
8,7,12.0,16.926
8,7,12.5,15.3405
8,7,13.0,15.8725
8,7,13.5,14.741999999999999
8,7,14.0,14.4375
8,7,14.5,14.707
8,7,15.0,27.601
8,7,15.5,29.956500000000002
8,7,16.0,30.2925
8,7,16.5,31.641750000000002
8,7,17.0,32.57975
8,7,17.5,32.6445
8,7,18.0,22.937250000000002
8,7,18.5,22.1935
8,7,19.0,22.363250000000004
8,7,19.5,21.9275
8,7,20.0,22.3755
8,7,20.5,21.077
8,7,21.0,21.644000000000002
8,7,21.5,18.3225
8,7,22.0,21.0525
8,7,22.5,18.487
8,7,23.0,18.928
8,7,23.5,17.052
8,8,0.0,16.499
8,8,0.5,16.121
8,8,1.0,14.819
8,8,1.5,13.894999999999998
8,8,2.0,13.699
8,8,2.5,13.1355
8,8,3.0,14.4305
8,8,3.5,14.13825
8,8,4.0,14.966000000000001
8,8,4.5,14.770000000000001
8,8,5.0,17.5735
8,8,5.5,18.721500000000002
8,8,6.0,17.5
8,8,6.5,20.139
8,8,7.0,19.215
8,8,7.5,20.797
8,8,8.0,21.276500000000002
8,8,8.5,21.385
8,8,9.0,21.5635
8,8,9.5,20.258
8,8,10.0,20.8775
8,8,10.5,19.453
8,8,11.0,20.950999999999997
8,8,11.5,19.440749999999998
8,8,12.0,20.513499999999997
8,8,12.5,18.69175
8,8,13.0,18.144000000000002
8,8,13.5,17.52625
8,8,14.0,17.822
8,8,14.5,19.1765
8,8,15.0,29.8305
8,8,15.5,32.1545
8,8,16.0,31.272499999999997
8,8,16.5,32.469500000000004
8,8,17.0,32.84575
8,8,17.5,32.8405
8,8,18.0,23.177000000000003
8,8,18.5,22.41925
8,8,19.0,22.267
8,8,19.5,21.98
8,8,20.0,22.512
8,8,20.5,20.692000000000004
8,8,21.0,20.251
8,8,21.5,17.549
8,8,22.0,19.0225
8,8,22.5,16.7685
8,8,23.0,17.304
8,8,23.5,14.7875
8,9,0.0,15.399999999999999
8,9,0.5,14.899499999999998
8,9,1.0,15.211
8,9,1.5,13.835500000000001
8,9,2.0,14.55475
8,9,2.5,14.0665
8,9,3.0,15.765749999999999
8,9,3.5,14.987
8,9,4.0,15.218000000000002
8,9,4.5,15.9985
8,9,5.0,18.0425
8,9,5.5,19.222
8,9,6.0,17.730999999999998
8,9,6.5,19.733
8,9,7.0,18.959500000000002
8,9,7.5,19.215
8,9,8.0,19.1415
8,9,8.5,18.291
8,9,9.0,18.907
8,9,9.5,17.416
8,9,10.0,16.901500000000002
8,9,10.5,15.8795
8,9,11.0,17.0205
8,9,11.5,15.9985
8,9,12.0,16.261
8,9,12.5,14.9415
8,9,13.0,15.358000000000002
8,9,13.5,15.771
8,9,14.0,16.2435
8,9,14.5,17.293499999999998
8,9,15.0,28.0455
8,9,15.5,30.052750000000003
8,9,16.0,30.52875
8,9,16.5,31.90075
8,9,17.0,32.080999999999996
8,9,17.5,32.437999999999995
8,9,18.0,23.0475
8,9,18.5,22.6765
8,9,19.0,22.189999999999998
8,9,19.5,22.05175
8,9,20.0,22.694
8,9,20.5,21.0805
8,9,21.0,20.492500000000003
8,9,21.5,18.977
8,9,22.0,21.133
8,9,22.5,18.879
8,9,23.0,18.53775
8,9,23.5,15.883000000000001
8,10,0.0,16.66
8,10,0.5,15.536500000000002
8,10,1.0,16.38175
8,10,1.5,14.875
8,10,2.0,15.1025
8,10,2.5,14.647499999999999
8,10,3.0,15.68
8,10,3.5,15.883000000000001
8,10,4.0,17.1465
8,10,4.5,17.5525
8,10,5.0,18.431
8,10,5.5,18.854499999999998
8,10,6.0,17.913
8,10,6.5,20.118
8,10,7.0,19.3305
8,10,7.5,19.9325
8,10,8.0,19.7225
8,10,8.5,17.9865
8,10,9.0,19.17125
8,10,9.5,16.9715
8,10,10.0,18.2
8,10,10.5,16.931250000000002
8,10,11.0,16.7475
8,10,11.5,16.2925
8,10,12.0,16.13675
8,10,12.5,14.948500000000001
8,10,13.0,15.536499999999998
8,10,13.5,15.221499999999999
8,10,14.0,15.487499999999999
8,10,14.5,16.422
8,10,15.0,27.867
8,10,15.5,30.29425
8,10,16.0,31.039749999999998
8,10,16.5,32.2525
8,10,17.0,32.994499999999995
8,10,17.5,32.66725
8,10,18.0,24.7345
8,10,18.5,24.428250000000002
8,10,19.0,23.8805
8,10,19.5,23.5655
8,10,20.0,23.9365
8,10,20.5,22.065749999999998
8,10,21.0,22.182999999999996
8,10,21.5,19.39
8,10,22.0,21.5915
8,10,22.5,20.272000000000002
8,10,23.0,20.793499999999998
8,10,23.5,19.089
8,11,0.0,20.1845
8,11,0.5,19.683999999999997
8,11,1.0,19.138
8,11,1.5,17.65925
8,11,2.0,18.76175
8,11,2.5,18.396
8,11,3.0,18.7775
8,11,3.5,18.672500000000003
8,11,4.0,19.033
8,11,4.5,19.34625
8,11,5.0,19.915
8,11,5.5,20.608
8,11,6.0,19.7575
8,11,6.5,22.004499999999997
8,11,7.0,21.9765
8,11,7.5,22.974
8,11,8.0,22.4665
8,11,8.5,21.994
8,11,9.0,21.605500000000003
8,11,9.5,20.702499999999997
8,11,10.0,21.108500000000003
8,11,10.5,20.9965
8,11,11.0,20.482000000000003
8,11,11.5,20.06025
8,11,12.0,20.196749999999998
8,11,12.5,18.711
8,11,13.0,19.38475
8,11,13.5,19.388250000000003
8,11,14.0,19.0365
8,11,14.5,20.0235
8,11,15.0,30.401
8,11,15.5,31.99175
8,11,16.0,32.74075
8,11,16.5,33.29025
8,11,17.0,33.684
8,11,17.5,34.08825
8,11,18.0,24.689000000000004
8,11,18.5,24.269000000000002
8,11,19.0,24.045
8,11,19.5,23.611
8,11,20.0,23.6915
8,11,20.5,22.242500000000003
8,11,21.0,22.081500000000002
8,11,21.5,19.7785
8,11,22.0,20.034
8,11,22.5,18.585
8,11,23.0,18.6725
8,11,23.5,17.46675
8,12,0.0,17.136
8,12,0.5,17.1395
8,12,1.0,17.1115
8,12,1.5,16.6635
8,12,2.0,17.001250000000002
8,12,2.5,16.681
8,12,3.0,17.0275
8,12,3.5,17.129
8,12,4.0,17.5315
8,12,4.5,17.9935
8,12,5.0,18.7985
8,12,5.5,20.223000000000003
8,12,6.0,18.445
8,12,6.5,21.7315
8,12,7.0,20.1355
8,12,7.5,20.9545
8,12,8.0,21.1645
8,12,8.5,20.384
8,12,9.0,19.4285
8,12,9.5,18.64975
8,12,10.0,17.955000000000002
8,12,10.5,17.738
8,12,11.0,17.864
8,12,11.5,17.8045
8,12,12.0,17.745
8,12,12.5,15.7815
8,12,13.0,16.815749999999998
8,12,13.5,16.64075
8,12,14.0,17.02225
8,12,14.5,17.678500000000003
8,12,15.0,29.5715
8,12,15.5,31.881500000000003
8,12,16.0,31.766000000000002
8,12,16.5,34.45575
8,12,17.0,35.3045
8,12,17.5,35.14525
8,12,18.0,24.8325
8,12,18.5,24.1815
8,12,19.0,23.794749999999997
8,12,19.5,24.129
8,12,20.0,24.45975
8,12,20.5,21.892500000000002
8,12,21.0,22.1515
8,12,21.5,20.629
8,12,22.0,21.108500000000003
8,12,22.5,21.63525
8,12,23.0,20.979
8,12,23.5,20.335
8,13,0.0,19.705000000000002
8,13,0.5,19.544
8,13,1.0,19.2255
8,13,1.5,18.8195
8,13,2.0,18.928
8,13,2.5,18.634
8,13,3.0,19.120500000000003
8,13,3.5,18.970000000000002
8,13,4.0,20.0305
8,13,4.5,20.671000000000003
8,13,5.0,21.2555
8,13,5.5,22.183000000000003
8,13,6.0,20.43825
8,13,6.5,22.627499999999998
8,13,7.0,21.409499999999998
8,13,7.5,21.8015
8,13,8.0,21.28175
8,13,8.5,20.33325
8,13,9.0,19.7645
8,13,9.5,18.9035
8,13,10.0,19.1835
8,13,10.5,18.494000000000003
8,13,11.0,19.39
8,13,11.5,19.019000000000002
8,13,12.0,18.62
8,13,12.5,17.428250000000002
8,13,13.0,17.955000000000002
8,13,13.5,18.10375
8,13,14.0,18.0355
8,13,14.5,19.0225
8,13,15.0,29.505
8,13,15.5,30.61975
8,13,16.0,31.284750000000003
8,13,16.5,31.8745
8,13,17.0,33.6875
8,13,17.5,33.47225
8,13,18.0,23.9645
8,13,18.5,23.596999999999998
8,13,19.0,23.814000000000004
8,13,19.5,23.7615
8,13,20.0,24.389750000000003
8,13,20.5,22.834
8,13,21.0,22.5085
8,13,21.5,20.727
8,13,22.0,21.805000000000003
8,13,22.5,21.4305
8,13,23.0,20.4995
8,13,23.5,20.1145
8,14,0.0,19.936000000000003
8,14,0.5,19.831
8,14,1.0,19.453
8,14,1.5,19.022499999999997
8,14,2.0,19.019000000000002
8,14,2.5,19.026
8,14,3.0,19.6525
8,14,3.5,19.610500000000002
8,14,4.0,20.33325
8,14,4.5,20.776
8,14,5.0,21.409499999999998
8,14,5.5,21.96775
8,14,6.0,20.2545
8,14,6.5,23.3205
8,14,7.0,22.2495
8,14,7.5,23.495500000000003
8,14,8.0,22.988
8,14,8.5,22.946
8,14,9.0,22.515500000000003
8,14,9.5,22.1935
8,14,10.0,22.267
8,14,10.5,21.714
8,14,11.0,22.316000000000003
8,14,11.5,21.595
8,14,12.0,21.616
8,14,12.5,19.76275
8,14,13.0,20.769000000000002
8,14,13.5,19.24125
8,14,14.0,20.251
8,14,14.5,20.133750000000003
8,14,15.0,31.108
8,14,15.5,31.900750000000002
8,14,16.0,32.25425
8,14,16.5,33.22375
8,14,17.0,33.71725
8,14,17.5,33.6
8,14,18.0,24.3425
8,14,18.5,23.6985
8,14,19.0,23.8175
8,14,19.5,23.5655
8,14,20.0,23.5865
8,14,20.5,21.861
8,14,21.0,21.579250000000002
8,14,21.5,20.2755
8,14,22.0,21.402500000000003
8,14,22.5,21.367499999999996
8,14,23.0,20.6465
8,14,23.5,19.540499999999998
8,15,0.0,19.6
8,15,0.5,19.124
8,15,1.0,19.005
8,15,1.5,18.4905
8,15,2.0,18.01275
8,15,2.5,17.86225
8,15,3.0,17.857
8,15,3.5,17.8605
8,15,4.0,17.81325
8,15,4.5,18.5115
8,15,5.0,18.641000000000002
8,15,5.5,20.2545
8,15,6.0,19.5755
8,15,6.5,21.406000000000002
8,15,7.0,19.8625
8,15,7.5,20.776
8,15,8.0,20.58
8,15,8.5,20.1495
8,15,9.0,19.93075
8,15,9.5,19.36025
8,15,10.0,19.21675
8,15,10.5,19.32
8,15,11.0,19.2465
8,15,11.5,18.6865
8,15,12.0,18.662000000000003
8,15,12.5,17.913
8,15,13.0,17.948
8,15,13.5,17.7485
8,15,14.0,17.587500000000002
8,15,14.5,18.357499999999998
8,15,15.0,29.0885
8,15,15.5,30.75975
8,15,16.0,31.44575
8,15,16.5,32.55525
8,15,17.0,33.20275
8,15,17.5,33.27275
8,15,18.0,23.614500000000003
8,15,18.5,23.2085
8,15,19.0,23.269750000000002
8,15,19.5,23.10525
8,15,20.0,23.593500000000002
8,15,20.5,22.001
8,15,21.0,21.595
8,15,21.5,19.88525
8,15,22.0,22.218
8,15,22.5,21.833
8,15,23.0,21.0245
8,15,23.5,19.936
8,16,0.0,19.565
8,16,0.5,18.991
8,16,1.0,18.44675
8,16,1.5,17.836000000000002
8,16,2.0,16.5795
8,16,2.5,16.2785
8,16,3.0,17.5525
8,16,3.5,17.549
8,16,4.0,18.2805
8,16,4.5,19.3935
8,16,5.0,20.552
8,16,5.5,21.546000000000003
8,16,6.0,21.19425
8,16,6.5,22.613500000000002
8,16,7.0,21.4375
8,16,7.5,22.057000000000002
8,16,8.0,21.47775
8,16,8.5,20.8215
8,16,9.0,20.776
8,16,9.5,20.2615
8,16,10.0,20.10925
8,16,10.5,20.027
8,16,11.0,20.166999999999998
8,16,11.5,19.677
8,16,12.0,20.0865
8,16,12.5,18.802
8,16,13.0,19.3235
8,16,13.5,19.061
8,16,14.0,19.22025
8,16,14.5,19.5055
8,16,15.0,30.196250000000003
8,16,15.5,32.05125
8,16,16.0,32.2945
8,16,16.5,33.22725
8,16,17.0,34.15475
8,16,17.5,34.13725
8,16,18.0,24.5455
8,16,18.5,24.0695
8,16,19.0,23.96975
8,16,19.5,24.058999999999997
8,16,20.0,24.745
8,16,20.5,23.2015
8,16,21.0,21.9485
8,16,21.5,20.5765
8,16,22.0,21.985249999999997
8,16,22.5,21.707000000000004
8,16,23.0,20.622
8,16,23.5,19.852
8,17,0.0,20.482
8,17,0.5,20.275499999999997
8,17,1.0,19.937749999999998
8,17,1.5,19.11
8,17,2.0,18.4205
8,17,2.5,18.375
8,17,3.0,18.721500000000002
8,17,3.5,18.6935
8,17,4.0,19.166
8,17,4.5,19.5825
8,17,5.0,19.7715
8,17,5.5,21.0805
8,17,6.0,19.9395
8,17,6.5,22.757
8,17,7.0,21.133
8,17,7.5,22.030749999999998
8,17,8.0,21.364
8,17,8.5,20.471500000000002
8,17,9.0,20.422500000000003
8,17,9.5,19.565
8,17,10.0,19.4005
8,17,10.5,19.236
8,17,11.0,19.4075
8,17,11.5,19.4005
8,17,12.0,19.432
8,17,12.5,18.494
8,17,13.0,19.1065
8,17,13.5,18.7425
8,17,14.0,18.704
8,17,14.5,19.596500000000002
8,17,15.0,30.22425
8,17,15.5,31.890249999999998
8,17,16.0,31.949749999999998
8,17,16.5,32.7915
8,17,17.0,33.39875
8,17,17.5,33.537
8,17,18.0,24.622500000000002
8,17,18.5,24.031000000000002
8,17,19.0,24.045
8,17,19.5,23.635500000000004
8,17,20.0,24.05725
8,17,20.5,22.37025
8,17,21.0,21.9485
8,17,21.5,20.069
8,17,22.0,21.241500000000002
8,17,22.5,20.7165
8,17,23.0,20.083000000000002
8,17,23.5,19.621
8,18,0.0,19.53
8,18,0.5,19.4495
8,18,1.0,18.432750000000002
8,18,1.5,17.7695
8,18,2.0,18.287499999999998
8,18,2.5,17.7205
8,18,3.0,18.571
8,18,3.5,17.808
8,18,4.0,18.4695
8,18,4.5,18.82825
8,18,5.0,19.04525
8,18,5.5,19.68925
8,18,6.0,19.208000000000002
8,18,6.5,21.846999999999998
8,18,7.0,20.496
8,18,7.5,21.846999999999998
8,18,8.0,21.133
8,18,8.5,20.5975
8,18,9.0,20.629
8,18,9.5,19.761
8,18,10.0,19.348000000000003
8,18,10.5,19.073249999999998
8,18,11.0,19.2465
8,18,11.5,18.4205
8,18,12.0,18.277
8,18,12.5,17.38625
8,18,13.0,17.535
8,18,13.5,17.1815
8,18,14.0,17.30225
8,18,14.5,18.721500000000002
8,18,15.0,29.358
8,18,15.5,31.22875
8,18,16.0,31.68375
8,18,16.5,33.02775
8,18,17.0,33.56675
8,18,17.5,33.23075
8,18,18.0,24.3985
8,18,18.5,24.059
8,18,19.0,24.269000000000002
8,18,19.5,23.875249999999998
8,18,20.0,24.43875
8,18,20.5,21.906499999999998
8,18,21.0,22.1095
8,18,21.5,19.9255
8,18,22.0,21.843500000000002
8,18,22.5,20.195
8,18,23.0,19.572
8,18,23.5,18.5325
8,19,0.0,18.77225
8,19,0.5,18.6235
8,19,1.0,18.3995
8,19,1.5,17.85525
8,19,2.0,17.689
8,19,2.5,17.35825
8,19,3.0,17.9515
8,19,3.5,17.886750000000003
8,19,4.0,18.788
8,19,4.5,18.961250000000003
8,19,5.0,20.1985
8,19,5.5,20.971999999999998
8,19,6.0,20.286
8,19,6.5,22.302000000000003
8,19,7.0,22.046499999999998
8,19,7.5,23.02825
8,19,8.0,22.4175
8,19,8.5,21.9765
8,19,9.0,21.3395
8,19,9.5,21.091
8,19,10.0,20.349
8,19,10.5,20.363
8,19,11.0,20.51
8,19,11.5,20.114500000000003
8,19,12.0,20.43825
8,19,12.5,18.914
8,19,13.0,18.87725
8,19,13.5,18.214000000000002
8,19,14.0,19.663
8,19,14.5,20.104
8,19,15.0,30.497249999999998
8,19,15.5,31.55775
8,19,16.0,31.61375
8,19,16.5,32.1685
8,19,17.0,33.20975
8,19,17.5,33.11525
8,19,18.0,25.004
8,19,18.5,24.3145
8,19,19.0,24.249750000000002
8,19,19.5,23.9015
8,19,20.0,23.834999999999997
8,19,20.5,22.379
8,19,21.0,21.75425
8,19,21.5,19.9115
8,19,22.0,20.139
8,19,22.5,19.953500000000002
8,19,23.0,19.7575
8,19,23.5,19.1905
8,20,0.0,19.0505
8,20,0.5,18.96825
8,20,1.0,18.5395
8,20,1.5,18.0565
8,20,2.0,18.346999999999998
8,20,2.5,18.6585
8,20,3.0,18.5395
8,20,3.5,18.8615
8,20,4.0,18.784499999999998
8,20,4.5,20.10575
8,20,5.0,20.342000000000002
8,20,5.5,21.1435
8,20,6.0,19.823999999999998
8,20,6.5,22.533
8,20,7.0,21.644000000000002
8,20,7.5,22.582000000000004
8,20,8.0,21.784000000000002
8,20,8.5,21.203
8,20,9.0,20.81625
8,20,9.5,20.258
8,20,10.0,20.1285
8,20,10.5,19.815250000000002
8,20,11.0,20.027
8,20,11.5,19.18
8,20,12.0,18.994500000000002
8,20,12.5,17.0835
8,20,13.0,18.025000000000002
8,20,13.5,16.548
8,20,14.0,18.3855
8,20,14.5,18.48
8,20,15.0,29.925
8,20,15.5,30.94875
8,20,16.0,31.26025
8,20,16.5,32.278749999999995
8,20,17.0,33.71725
8,20,17.5,33.8555
8,20,18.0,24.409000000000002
8,20,18.5,24.06075
8,20,19.0,24.01
8,20,19.5,23.786
8,20,20.0,23.254
8,20,20.5,21.6755
8,20,21.0,21.336
8,20,21.5,19.8135
8,20,22.0,20.1775
8,20,22.5,19.57725
8,20,23.0,19.222
8,20,23.5,17.619
8,21,0.0,18.154500000000002
8,21,0.5,17.6155
8,21,1.0,17.517500000000002
8,21,1.5,16.6355
8,21,2.0,16.9085
8,21,2.5,16.801750000000002
8,21,3.0,17.223499999999998
8,21,3.5,17.031000000000002
8,21,4.0,18.665499999999998
8,21,4.5,20.2405
8,21,5.0,20.391000000000002
8,21,5.5,21.7805
8,21,6.0,19.734750000000002
8,21,6.5,23.278499999999998
8,21,7.0,19.3305
8,21,7.5,21.290499999999998
8,21,8.0,19.46
8,21,8.5,19.5265
8,21,9.0,19.1905
8,21,9.5,18.704
8,21,10.0,18.6725
8,21,10.5,18.4415
8,21,11.0,18.977
8,21,11.5,18.214000000000002
8,21,12.0,18.305000000000003
8,21,12.5,16.84725
8,21,13.0,17.486
8,21,13.5,16.88225
8,21,14.0,17.5735
8,21,14.5,17.87275
8,21,15.0,28.798
8,21,15.5,30.39225
8,21,16.0,31.682
8,21,16.5,33.01375
8,21,17.0,33.6105
8,21,17.5,33.51075
8,21,18.0,23.93825
8,21,18.5,23.177000000000003
8,21,19.0,23.358999999999998
8,21,19.5,23.19275
8,21,20.0,23.4045
8,21,20.5,21.119
8,21,21.0,20.447
8,21,21.5,17.381
8,21,22.0,19.901
8,21,22.5,18.34875
8,21,23.0,18.2455
8,21,23.5,17.031
8,22,0.0,17.108
8,22,0.5,16.6775
8,22,1.0,16.933000000000003
8,22,1.5,16.4325
8,22,2.0,16.282
8,22,2.5,16.1175
8,22,3.0,16.4955
8,22,3.5,16.5585
8,22,4.0,17.318
8,22,4.5,18.1125
8,22,5.0,18.137
8,22,5.5,19.529999999999998
8,22,6.0,18.362750000000002
8,22,6.5,20.77075
8,22,7.0,19.099500000000003
8,22,7.5,20.331500000000002
8,22,8.0,20.26675
8,22,8.5,19.848499999999998
8,22,9.0,19.078500000000002
8,22,9.5,18.494
8,22,10.0,18.71625
8,22,10.5,18.64975
8,22,11.0,18.186
8,22,11.5,18.053
8,22,12.0,17.906000000000002
8,22,12.5,16.919
8,22,13.0,16.863
8,22,13.5,16.6355
8,22,14.0,16.59
8,22,14.5,17.311
8,22,15.0,28.595
8,22,15.5,30.276749999999996
8,22,16.0,32.20175
8,22,16.5,33.44075
8,22,17.0,35.049
8,22,17.5,35.37275
8,22,18.0,25.959500000000002
8,22,18.5,25.893
8,22,19.0,25.0985
8,22,19.5,25.501
8,22,20.0,24.97425
8,22,20.5,22.9495
8,22,21.0,22.330000000000002
8,22,21.5,19.516000000000002
8,22,22.0,21.468999999999998
8,22,22.5,20.181
8,22,23.0,19.7365
8,22,23.5,19.02775
8,23,0.0,18.753
8,23,0.5,18.3575
8,23,1.0,18.35575
8,23,1.5,17.2865
8,23,2.0,17.493000000000002
8,23,2.5,16.9645
8,23,3.0,17.4825
8,23,3.5,17.06775
8,23,4.0,17.983
8,23,4.5,18.5605
8,23,5.0,19.9465
8,23,5.5,21.3745
8,23,6.0,19.4145
8,23,6.5,22.084999999999997
8,23,7.0,20.45925
8,23,7.5,21.5355
8,23,8.0,20.6605
8,23,8.5,19.834500000000002
8,23,9.0,20.636
8,23,9.5,19.498500000000003
8,23,10.0,19.537000000000003
8,23,10.5,18.921
8,23,11.0,19.1065
8,23,11.5,18.361
8,23,12.0,18.724999999999998
8,23,12.5,17.5735
8,23,13.0,18.102
8,23,13.5,17.92875
8,23,14.0,18.018
8,23,14.5,18.627
8,23,15.0,29.351
8,23,15.5,32.22275
8,23,16.0,33.80825
8,23,16.5,36.82875
8,23,17.0,38.37925
8,23,17.5,38.58575
8,23,18.0,29.232
8,23,18.5,28.399
8,23,19.0,29.12
8,23,19.5,29.29675
8,23,20.0,26.586
8,23,20.5,24.157
8,23,21.0,23.002
8,23,21.5,21.00525
8,23,22.0,22.3685
8,23,22.5,20.741
8,23,23.0,21.178500000000003
8,23,23.5,19.680500000000002
8,24,0.0,19.754
8,24,0.5,19.62275
8,24,1.0,19.698
8,24,1.5,18.991
8,24,2.0,18.942
8,24,2.5,18.7285
8,24,3.0,19.075
8,24,3.5,19.3375
8,24,4.0,20.04275
8,24,4.5,20.698999999999998
8,24,5.0,21.2205
8,24,5.5,22.165499999999998
8,24,6.0,20.846
8,24,6.5,24.12375
8,24,7.0,23.4115
8,24,7.5,24.885
8,24,8.0,24.622500000000002
8,24,8.5,23.926000000000002
8,24,9.0,23.618
8,24,9.5,23.058000000000003
8,24,10.0,23.4465
8,24,10.5,23.1035
8,24,11.0,23.250500000000002
8,24,11.5,22.281000000000002
8,24,12.0,22.322999999999997
8,24,12.5,20.968500000000002
8,24,13.0,19.7505
8,24,13.5,19.068
8,24,14.0,19.663
8,24,14.5,20.35425
8,24,15.0,31.19725
8,24,15.5,33.35675
8,24,16.0,35.11025
8,24,16.5,37.38525
8,24,17.0,38.92
8,24,17.5,38.7275
8,24,18.0,28.903000000000002
8,24,18.5,27.783
8,24,19.0,26.138
8,24,19.5,25.840500000000002
8,24,20.0,25.4345
8,24,20.5,22.718500000000002
8,24,21.0,22.522500000000004
8,24,21.5,18.788
8,24,22.0,19.404
8,24,22.5,17.8815
8,24,23.0,18.6095
8,24,23.5,16.989
8,25,0.0,17.248
8,25,0.5,17.164
8,25,1.0,17.633
8,25,1.5,16.6845
8,25,2.0,16.9015
8,25,2.5,16.7615
8,25,3.0,16.931250000000002
8,25,3.5,16.653000000000002
8,25,4.0,16.6495
8,25,4.5,17.528000000000002
8,25,5.0,18.0145
8,25,5.5,19.09425
8,25,6.0,17.766000000000002
8,25,6.5,19.663
8,25,7.0,19.656000000000002
8,25,7.5,20.391000000000002
8,25,8.0,20.3665
8,25,8.5,19.7295
8,25,9.0,20.18975
8,25,9.5,19.6385
8,25,10.0,19.6175
8,25,10.5,19.257
8,25,11.0,19.509
8,25,11.5,18.8265
8,25,12.0,18.50975
8,25,12.5,17.54375
8,25,13.0,17.836000000000002
8,25,13.5,17.6505
8,25,14.0,16.842000000000002
8,25,14.5,17.395
8,25,15.0,27.1005
8,25,15.5,29.40525
8,25,16.0,29.63625
8,25,16.5,31.4545
8,25,17.0,33.19225
8,25,17.5,33.29025
8,25,18.0,24.36525
8,25,18.5,23.89975
8,25,19.0,24.172749999999997
8,25,19.5,23.744
8,25,20.0,23.59175
8,25,20.5,21.584500000000002
8,25,21.0,21.9905
8,25,21.5,19.7855
8,25,22.0,20.345499999999998
8,25,22.5,19.656000000000002
8,25,23.0,18.753
8,25,23.5,17.878
8,26,0.0,17.909499999999998
8,26,0.5,17.895500000000002
8,26,1.0,18.1685
8,26,1.5,17.402
8,26,2.0,17.42125
8,26,2.5,17.6645
8,26,3.0,18.053
8,26,3.5,17.591
8,26,4.0,18.4485
8,26,4.5,19.3515
8,26,5.0,19.635
8,26,5.5,20.41725
8,26,6.0,19.95
8,26,6.5,22.599500000000003
8,26,7.0,20.37
8,26,7.5,21.5775
8,26,8.0,20.706
8,26,8.5,20.296499999999998
8,26,9.0,19.929
8,26,9.5,19.6175
8,26,10.0,19.334
8,26,10.5,19.288500000000003
8,26,11.0,19.2325
8,26,11.5,18.6795
8,26,12.0,19.747
8,26,12.5,18.585
8,26,13.0,19.1975
8,26,13.5,18.403000000000002
8,26,14.0,18.861500000000003
8,26,14.5,19.3165
8,26,15.0,30.296000000000003
8,26,15.5,32.004
8,26,16.0,33.18875
8,26,16.5,33.95525
8,26,17.0,35.09625
8,26,17.5,35.09975
8,26,18.0,25.465999999999998
8,26,18.5,24.738
8,26,19.0,25.55
8,26,19.5,25.158
8,26,20.0,25.536
8,26,20.5,22.743
8,26,21.0,22.533
8,26,21.5,20.5695
8,26,22.0,21.6195
8,26,22.5,20.9335
8,26,23.0,21.308
8,26,23.5,20.272000000000002
8,27,0.0,19.411
8,27,0.5,19.40575
8,27,1.0,19.9255
8,27,1.5,18.704
8,27,2.0,18.546499999999998
8,27,2.5,18.2805
8,27,3.0,18.86675
8,27,3.5,18.681250000000002
8,27,4.0,18.646250000000002
8,27,4.5,19.4635
8,27,5.0,19.873
8,27,5.5,20.8425
8,27,6.0,19.901
8,27,6.5,22.9495
8,27,7.0,21.8505
8,27,7.5,22.701000000000004
8,27,8.0,22.267
8,27,8.5,21.2625
8,27,9.0,21.276500000000002
8,27,9.5,20.6465
8,27,10.0,20.37525
8,27,10.5,20.195
8,27,11.0,21.049
8,27,11.5,20.193250000000003
8,27,12.0,20.7025
8,27,12.5,18.8895
8,27,13.0,19.0015
8,27,13.5,19.047
8,27,14.0,19.46
8,27,14.5,20.226499999999998
8,27,15.0,31.5
8,27,15.5,33.37075
8,27,16.0,34.438250000000004
8,27,16.5,35.958999999999996
8,27,17.0,36.06575
8,27,17.5,36.02375
8,27,18.0,26.6665
8,27,18.5,26.0155
8,27,19.0,25.087999999999997
8,27,19.5,24.4335
8,27,20.0,24.87625
8,27,20.5,21.9555
8,27,21.0,21.640500000000003
8,27,21.5,19.775000000000002
8,27,22.0,21.171499999999998
8,27,22.5,21.31325
8,27,23.0,21.406000000000002
8,27,23.5,20.4365
8,28,0.0,20.50825
8,28,0.5,20.26675
8,28,1.0,20.2545
8,28,1.5,19.4425
8,28,2.0,19.2115
8,28,2.5,19.0645
8,28,3.0,20.3105
8,28,3.5,19.943
8,28,4.0,20.993
8,28,4.5,21.608999999999998
8,28,5.0,22.3055
8,28,5.5,22.393
8,28,6.0,21.014
8,28,6.5,23.373
8,28,7.0,22.37725
8,28,7.5,23.48675
8,28,8.0,22.77625
8,28,8.5,22.482250000000004
8,28,9.0,22.491
8,28,9.5,21.99925
8,28,10.0,21.5775
8,28,10.5,21.008750000000003
8,28,11.0,21.79975
8,28,11.5,21.157500000000002
8,28,12.0,21.4795
8,28,12.5,20.027
8,28,13.0,19.83275
8,28,13.5,19.551000000000002
8,28,14.0,19.831
8,28,14.5,19.957
8,28,15.0,30.7825
8,28,15.5,32.14225
8,28,16.0,32.823
8,28,16.5,34.49775
8,28,17.0,34.94925
8,28,17.5,35.20825
8,28,18.0,25.473
8,28,18.5,25.319000000000003
8,28,19.0,25.462500000000002
8,28,19.5,24.773
8,28,20.0,25.0355
8,28,20.5,22.296750000000003
8,28,21.0,22.183000000000003
8,28,21.5,20.503
8,28,22.0,21.57225
8,28,22.5,21.745500000000003
8,28,23.0,21.514499999999998
8,28,23.5,20.8215
8,29,0.0,21.0245
8,29,0.5,20.916
8,29,1.0,20.482
8,29,1.5,19.446
8,29,2.0,19.823999999999998
8,29,2.5,19.697999999999997
8,29,3.0,20.156499999999998
8,29,3.5,19.432
8,29,4.0,20.671000000000003
8,29,4.5,20.68675
8,29,5.0,21.773500000000002
8,29,5.5,22.918000000000003
8,29,6.0,21.584500000000002
8,29,6.5,23.8105
8,29,7.0,22.5645
8,29,7.5,23.324
8,29,8.0,22.102500000000003
8,29,8.5,21.917
8,29,9.0,22.116500000000002
8,29,9.5,21.896
8,29,10.0,21.0595
8,29,10.5,20.965
8,29,11.0,20.8075
8,29,11.5,20.282500000000002
8,29,12.0,20.7865
8,29,12.5,19.5545
8,29,13.0,20.307
8,29,13.5,19.77675
8,29,14.0,19.977999999999998
8,29,14.5,20.40675
8,29,15.0,31.34075
8,29,15.5,32.00225
8,29,16.0,32.91925
8,29,16.5,33.97275
8,29,17.0,34.601
8,29,17.5,34.82325
8,29,18.0,25.238500000000002
8,29,18.5,25.028499999999998
8,29,19.0,25.3995
8,29,19.5,24.8045
8,29,20.0,24.676750000000002
8,29,20.5,22.0885
8,29,21.0,22.2495
8,29,21.5,19.9815
8,29,22.0,21.714000000000002
8,29,22.5,21.6615
8,29,23.0,21.343
8,29,23.5,20.3175
8,30,0.0,20.1985
8,30,0.5,20.055000000000003
8,30,1.0,19.8275
8,30,1.5,19.453
8,30,2.0,19.754
8,30,2.5,19.327
8,30,3.0,19.873
8,30,3.5,19.7225
8,30,4.0,20.5695
8,30,4.5,21.5355
8,30,5.0,22.7115
8,30,5.5,22.3685
8,30,6.0,22.0955
8,30,6.5,24.5245
8,30,7.0,21.756
8,30,7.5,23.355500000000003
8,30,8.0,22.1725
8,30,8.5,21.4235
8,30,9.0,21.182000000000002
8,30,9.5,20.982499999999998
8,30,10.0,20.874
8,30,10.5,20.93
8,30,11.0,21.4935
8,30,11.5,20.909000000000002
8,30,12.0,21.5635
8,30,12.5,20.02
8,30,13.0,20.083000000000002
8,30,13.5,19.3865
8,30,14.0,19.1275
8,30,14.5,19.8555
8,30,15.0,31.04325
8,30,15.5,33.05225
8,30,16.0,32.81775
8,30,16.5,34.64125
8,30,17.0,34.67625
8,30,17.5,35.07875
8,30,18.0,25.662000000000003
8,30,18.5,25.37325
8,30,19.0,24.465
8,30,19.5,24.143
8,30,20.0,28.2345
8,30,20.5,25.1195
8,30,21.0,26.0855
8,30,21.5,23.072000000000003
8,30,22.0,25.721500000000002
8,30,22.5,25.578
8,30,23.0,24.979499999999998
8,30,23.5,22.980999999999998
8,31,0.0,24.311000000000003
8,31,0.5,24.374
8,31,1.0,23.012500000000003
8,31,1.5,22.035999999999998
8,31,2.0,22.8515
8,31,2.5,22.462999999999997
8,31,3.0,22.519000000000002
8,31,3.5,22.4735
8,31,4.0,22.267
8,31,4.5,23.2505
8,31,5.0,25.168499999999998
8,31,5.5,25.749499999999998
8,31,6.0,25.501
8,31,6.5,28.147000000000002
8,31,7.0,26.88
8,31,7.5,27.944
8,31,8.0,27.35075
8,31,8.5,27.125
8,31,9.0,26.141499999999997
8,31,9.5,24.667999999999996
8,31,10.0,24.293499999999998
8,31,10.5,24.087000000000003
8,31,11.0,23.9645
8,31,11.5,23.366
8,31,12.0,22.959999999999997
8,31,12.5,21.745500000000003
8,31,13.0,21.301
8,31,13.5,20.6955
8,31,14.0,21.01225
8,31,14.5,22.746499999999997
8,31,15.0,35.55475
8,31,15.5,36.90925
8,31,16.0,37.26625
8,31,16.5,38.2795
8,31,17.0,39.68125
8,31,17.5,39.250750000000004
8,31,18.0,29.977500000000003
8,31,18.5,29.5505
8,31,19.0,29.473499999999998
8,31,19.5,28.346500000000002
8,31,20.0,28.616
8,31,20.5,23.68975
8,31,21.0,25.6935
8,31,21.5,21.105
8,31,22.0,23.625
8,31,22.5,20.797
8,31,23.0,21.84
8,31,23.5,19.8765
9,1,0.0,19.5615
9,1,0.5,19.888749999999998
9,1,1.0,20.331500000000002
9,1,1.5,19.173000000000002
9,1,2.0,19.138
9,1,2.5,19.1065
9,1,3.0,20.09
9,1,3.5,20.3
9,1,4.0,21.3745
9,1,4.5,21.6405
9,1,5.0,24.745
9,1,5.5,25.0355
9,1,6.0,24.503500000000003
9,1,6.5,27.156499999999998
9,1,7.0,24.212999999999997
9,1,7.5,26.025999999999996
9,1,8.0,25.187749999999998
9,1,8.5,24.547250000000002
9,1,9.0,24.344250000000002
9,1,9.5,23.653000000000002
9,1,10.0,24.136
9,1,10.5,24.276
9,1,11.0,24.633
9,1,11.5,24.2165
9,1,12.0,23.8875
9,1,12.5,22.134
9,1,13.0,22.977500000000003
9,1,13.5,22.125249999999998
9,1,14.0,22.2775
9,1,14.5,23.553250000000002
9,1,15.0,34.7865
9,1,15.5,36.0115
9,1,16.0,36.84275
9,1,16.5,37.75275
9,1,17.0,38.27425
9,1,17.5,38.01175
9,1,18.0,30.11225
9,1,18.5,29.734250000000003
9,1,19.0,30.1805
9,1,19.5,29.546999999999997
9,1,20.0,29.73075
9,1,20.5,26.6665
9,1,21.0,26.334
9,1,21.5,20.772499999999997
9,1,22.0,23.84025
9,1,22.5,22.084999999999997
9,1,23.0,21.269499999999997
9,1,23.5,20.18975
9,2,0.0,19.3795
9,2,0.5,19.94475
9,2,1.0,19.845
9,2,1.5,18.907
9,2,2.0,19.159000000000002
9,2,2.5,19.0645
9,2,3.0,19.27625
9,2,3.5,19.4915
9,2,4.0,21.20475
9,2,4.5,21.7735
9,2,5.0,26.194
9,2,5.5,27.1495
9,2,6.0,26.33575
9,2,6.5,29.389499999999998
9,2,7.0,27.977249999999998
9,2,7.5,29.155
9,2,8.0,28.38325
9,2,8.5,27.7445
9,2,9.0,27.474999999999998
9,2,9.5,26.498500000000003
9,2,10.0,25.6305
9,2,10.5,24.5805
9,2,11.0,23.9995
9,2,11.5,22.904
9,2,12.0,22.4245
9,2,12.5,21.43925
9,2,13.0,22.02725
9,2,13.5,21.206500000000002
9,2,14.0,23.477999999999998
9,2,14.5,24.501749999999998
9,2,15.0,35.85575
9,2,15.5,36.655499999999996
9,2,16.0,37.21025
9,2,16.5,38.23575
9,2,17.0,38.65925
9,2,17.5,38.50875
9,2,18.0,30.47275
9,2,18.5,30.24525
9,2,19.0,29.905749999999998
9,2,19.5,27.371750000000002
9,2,20.0,26.874750000000002
9,2,20.5,21.787499999999998
9,2,21.0,20.5415
9,2,21.5,15.238999999999999
9,2,22.0,20.69375
9,2,22.5,20.622
9,2,23.0,19.586000000000002
9,2,23.5,17.43
9,3,0.0,18.9735
9,3,0.5,20.166999999999998
9,3,1.0,18.97175
9,3,1.5,18.2665
9,3,2.0,18.605999999999998
9,3,2.5,18.116
9,3,3.0,18.52725
9,3,3.5,18.6515
9,3,4.0,20.6885
9,3,4.5,21.84
9,3,5.0,21.9275
9,3,5.5,24.7205
9,3,6.0,22.505
9,3,6.5,27.99825
9,3,7.0,25.303250000000002
9,3,7.5,27.26325
9,3,8.0,23.756249999999998
9,3,8.5,22.06925
9,3,9.0,21.803250000000002
9,3,9.5,20.790000000000003
9,3,10.0,19.74175
9,3,10.5,19.64725
9,3,11.0,20.566
9,3,11.5,20.06375
9,3,12.0,19.57375
9,3,12.5,18.4415
9,3,13.0,19.38475
9,3,13.5,19.187
9,3,14.0,20.112750000000002
9,3,14.5,20.6885
9,3,15.0,31.788749999999997
9,3,15.5,33.44075
9,3,16.0,34.41025
9,3,16.5,37.250499999999995
9,3,17.0,37.919000000000004
9,3,17.5,38.44575
9,3,18.0,28.47075
9,3,18.5,28.547749999999997
9,3,19.0,28.22575
9,3,19.5,25.39075
9,3,20.0,26.502
9,3,20.5,21.343
9,3,21.0,21.306250000000002
9,3,21.5,19.712
9,3,22.0,22.358
9,3,22.5,21.6615
9,3,23.0,20.1915
9,3,23.5,20.44875
9,4,0.0,18.96825
9,4,0.5,18.84225
9,4,1.0,17.90425
9,4,1.5,17.312749999999998
9,4,2.0,18.5325
9,4,2.5,17.3565
9,4,3.0,17.89025
9,4,3.5,17.62775
9,4,4.0,19.38475
9,4,4.5,19.194
9,4,5.0,19.922
9,4,5.5,20.90725
9,4,6.0,19.1905
9,4,6.5,24.9025
9,4,7.0,20.4365
9,4,7.5,23.086
9,4,8.0,20.041
9,4,8.5,19.69625
9,4,9.0,20.461
9,4,9.5,20.4365
9,4,10.0,20.571250000000003
9,4,10.5,20.991249999999997
9,4,11.0,20.4645
9,4,11.5,20.33325
9,4,12.0,20.55725
9,4,12.5,19.20625
9,4,13.0,19.502
9,4,13.5,19.28675
9,4,14.0,18.382
9,4,14.5,18.7565
9,4,15.0,32.93325
9,4,15.5,36.41575
9,4,16.0,37.08425
9,4,16.5,38.21125
9,4,17.0,38.02925
9,4,17.5,38.17275
9,4,18.0,29.268749999999997
9,4,18.5,29.767500000000002
9,4,19.0,29.543499999999998
9,4,19.5,25.0355
9,4,20.0,23.834999999999997
9,4,20.5,18.54825
9,4,21.0,19.131
9,4,21.5,16.688
9,4,22.0,21.4235
9,4,22.5,19.90275
9,4,23.0,19.540499999999998
9,4,23.5,18.252499999999998
9,5,0.0,18.4135
9,5,0.5,18.15975
9,5,1.0,18.665499999999998
9,5,1.5,17.78875
9,5,2.0,17.83425
9,5,2.5,17.6435
9,5,3.0,18.004
9,5,3.5,18.1055
9,5,4.0,18.602500000000003
9,5,4.5,19.98675
9,5,5.0,22.0395
9,5,5.5,22.1375
9,5,6.0,20.97025
9,5,6.5,27.223000000000003
9,5,7.0,25.828249999999997
9,5,7.5,26.4355
9,5,8.0,26.456499999999995
9,5,8.5,24.9025
9,5,9.0,22.288
9,5,9.5,21.147
9,5,10.0,20.02175
9,5,10.5,20.36475
9,5,11.0,20.6045
9,5,11.5,19.8485
9,5,12.0,19.629749999999998
9,5,12.5,18.375
9,5,13.0,18.861500000000003
9,5,13.5,18.5045
9,5,14.0,20.296499999999998
9,5,14.5,22.197000000000003
9,5,15.0,35.02625
9,5,15.5,35.2835
9,5,16.0,35.80675
9,5,16.5,36.85675
9,5,17.0,37.72475
9,5,17.5,37.7335
9,5,18.0,29.078
9,5,18.5,29.13225
9,5,19.0,29.144499999999997
9,5,19.5,25.266500000000004
9,5,20.0,26.491500000000002
9,5,20.5,20.468
9,5,21.0,21.957250000000002
9,5,21.5,18.105500000000003
9,5,22.0,21.1505
9,5,22.5,18.809
9,5,23.0,19.218500000000002
9,5,23.5,17.6225
9,6,0.0,17.423
9,6,0.5,17.8115
9,6,1.0,17.24275
9,6,1.5,15.77625
9,6,2.0,16.919
9,6,2.5,16.499
9,6,3.0,18.824749999999998
9,6,3.5,18.599
9,6,4.0,19.3515
9,6,4.5,22.522499999999997
9,6,5.0,24.86225
9,6,5.5,26.437250000000002
9,6,6.0,25.61825
9,6,6.5,28.981749999999995
9,6,7.0,27.8005
9,6,7.5,28.141750000000002
9,6,8.0,26.699749999999998
9,6,8.5,25.352249999999998
9,6,9.0,23.852500000000003
9,6,9.5,22.631
9,6,10.0,22.92675
9,6,10.5,22.86375
9,6,11.0,22.96875
9,6,11.5,22.10075
9,6,12.0,22.839250000000003
9,6,12.5,21.6895
9,6,13.0,24.547250000000002
9,6,13.5,23.7825
9,6,14.0,24.928749999999997
9,6,14.5,25.49575
9,6,15.0,35.55125
9,6,15.5,36.230250000000005
9,6,16.0,37.401
9,6,16.5,38.165749999999996
9,6,17.0,39.48525
9,6,17.5,39.558749999999996
9,6,18.0,30.70725
9,6,18.5,30.78775
9,6,19.0,30.196250000000003
9,6,19.5,26.4495
9,6,20.0,27.592250000000003
9,6,20.5,23.12975
9,6,21.0,23.33275
9,6,21.5,16.70375
9,6,22.0,20.5555
9,6,22.5,19.697999999999997
9,6,23.0,18.368
9,6,23.5,17.130750000000003
9,7,0.0,17.132499999999997
9,7,0.5,17.1605
9,7,1.0,17.108
9,7,1.5,15.8515
9,7,2.0,16.597
9,7,2.5,16.323999999999998
9,7,3.0,17.0205
9,7,3.5,16.513
9,7,4.0,17.927
9,7,4.5,19.026
9,7,5.0,21.364
9,7,5.5,21.938
9,7,6.0,22.88825
9,7,6.5,26.649
9,7,7.0,25.564000000000004
9,7,7.5,25.796750000000003
9,7,8.0,26.227249999999998
9,7,8.5,25.41875
9,7,9.0,23.53925
9,7,9.5,22.45775
9,7,10.0,22.324749999999998
9,7,10.5,22.59075
9,7,11.0,22.184749999999998
9,7,11.5,22.025499999999997
9,7,12.0,22.443749999999998
9,7,12.5,20.823249999999998
9,7,13.0,23.3695
9,7,13.5,22.71675
9,7,14.0,22.69225
9,7,14.5,25.75825
9,7,15.0,35.6965
9,7,15.5,36.5715
9,7,16.0,37.626749999999994
9,7,16.5,38.77125
9,7,17.0,39.6165
9,7,17.5,39.52025
9,7,18.0,30.58825
9,7,18.5,30.840249999999997
9,7,19.0,29.76925
9,7,19.5,27.111
9,7,20.0,27.7445
9,7,20.5,22.708
9,7,21.0,21.71575
9,7,21.5,18.2525
9,7,22.0,20.083000000000002
9,7,22.5,18.375
9,7,23.0,17.955
9,7,23.5,16.8735
9,8,0.0,16.632
9,8,0.5,16.666999999999998
9,8,1.0,16.0825
9,8,1.5,15.247750000000002
9,8,2.0,15.7465
9,8,2.5,15.41925
9,8,3.0,15.814750000000002
9,8,3.5,15.76925
9,8,4.0,16.78075
9,8,4.5,17.571749999999998
9,8,5.0,18.843999999999998
9,8,5.5,21.460250000000002
9,8,6.0,22.015
9,8,6.5,27.363
9,8,7.0,27.23875
9,8,7.5,27.830249999999996
9,8,8.0,28.0665
9,8,8.5,27.0795
9,8,9.0,26.883499999999998
9,8,9.5,25.343500000000002
9,8,10.0,26.4355
9,8,10.5,26.498499999999996
9,8,11.0,25.718
9,8,11.5,24.549000000000003
9,8,12.0,24.752
9,8,12.5,22.3125
9,8,13.0,23.0685
9,8,13.5,22.004499999999997
9,8,14.0,21.147000000000002
9,8,14.5,23.5725
9,8,15.0,34.560750000000006
9,8,15.5,36.60475
9,8,16.0,37.30475
9,8,16.5,38.46675
9,8,17.0,39.90875
9,8,17.5,40.14675
9,8,18.0,31.291749999999997
9,8,18.5,31.269000000000002
9,8,19.0,30.336249999999996
9,8,19.5,25.97875
9,8,20.0,26.586
9,8,20.5,20.748
9,8,21.0,20.790000000000003
9,8,21.5,16.961
9,8,22.0,22.349249999999998
9,8,22.5,20.944
9,8,23.0,20.544999999999998
9,8,23.5,19.229
9,9,0.0,18.95075
9,9,0.5,18.86675
9,9,1.0,19.31125
9,9,1.5,18.217499999999998
9,9,2.0,18.65325
9,9,2.5,18.48175
9,9,3.0,19.565
9,9,3.5,18.98575
9,9,4.0,20.1285
9,9,4.5,21.189
9,9,5.0,23.9225
9,9,5.5,24.793999999999997
9,9,6.0,24.710000000000004
9,9,6.5,29.65725
9,9,7.0,27.207250000000002
9,9,7.5,27.97375
9,9,8.0,25.85275
9,9,8.5,25.317249999999998
9,9,9.0,23.91025
9,9,9.5,23.52525
9,9,10.0,23.752750000000002
9,9,10.5,23.32575
9,9,11.0,22.98625
9,9,11.5,22.002750000000002
9,9,12.0,22.70625
9,9,12.5,21.62125
9,9,13.0,22.52425
9,9,13.5,21.55825
9,9,14.0,22.85675
9,9,14.5,23.46575
9,9,15.0,35.05075
9,9,15.5,36.14275
9,9,16.0,36.708
9,9,16.5,38.0905
9,9,17.0,38.93925
9,9,17.5,39.32775
9,9,18.0,30.25225
9,9,18.5,30.7895
9,9,19.0,29.65375
9,9,19.5,26.139749999999996
9,9,20.0,28.413
9,9,20.5,24.262
9,9,21.0,24.619
9,9,21.5,20.739250000000002
9,9,22.0,25.765249999999998
9,9,22.5,22.462999999999997
9,9,23.0,22.316000000000003
9,9,23.5,20.384
9,10,0.0,19.628
9,10,0.5,19.257
9,10,1.0,19.4145
9,10,1.5,17.4755
9,10,2.0,17.55425
9,10,2.5,17.0695
9,10,3.0,18.662000000000003
9,10,3.5,18.375
9,10,4.0,19.60175
9,10,4.5,21.4025
9,10,5.0,22.6135
9,10,5.5,23.556749999999997
9,10,6.0,22.699249999999996
9,10,6.5,27.991249999999997
9,10,7.0,25.12125
9,10,7.5,27.644750000000002
9,10,8.0,25.287500000000005
9,10,8.5,26.059250000000002
9,10,9.0,25.69175
9,10,9.5,24.955
9,10,10.0,24.843
9,10,10.5,24.58575
9,10,11.0,24.130749999999995
9,10,11.5,22.55575
9,10,12.0,23.345
9,10,12.5,21.14875
9,10,13.0,21.752499999999998
9,10,13.5,20.57825
9,10,14.0,21.586249999999996
9,10,14.5,21.43925
9,10,15.0,33.49675
9,10,15.5,35.31325
9,10,16.0,36.44025
9,10,16.5,37.826249999999995
9,10,17.0,37.980250000000005
9,10,17.5,38.225249999999996
9,10,18.0,30.26625
9,10,18.5,30.264499999999998
9,10,19.0,29.856749999999995
9,10,19.5,28.56175
9,10,20.0,29.184749999999998
9,10,20.5,24.370500000000003
9,10,21.0,25.0565
9,10,21.5,22.61
9,10,22.0,23.59875
9,10,22.5,23.093000000000004
9,10,23.0,22.869
9,10,23.5,20.433
9,11,0.0,19.9465
9,11,0.5,20.681500000000003
9,11,1.0,21.322
9,11,1.5,19.145
9,11,2.0,19.1765
9,11,2.5,18.476499999999998
9,11,3.0,19.92025
9,11,3.5,18.8965
9,11,4.0,20.083
9,11,4.5,20.882749999999998
9,11,5.0,24.955000000000002
9,11,5.5,26.621000000000006
9,11,6.0,23.6705
9,11,6.5,28.593249999999998
9,11,7.0,25.325999999999997
9,11,7.5,28.091000000000005
9,11,8.0,24.90425
9,11,8.5,24.4335
9,11,9.0,25.3505
9,11,9.5,23.86125
9,11,10.0,22.736
9,11,10.5,23.2995
9,11,11.0,20.172250000000002
9,11,11.5,18.571
9,11,12.0,18.6235
9,11,12.5,16.828
9,11,13.0,18.2525
9,11,13.5,17.5455
9,11,14.0,20.9265
9,11,14.5,22.099
9,11,15.0,34.951
9,11,15.5,37.91725
9,11,16.0,38.29525
9,11,16.5,39.936749999999996
9,11,17.0,40.969249999999995
9,11,17.5,41.99825
9,11,18.0,32.37325
9,11,18.5,32.40125
9,11,19.0,31.655749999999998
9,11,19.5,29.7955
9,11,20.0,28.462
9,11,20.5,24.639999999999997
9,11,21.0,24.297
9,11,21.5,20.5975
9,11,22.0,23.373
9,11,22.5,23.037000000000003
9,11,23.0,21.98
9,11,23.5,20.828500000000002
9,12,0.0,20.3455
9,12,0.5,20.5975
9,12,1.0,21.360500000000002
9,12,1.5,19.480999999999998
9,12,2.0,19.2745
9,12,2.5,19.124
9,12,3.0,20.489
9,12,3.5,20.650000000000002
9,12,4.0,22.13575
9,12,4.5,22.5155
9,12,5.0,25.305000000000003
9,12,5.5,26.5335
9,12,6.0,25.655
9,12,6.5,29.263500000000004
9,12,7.0,26.74
9,12,7.5,27.70775
9,12,8.0,26.607
9,12,8.5,25.842249999999996
9,12,9.0,24.84475
9,12,9.5,22.6555
9,12,10.0,24.468500000000002
9,12,10.5,23.537499999999998
9,12,11.0,24.5
9,12,11.5,23.16825
9,12,12.0,24.444
9,12,12.5,21.692999999999998
9,12,13.0,23.66
9,12,13.5,21.0525
9,12,14.0,23.46575
9,12,14.5,24.442249999999998
9,12,15.0,35.63525
9,12,15.5,36.96
9,12,16.0,36.68875
9,12,16.5,38.28125
9,12,17.0,38.64875
9,12,17.5,39.04425
9,12,18.0,30.54975
9,12,18.5,30.794749999999997
9,12,19.0,30.36775
9,12,19.5,27.027
9,12,20.0,28.385
9,12,20.5,20.97375
9,12,21.0,22.858500000000003
9,12,21.5,19.340999999999998
9,12,22.0,22.3335
9,12,22.5,22.4175
9,12,23.0,21.224
9,12,23.5,20.44175
9,13,0.0,19.992
9,13,0.5,20.083
9,13,1.0,19.474
9,13,1.5,18.242
9,13,2.0,18.7635
9,13,2.5,18.564
9,13,3.0,19.775000000000002
9,13,3.5,19.047
9,13,4.0,21.2135
9,13,4.5,21.756
9,13,5.0,24.706500000000002
9,13,5.5,25.417
9,13,6.0,25.095
9,13,6.5,30.12975
9,13,7.0,27.852999999999998
9,13,7.5,28.16275
9,13,8.0,26.918499999999998
9,13,8.5,25.168500000000005
9,13,9.0,25.354000000000003
9,13,9.5,24.48075
9,13,10.0,24.21825
9,13,10.5,24.36175
9,13,11.0,24.450999999999997
9,13,11.5,23.675749999999997
9,13,12.0,24.389749999999996
9,13,12.5,23.11225
9,13,13.0,24.07825
9,13,13.5,23.323999999999998
9,13,14.0,22.94775
9,13,14.5,25.502750000000002
9,13,15.0,34.94225
9,13,15.5,36.2355
9,13,16.0,36.513749999999995
9,13,16.5,37.68625
9,13,17.0,38.080000000000005
9,13,17.5,38.35825
9,13,18.0,30.495500000000003
9,13,18.5,30.47975
9,13,19.0,30.456999999999997
9,13,19.5,27.59925
9,13,20.0,28.53025
9,13,20.5,21.2275
9,13,21.0,25.014499999999998
9,13,21.5,18.973499999999998
9,13,22.0,23.383499999999998
9,13,22.5,22.427999999999997
9,13,23.0,23.2995
9,13,23.5,20.872249999999998
9,14,0.0,20.91775
9,14,0.5,20.965
9,14,1.0,21.245
9,14,1.5,19.166
9,14,2.0,18.732
9,14,2.5,18.346999999999998
9,14,3.0,19.138
9,14,3.5,18.543
9,14,4.0,19.397000000000002
9,14,4.5,22.064000000000004
9,14,5.0,24.9375
9,14,5.5,27.1425
9,14,6.0,26.253500000000003
9,14,6.5,30.02475
9,14,7.0,28.64925
9,14,7.5,29.01325
9,14,8.0,28.5495
9,14,8.5,27.445249999999998
9,14,9.0,26.73125
9,14,9.5,25.537750000000003
9,14,10.0,24.129
9,14,10.5,23.966250000000002
9,14,11.0,24.03625
9,14,11.5,23.295999999999996
9,14,12.0,22.05175
9,14,12.5,20.40675
9,14,13.0,22.184749999999998
9,14,13.5,21.4025
9,14,14.0,21.028000000000002
9,14,14.5,22.713250000000002
9,14,15.0,34.57125
9,14,15.5,36.394749999999995
9,14,16.0,36.82175
9,14,16.5,39.05125
9,14,17.0,40.236
9,14,17.5,40.522999999999996
9,14,18.0,30.927750000000003
9,14,18.5,31.410749999999997
9,14,19.0,30.779
9,14,19.5,28.98175
9,14,20.0,29.85675
9,14,20.5,23.863
9,14,21.0,25.511499999999998
9,14,21.5,19.480999999999998
9,14,22.0,23.453500000000002
9,14,22.5,22.7255
9,14,23.0,22.45775
9,14,23.5,20.951
9,15,0.0,20.8495
9,15,0.5,21.1365
9,15,1.0,20.111
9,15,1.5,20.237
9,15,2.0,19.929
9,15,2.5,19.6805
9,15,3.0,20.594
9,15,3.5,20.615000000000002
9,15,4.0,20.832
9,15,4.5,21.346500000000002
9,15,5.0,23.758
9,15,5.5,27.363
9,15,6.0,26.71375
9,15,6.5,29.883
9,15,7.0,28.37275
9,15,7.5,29.13575
9,15,8.0,28.169749999999997
9,15,8.5,26.857250000000004
9,15,9.0,26.52475
9,15,9.5,25.516750000000002
9,15,10.0,24.869249999999997
9,15,10.5,25.2945
9,15,11.0,24.49475
9,15,11.5,24.29525
9,15,12.0,24.68025
9,15,12.5,23.83675
9,15,13.0,24.30225
9,15,13.5,23.86825
9,15,14.0,23.98025
9,15,14.5,24.582250000000002
9,15,15.0,35.51975
9,15,15.5,37.36775
9,15,16.0,39.123
9,15,16.5,40.0645
9,15,17.0,40.6245
9,15,17.5,40.922
9,15,18.0,34.321
9,15,18.5,34.42425
9,15,19.0,31.606749999999995
9,15,19.5,27.557249999999996
9,15,20.0,27.952749999999998
9,15,20.5,25.425749999999997
9,15,21.0,24.90425
9,15,21.5,21.276500000000002
9,15,22.0,24.139499999999998
9,15,22.5,23.863
9,15,23.0,21.938
9,15,23.5,21.4935
9,16,0.0,21.381500000000003
9,16,0.5,20.895
9,16,1.0,20.7235
9,16,1.5,20.482
9,16,2.0,20.559
9,16,2.5,19.6875
9,16,3.0,20.5485
9,16,3.5,19.383
9,16,4.0,24.066
9,16,4.5,24.590999999999998
9,16,5.0,26.894000000000002
9,16,5.5,29.21275
9,16,6.0,29.46475
9,16,6.5,31.31975
9,16,7.0,29.580249999999996
9,16,7.5,29.39825
9,16,8.0,27.74275
9,16,8.5,24.73975
9,16,9.0,23.08775
9,16,9.5,22.21975
9,16,10.0,22.3475
9,16,10.5,23.0055
9,16,11.0,23.115750000000002
9,16,11.5,22.580249999999996
9,16,12.0,22.66425
9,16,12.5,21.93275
9,16,13.0,21.65975
9,16,13.5,21.27825
9,16,14.0,21.08925
9,16,14.5,21.41825
9,16,15.0,32.0565
9,16,15.5,34.58875
9,16,16.0,35.70875
9,16,16.5,38.15525
9,16,17.0,38.941
9,16,17.5,39.10375
9,16,18.0,28.52325
9,16,18.5,29.938999999999997
9,16,19.0,28.964250000000003
9,16,19.5,25.5675
9,16,20.0,25.6935
9,16,20.5,22.65375
9,16,21.0,22.75
9,16,21.5,19.593
9,16,22.0,20.3035
9,16,22.5,20.45925
9,16,23.0,21.197750000000003
9,16,23.5,17.9935
9,17,0.0,18.6795
9,17,0.5,18.802
9,17,1.0,17.77125
9,17,1.5,16.31175
9,17,2.0,16.7825
9,17,2.5,15.6275
9,17,3.0,16.7475
9,17,3.5,16.169999999999998
9,17,4.0,18.6935
9,17,4.5,19.32
9,17,5.0,22.084999999999997
9,17,5.5,23.016000000000002
9,17,6.0,21.587999999999997
9,17,6.5,25.744249999999997
9,17,7.0,23.50425
9,17,7.5,24.074749999999998
9,17,8.0,22.4735
9,17,8.5,21.6195
9,17,9.0,22.602999999999998
9,17,9.5,20.2195
9,17,10.0,20.237
9,17,10.5,18.7775
9,17,11.0,20.461
9,17,11.5,19.6315
9,17,12.0,18.599
9,17,12.5,17.7695
9,17,13.0,17.626
9,17,13.5,17.395
9,17,14.0,16.5655
9,17,14.5,17.52625
9,17,15.0,31.487750000000002
9,17,15.5,32.815999999999995
9,17,16.0,31.890249999999998
9,17,16.5,36.09375
9,17,17.0,36.513749999999995
9,17,17.5,38.2095
9,17,18.0,25.922749999999997
9,17,18.5,26.762749999999997
9,17,19.0,26.724249999999998
9,17,19.5,22.10075
9,17,20.0,22.340500000000002
9,17,20.5,19.88
9,17,21.0,20.314
9,17,21.5,19.089
9,17,22.0,21.080499999999997
9,17,22.5,21.9205
9,17,23.0,19.785500000000003
9,17,23.5,18.2
9,18,0.0,18.774
9,18,0.5,18.8755
9,18,1.0,19.229
9,18,1.5,17.688999999999997
9,18,2.0,17.5245
9,18,2.5,16.8735
9,18,3.0,18.291
9,18,3.5,17.07825
9,18,4.0,18.9455
9,18,4.5,19.63325
9,18,5.0,21.217
9,18,5.5,22.3195
9,18,6.0,21.25725
9,18,6.5,24.449250000000003
9,18,7.0,22.568
9,18,7.5,24.55775
9,18,8.0,22.84275
9,18,8.5,22.77275
9,18,9.0,20.32275
9,18,9.5,21.25375
9,18,10.0,21.14525
9,18,10.5,20.636
9,18,11.0,20.29825
9,18,11.5,20.331500000000002
9,18,12.0,18.8055
9,18,12.5,16.534000000000002
9,18,13.0,17.72925
9,18,13.5,16.626749999999998
9,18,14.0,16.205
9,18,14.5,18.13525
9,18,15.0,29.860249999999997
9,18,15.5,32.359249999999996
9,18,16.0,34.14425
9,18,16.5,36.53825
9,18,17.0,37.8105
9,18,17.5,37.91375
9,18,18.0,27.93875
9,18,18.5,27.970249999999997
9,18,19.0,26.465249999999997
9,18,19.5,20.895
9,18,20.0,23.0125
9,18,20.5,18.25425
9,18,21.0,20.139
9,18,21.5,17.968999999999998
9,18,22.0,18.515
9,18,22.5,14.882
9,18,23.0,16.2085
9,18,23.5,13.9965
9,19,0.0,15.127
9,19,0.5,15.2565
9,19,1.0,15.7395
9,19,1.5,14.7665
9,19,2.0,14.570500000000001
9,19,2.5,13.600999999999999
9,19,3.0,15.525999999999998
9,19,3.5,14.654499999999999
9,19,4.0,17.1815
9,19,4.5,19.747
9,19,5.0,19.684
9,19,5.5,21.3745
9,19,6.0,19.6525
9,19,6.5,22.826999999999998
9,19,7.0,21.644000000000002
9,19,7.5,23.397499999999997
9,19,8.0,21.616
9,19,8.5,22.267
9,19,9.0,23.0055
9,19,9.5,20.671000000000003
9,19,10.0,20.3945
9,19,10.5,19.944750000000003
9,19,11.0,20.431250000000002
9,19,11.5,20.083
9,19,12.0,19.299000000000003
9,19,12.5,18.522000000000002
9,19,13.0,18.9315
9,19,13.5,18.730249999999998
9,19,14.0,17.689
9,19,14.5,19.93075
9,19,15.0,32.5745
9,19,15.5,34.041000000000004
9,19,16.0,35.895999999999994
9,19,16.5,37.86125
9,19,17.0,38.28125
9,19,17.5,38.53325
9,19,18.0,29.42625
9,19,18.5,29.9145
9,19,19.0,29.62575
9,19,19.5,24.412499999999998
9,19,20.0,25.7005
9,19,20.5,19.502
9,19,21.0,20.5835
9,19,21.5,15.89875
9,19,22.0,20.1075
9,19,22.5,16.376499999999997
9,19,23.0,18.116
9,19,23.5,15.652000000000001
9,20,0.0,16.779
9,20,0.5,16.28725
9,20,1.0,16.901500000000002
9,20,1.5,15.47
9,20,2.0,16.114
9,20,2.5,15.016750000000002
9,20,3.0,15.8165
9,20,3.5,15.4385
9,20,4.0,16.541
9,20,4.5,18.147499999999997
9,20,5.0,20.37175
9,20,5.5,25.57975
9,20,6.0,22.221500000000002
9,20,6.5,29.177750000000003
9,20,7.0,27.52925
9,20,7.5,27.515249999999998
9,20,8.0,27.571250000000003
9,20,8.5,25.828249999999997
9,20,9.0,25.464250000000003
9,20,9.5,24.456249999999997
9,20,10.0,24.529749999999996
9,20,10.5,23.715999999999998
9,20,11.0,24.08175
9,20,11.5,23.093
9,20,12.0,23.649500000000003
9,20,12.5,21.9975
9,20,13.0,23.24
9,20,13.5,22.343999999999998
9,20,14.0,21.0385
9,20,14.5,24.7975
9,20,15.0,34.49775
9,20,15.5,35.29575
9,20,16.0,36.48225
9,20,16.5,37.44475
9,20,17.0,38.18325
9,20,17.5,38.35125
9,20,18.0,29.912750000000003
9,20,18.5,29.96525
9,20,19.0,28.69825
9,20,19.5,24.953249999999997
9,20,20.0,27.473249999999997
9,20,20.5,22.61
9,20,21.0,23.974999999999998
9,20,21.5,17.382749999999998
9,20,22.0,20.153
9,20,22.5,19.032999999999998
9,20,23.0,18.651500000000002
9,20,23.5,17.724
9,21,0.0,17.53325
9,21,0.5,17.745
9,21,1.0,17.304
9,21,1.5,16.5445
9,21,2.0,17.325
9,21,2.5,17.108
9,21,3.0,18.0775
9,21,3.5,17.038
9,21,4.0,19.075
9,21,4.5,19.628
9,21,5.0,21.175
9,21,5.5,22.624
9,21,6.0,24.249750000000002
9,21,6.5,28.29225
9,21,7.0,26.843249999999998
9,21,7.5,26.62625
9,21,8.0,26.997249999999998
9,21,8.5,24.77825
9,21,9.0,23.654749999999996
9,21,9.5,21.69475
9,21,10.0,22.223250000000004
9,21,10.5,21.486500000000003
9,21,11.0,20.93525
9,21,11.5,20.04975
9,21,12.0,20.1705
9,21,12.5,18.172
9,21,13.0,19.232499999999998
9,21,13.5,18.634
9,21,14.0,18.2455
9,21,14.5,19.7995
9,21,15.0,31.617250000000002
9,21,15.5,35.958999999999996
9,21,16.0,36.25825
9,21,16.5,40.386500000000005
9,21,17.0,38.8675
9,21,17.5,39.99099999999999
9,21,18.0,30.46225
9,21,18.5,30.595249999999997
9,21,19.0,27.73925
9,21,19.5,21.1645
9,21,20.0,22.638
9,21,20.5,19.768
9,21,21.0,20.93
9,21,21.5,18.893
9,21,22.0,22.11825
9,21,22.5,22.134
9,21,23.0,20.96675
9,21,23.5,18.9245
9,22,0.0,19.132749999999998
9,22,0.5,19.5125
9,22,1.0,19.334
9,22,1.5,18.6375
9,22,2.0,19.215
9,22,2.5,18.7215
9,22,3.0,19.558
9,22,3.5,19.362
9,22,4.0,19.8415
9,22,4.5,20.42775
9,22,5.0,22.099
9,22,5.5,22.819999999999997
9,22,6.0,21.5425
9,22,6.5,24.45975
9,22,7.0,25.424000000000003
9,22,7.5,25.824749999999998
9,22,8.0,25.25775
9,22,8.5,24.12025
9,22,9.0,24.02575
9,22,9.5,22.606499999999997
9,22,10.0,22.940749999999998
9,22,10.5,22.289749999999998
9,22,11.0,22.522499999999997
9,22,11.5,21.756
9,22,12.0,22.648500000000002
9,22,12.5,20.663999999999998
9,22,13.0,20.971999999999998
9,22,13.5,19.999
9,22,14.0,20.51
9,22,14.5,22.102500000000003
9,22,15.0,33.87475
9,22,15.5,36.135749999999994
9,22,16.0,36.79025
9,22,16.5,37.96975
9,22,17.0,38.28825
9,22,17.5,38.66975
9,22,18.0,29.84975
9,22,18.5,29.93375
9,22,19.0,28.035
9,22,19.5,22.5505
9,22,20.0,24.79925
9,22,20.5,21.190749999999998
9,22,21.0,21.965999999999998
9,22,21.5,18.62
9,22,22.0,22.45425
9,22,22.5,21.07
9,22,23.0,21.752499999999998
9,22,23.5,19.6945
9,23,0.0,18.046000000000003
9,23,0.5,17.577
9,23,1.0,17.248
9,23,1.5,15.673
9,23,2.0,16.169999999999998
9,23,2.5,15.5435
9,23,3.0,17.080000000000002
9,23,3.5,17.248
9,23,4.0,17.612
9,23,4.5,19.36375
9,23,5.0,22.2915
9,23,5.5,22.872500000000002
9,23,6.0,25.074
9,23,6.5,30.96975
9,23,7.0,28.8085
9,23,7.5,29.33
9,23,8.0,28.2555
9,23,8.5,26.971
9,23,9.0,26.3725
9,23,9.5,24.822
9,23,10.0,24.5595
9,23,10.5,24.5805
9,23,11.0,24.619
9,23,11.5,23.435999999999996
9,23,12.0,23.89975
9,23,12.5,21.805000000000003
9,23,13.0,22.715
9,23,13.5,21.883750000000003
9,23,14.0,20.2545
9,23,14.5,23.019499999999997
9,23,15.0,35.201249999999995
9,23,15.5,38.10975
9,23,16.0,39.26125
9,23,16.5,40.731249999999996
9,23,17.0,40.55975
9,23,17.5,40.69975
9,23,18.0,32.16675
9,23,18.5,31.17625
9,23,19.0,29.062249999999995
9,23,19.5,24.729249999999997
9,23,20.0,24.703000000000003
9,23,20.5,22.078
9,23,21.0,23.66525
9,23,21.5,20.6395
9,23,22.0,24.38275
9,23,22.5,22.8165
9,23,23.0,22.9285
9,23,23.5,20.9335
9,24,0.0,20.678
9,24,0.5,20.2685
9,24,1.0,17.8395
9,24,1.5,16.233
9,24,2.0,16.3695
9,24,2.5,15.809500000000002
9,24,3.0,15.924999999999999
9,24,3.5,15.547000000000002
9,24,4.0,17.01
9,24,4.5,18.767
9,24,5.0,19.35675
9,24,5.5,20.8565
9,24,6.0,20.9475
9,24,6.5,24.984750000000002
9,24,7.0,23.931250000000002
9,24,7.5,24.99525
9,24,8.0,24.02225
9,24,8.5,23.442999999999998
9,24,9.0,22.2075
9,24,9.5,20.237
9,24,10.0,20.076
9,24,10.5,18.9245
9,24,11.0,19.3095
9,24,11.5,18.116
9,24,12.0,18.032
9,24,12.5,15.5085
9,24,13.0,16.7895
9,24,13.5,16.471
9,24,14.0,16.2085
9,24,14.5,17.444
9,24,15.0,29.75
9,24,15.5,32.1545
9,24,16.0,34.65525
9,24,16.5,37.71425
9,24,17.0,38.23225
9,24,17.5,38.96375
9,24,18.0,28.215249999999997
9,24,18.5,27.53975
9,24,19.0,26.405749999999998
9,24,19.5,23.178749999999997
9,24,20.0,23.990750000000002
9,24,20.5,19.267500000000002
9,24,21.0,20.713
9,24,21.5,19.17475
9,24,22.0,21.3045
9,24,22.5,18.913999999999998
9,24,23.0,17.8465
9,24,23.5,16.926
9,25,0.0,15.6205
9,25,0.5,16.9295
9,25,1.0,16.39225
9,25,1.5,14.777000000000001
9,25,2.0,14.952
9,25,2.5,14.6335
9,25,3.0,15.109499999999999
9,25,3.5,15.134
9,25,4.0,15.893500000000001
9,25,4.5,16.513
9,25,5.0,20.972
9,25,5.5,21.616
9,25,6.0,20.194999999999997
9,25,6.5,25.2525
9,25,7.0,24.590999999999998
9,25,7.5,25.55875
9,25,8.0,23.780749999999998
9,25,8.5,23.91725
9,25,9.0,22.282749999999997
9,25,9.5,21.89075
9,25,10.0,21.7105
9,25,10.5,20.5625
9,25,11.0,19.796
9,25,11.5,18.8755
9,25,12.0,18.385499999999997
9,25,12.5,17.3495
9,25,13.0,17.947999999999997
9,25,13.5,17.706500000000002
9,25,14.0,18.214
9,25,14.5,18.5745
9,25,15.0,31.449249999999996
9,25,15.5,35.26775
9,25,16.0,34.37525
9,25,16.5,37.17525
9,25,17.0,36.905750000000005
9,25,17.5,37.56375
9,25,18.0,26.44425
9,25,18.5,25.01975
9,25,19.0,23.38875
9,25,19.5,20.6885
9,25,20.0,22.596
9,25,20.5,20.590500000000002
9,25,21.0,19.733
9,25,21.5,16.7195
9,25,22.0,19.887
9,25,22.5,19.1765
9,25,23.0,17.6505
9,25,23.5,16.3695
9,26,0.0,16.378249999999998
9,26,0.5,16.16825
9,26,1.0,14.518
9,26,1.5,13.272
9,26,2.0,12.7365
9,26,2.5,11.711
9,26,3.0,12.523000000000001
9,26,3.5,11.746
9,26,4.0,14.2415
9,26,4.5,16.73875
9,26,5.0,19.540499999999998
9,26,5.5,20.7165
9,26,6.0,18.92275
9,26,6.5,23.715999999999998
9,26,7.0,22.89
9,26,7.5,23.696749999999998
9,26,8.0,23.77025
9,26,8.5,22.39825
9,26,9.0,22.023749999999996
9,26,9.5,20.247500000000002
9,26,10.0,18.831750000000003
9,26,10.5,18.158
9,26,11.0,18.21925
9,26,11.5,17.35125
9,26,12.0,16.9295
9,26,12.5,16.453500000000002
9,26,13.0,16.639
9,26,13.5,16.2435
9,26,14.0,16.814
9,26,14.5,18.3015
9,26,15.0,29.646749999999997
9,26,15.5,31.788749999999997
9,26,16.0,31.31975
9,26,16.5,34.844249999999995
9,26,17.0,34.797
9,26,17.5,36.86025
9,26,18.0,26.52825
9,26,18.5,26.3305
9,26,19.0,24.867499999999996
9,26,19.5,20.909000000000002
9,26,20.0,22.47875
9,26,20.5,18.6795
9,26,21.0,19.775000000000002
9,26,21.5,16.3205
9,26,22.0,17.080000000000002
9,26,22.5,15.806
9,26,23.0,15.15325
9,26,23.5,13.104
9,27,0.0,13.646500000000001
9,27,0.5,14.056
9,27,1.0,13.30175
9,27,1.5,12.3585
9,27,2.0,13.104
9,27,2.5,12.433749999999998
9,27,3.0,13.7235
9,27,3.5,13.475
9,27,4.0,15.469999999999999
9,27,4.5,16.821
9,27,5.0,19.2675
9,27,5.5,19.81525
9,27,6.0,18.5185
9,27,6.5,24.12725
9,27,7.0,23.54975
9,27,7.5,22.81125
9,27,8.0,21.96775
9,27,8.5,20.57125
9,27,9.0,20.335
9,27,9.5,19.187
9,27,10.0,18.86675
9,27,10.5,18.739
9,27,11.0,19.151999999999997
9,27,11.5,17.9725
9,27,12.0,17.017
9,27,12.5,15.631
9,27,13.0,16.089499999999997
9,27,13.5,15.057
9,27,14.0,16.477999999999998
9,27,14.5,17.143
9,27,15.0,30.72475
9,27,15.5,32.46425
9,27,16.0,33.75575
9,27,16.5,35.93975
9,27,17.0,35.850500000000004
9,27,17.5,37.707249999999995
9,27,18.0,27.72175
9,27,18.5,26.60175
9,27,19.0,25.66725
9,27,19.5,19.8835
9,27,20.0,22.435
9,27,20.5,18.084500000000002
9,27,21.0,17.913
9,27,21.5,15.228499999999999
9,27,22.0,17.258499999999998
9,27,22.5,14.427
9,27,23.0,13.796999999999999
9,27,23.5,12.58075
9,28,0.0,13.541500000000001
9,28,0.5,13.762
9,28,1.0,13.6185
9,28,1.5,12.677
9,28,2.0,13.3525
9,28,2.5,12.985000000000001
9,28,3.0,13.914250000000001
9,28,3.5,13.4435
9,28,4.0,14.332500000000001
9,28,4.5,16.212
9,28,5.0,19.9465
9,28,5.5,22.9355
9,28,6.0,24.01
9,28,6.5,27.76025
9,28,7.0,26.69275
9,28,7.5,25.92625
9,28,8.0,26.24475
9,28,8.5,25.17375
9,28,9.0,24.69775
9,28,9.5,22.652
9,28,10.0,22.218
9,28,10.5,22.240750000000002
9,28,11.0,22.0115
9,28,11.5,21.21
9,28,12.0,21.4025
9,28,12.5,19.013749999999998
9,28,13.0,19.7715
9,28,13.5,19.1205
9,28,14.0,18.406499999999998
9,28,14.5,20.14425
9,28,15.0,32.54125
9,28,15.5,34.4855
9,28,16.0,35.60375
9,28,16.5,37.63725
9,28,17.0,38.91475
9,28,17.5,39.74075
9,28,18.0,29.699249999999996
9,28,18.5,28.07875
9,28,19.0,26.599999999999998
9,28,19.5,22.0745
9,28,20.0,22.7745
9,28,20.5,20.02
9,28,21.0,20.544999999999998
9,28,21.5,18.5535
9,28,22.0,21.3255
9,28,22.5,20.30525
9,28,23.0,19.495
9,28,23.5,18.11075
9,29,0.0,17.759
9,29,0.5,17.7135
9,29,1.0,17.941
9,29,1.5,17.023999999999997
9,29,2.0,16.905
9,29,2.5,16.0125
9,29,3.0,15.918
9,29,3.5,15.109499999999999
9,29,4.0,17.220000000000002
9,29,4.5,18.20525
9,29,5.0,18.98575
9,29,5.5,24.16925
9,29,6.0,22.575
9,29,6.5,28.78925
9,29,7.0,27.22475
9,29,7.5,26.642
9,29,8.0,27.29125
9,29,8.5,24.71175
9,29,9.0,25.55
9,29,9.5,23.0335
9,29,10.0,23.0545
9,29,10.5,22.4945
9,29,11.0,22.5855
9,29,11.5,21.521500000000003
9,29,12.0,21.703500000000002
9,29,12.5,19.9255
9,29,13.0,20.797
9,29,13.5,20.279
9,29,14.0,19.5895
9,29,14.5,23.593500000000002
9,29,15.0,33.86425
9,29,15.5,37.41325
9,29,16.0,38.06075
9,29,16.5,39.88425
9,29,17.0,40.537
9,29,17.5,40.9115
9,29,18.0,31.368750000000002
9,29,18.5,30.513
9,29,19.0,29.56975
9,29,19.5,24.627750000000002
9,29,20.0,27.38225
9,29,20.5,21.973
9,29,21.0,21.5425
9,29,21.5,17.0835
9,29,22.0,22.63275
9,29,22.5,20.91075
9,29,23.0,19.64725
9,29,23.5,17.67325
9,30,0.0,16.448249999999998
9,30,0.5,17.52275
9,30,1.0,15.589
9,30,1.5,15.39475
9,30,2.0,14.876750000000001
9,30,2.5,14.2485
9,30,3.0,14.49
9,30,3.5,13.748
9,30,4.0,16.275000000000002
9,30,4.5,17.01
9,30,5.0,19.18
9,30,5.5,21.868000000000006
9,30,6.0,22.428
9,30,6.5,26.38475
9,30,7.0,25.187749999999998
9,30,7.5,24.46675
9,30,8.0,24.30575
9,30,8.5,21.938
9,30,9.0,21.35875
9,30,9.5,21.843500000000002
9,30,10.0,20.4085
9,30,10.5,20.083
9,30,11.0,21.09975
9,30,11.5,19.3725
9,30,12.0,19.44775
9,30,12.5,17.671499999999998
9,30,13.0,18.62
9,30,13.5,17.332
9,30,14.0,17.676750000000002
9,30,14.5,19.640249999999998
9,30,15.0,30.29425
9,30,15.5,33.82925
9,30,16.0,34.22125
9,30,16.5,35.750750000000004
9,30,17.0,36.96175
9,30,17.5,37.31525
9,30,18.0,26.167749999999998
9,30,18.5,24.06775
9,30,19.0,22.44725
9,30,19.5,18.7635
9,30,20.0,20.33675
9,30,20.5,18.0145
9,30,21.0,19.538749999999997
9,30,21.5,16.5095
9,30,22.0,18.23325
9,30,22.5,16.05275
9,30,23.0,17.02925
9,30,23.5,13.049750000000001
10,1,0.0,10.738
10,1,0.5,11.052999999999999
10,1,1.0,9.142000000000001
10,1,1.5,8.34575
10,1,2.0,7.315
10,1,2.5,5.4879999999999995
10,1,3.0,6.223
10,1,3.5,5.2535
10,1,4.0,9.397499999999999
10,1,4.5,11.280499999999998
10,1,5.0,15.21275
10,1,5.5,18.19475
10,1,6.0,16.47275
10,1,6.5,20.94925
10,1,7.0,20.695954999999998
10,1,7.5,21.549955
10,1,8.0,20.46625
10,1,8.5,20.56775
10,1,9.0,19.70325
10,1,9.5,18.54825
10,1,10.0,17.90075
10,1,10.5,17.2165
10,1,11.0,17.402
10,1,11.5,16.11225
10,1,12.0,15.5645
10,1,12.5,12.9185
10,1,13.0,14.1995
10,1,13.5,13.1915
10,1,14.0,13.4995
10,1,14.5,15.6205
10,1,15.0,28.089250000000003
10,1,15.5,30.632455000000004
10,1,16.0,31.619455
10,1,16.5,33.3377975
10,1,17.0,33.150704999999995
10,1,17.5,34.5137975
10,1,18.0,26.974954999999998
10,1,18.5,25.683455
10,1,19.0,23.390955
10,1,19.5,20.237
10,1,20.0,21.280455
10,1,20.5,19.3025
10,1,21.0,20.545455
10,1,21.5,17.90425
10,1,22.0,20.328455
10,1,22.5,19.227249999999998
10,1,23.0,19.20625
10,1,23.5,18.19475
10,2,0.0,18.635749999999998
10,2,0.5,19.19225
10,2,1.0,19.03825
10,2,1.5,17.617250000000002
10,2,2.0,18.011
10,2,2.5,17.059
10,2,3.0,17.331999999999997
10,2,3.5,16.72825
10,2,4.0,18.494
10,2,4.5,19.480999999999998
10,2,5.0,21.458955
10,2,5.5,21.81375
10,2,6.0,19.9465
10,2,6.5,23.835454999999996
10,2,7.0,21.666749999999997
10,2,7.5,21.437955
10,2,8.0,21.696955
10,2,8.5,20.785205
10,2,9.0,20.879704999999998
10,2,9.5,20.121955
10,2,10.0,20.135955
10,2,10.5,19.985454999999998
10,2,11.0,20.275955
10,2,11.5,19.799955
10,2,12.0,19.910205
10,2,12.5,19.456954999999997
10,2,13.0,18.95775
10,2,13.5,18.51675
10,2,14.0,19.47225
10,2,14.5,19.931205
10,2,15.0,28.381955
10,2,15.5,30.466205
10,2,16.0,32.1390475
10,2,16.5,34.4910475
10,2,17.0,36.3810475
10,2,17.5,37.4660475
10,2,18.0,26.9415475
10,2,18.5,25.030547499999997
10,2,19.0,25.5695475
10,2,19.5,20.197205
10,2,20.0,22.769547499999998
10,2,20.5,20.478955
10,2,21.0,20.526205
10,2,21.5,19.437250000000002
10,2,22.0,20.335455
10,2,22.5,20.151705
10,2,23.0,19.523455
10,2,23.5,19.250455
10,3,0.0,19.141955
10,3,0.5,19.173455
10,3,1.0,17.832955
10,3,1.5,15.932455
10,3,2.0,14.502705
10,3,2.5,13.652205
10,3,3.0,14.212204999999999
10,3,3.5,13.022205
10,3,4.0,13.671455
10,3,4.5,14.327705
10,3,5.0,18.503204999999998
10,3,5.5,20.382547499999998
10,3,6.0,21.1595475
10,3,6.5,25.608047499999998
10,3,7.0,24.027797500000002
10,3,7.5,24.4547975
10,3,8.0,22.9725475
10,3,8.5,22.167704999999998
10,3,9.0,21.297954999999998
10,3,9.5,20.170955
10,3,10.0,19.294205
10,3,10.5,17.908205
10,3,11.0,17.607205
10,3,11.5,16.889705
10,3,12.0,16.609705
10,3,12.5,15.263499999999999
10,3,13.0,15.151955
10,3,13.5,15.241204999999999
10,3,14.0,14.654499999999999
10,3,14.5,16.539705
10,3,15.0,26.799955
10,3,15.5,30.4415475
10,3,16.0,30.4380475
10,3,16.5,34.0395475
10,3,17.0,33.4025475
10,3,17.5,34.7570475
10,3,18.0,25.594047500000002
10,3,18.5,22.547455
10,3,19.0,21.808954999999997
10,3,19.5,19.371205
10,3,20.0,20.687047500000002
10,3,20.5,18.503204999999998
10,3,21.0,16.793000000000003
10,3,21.5,14.29925
10,3,22.0,18.104204999999997
10,3,22.5,16.676205
10,3,23.0,15.256955
10,3,23.5,13.604500000000002
10,4,0.0,14.4165
10,4,0.5,15.071
10,4,1.0,14.273000000000001
10,4,1.5,13.146
10,4,2.0,13.314
10,4,2.5,12.295499999999999
10,4,3.0,13.1425
10,4,3.5,12.3095
10,4,4.0,15.536499999999998
10,4,4.5,16.4255
10,4,5.0,18.578
10,4,5.5,20.14425
10,4,6.0,18.882499999999997
10,4,6.5,22.10075
10,4,7.0,21.287454999999998
10,4,7.5,21.287454999999998
10,4,8.0,20.160455
10,4,8.5,19.621455
10,4,9.0,20.107955
10,4,9.5,19.418454999999998
10,4,10.0,19.022499999999997
10,4,10.5,18.566205
10,4,11.0,18.835705
10,4,11.5,18.046
10,4,12.0,18.273500000000002
10,4,12.5,16.828
10,4,13.0,18.151
10,4,13.5,16.9295
10,4,14.0,17.90425
10,4,14.5,18.520705
10,4,15.0,28.462454999999995
10,4,15.5,30.2490475
10,4,16.0,30.6602975
10,4,16.5,33.304547500000005
10,4,17.0,32.7445475
10,4,17.5,34.1970475
10,4,18.0,23.257955
10,4,18.5,22.386454999999998
10,4,19.0,21.164955
10,4,19.5,18.3085
10,4,20.0,20.17925
10,4,20.5,18.914
10,4,21.0,18.506249999999998
10,4,21.5,17.115
10,4,22.0,19.8065
10,4,22.5,19.74175
10,4,23.0,18.97525
10,4,23.5,17.605
10,5,0.0,17.1815
10,5,0.5,17.949749999999998
10,5,1.0,16.2505
10,5,1.5,14.342999999999998
10,5,2.0,15.595999999999998
10,5,2.5,13.597499999999998
10,5,3.0,13.65525
10,5,3.5,13.578249999999999
10,5,4.0,17.066
10,5,4.5,17.2795
10,5,5.0,18.61825
10,5,5.5,21.287454999999998
10,5,6.0,20.315749999999998
10,5,6.5,22.767955
10,5,7.0,22.088955
10,5,7.5,22.265249999999998
10,5,8.0,21.69125
10,5,8.5,20.942249999999998
10,5,9.0,20.50825
10,5,9.5,18.74775
10,5,10.0,18.3085
10,5,10.5,17.871
10,5,11.0,16.54275
10,5,11.5,16.07375
10,5,12.0,16.345
10,5,12.5,14.528500000000001
10,5,13.0,15.1935
10,5,13.5,14.68425
10,5,14.0,15.310749999999999
10,5,14.5,16.0335
10,5,15.0,28.166704999999997
10,5,15.5,29.365454999999997
10,5,16.0,30.579954999999998
10,5,16.5,31.692955
10,5,17.0,31.552954999999997
10,5,17.5,32.154955
10,5,18.0,22.974454999999995
10,5,18.5,21.61075
10,5,19.0,19.61575
10,5,19.5,18.49925
10,5,20.0,19.13975
10,5,20.5,17.36
10,5,21.0,16.058
10,5,21.5,12.46
10,5,22.0,15.07625
10,5,22.5,10.386249999999999
10,5,23.0,10.752
10,5,23.5,8.77975
10,6,0.0,8.58725
10,6,0.5,9.527000000000001
10,6,1.0,9.632
10,6,1.5,8.29325
10,6,2.0,7.812
10,6,2.5,7.448
10,6,3.0,8.2005
10,6,3.5,8.7465
10,6,4.0,10.892000000000001
10,6,4.5,13.779499999999999
10,6,5.0,16.70375
10,6,5.5,18.55875
10,6,6.0,18.684749999999998
10,6,6.5,21.038954999999998
10,6,7.0,19.936455
10,6,7.5,19.89225
10,6,8.0,19.99725
10,6,8.5,18.66375
10,6,9.0,17.72575
10,6,9.5,17.0625
10,6,10.0,16.28025
10,6,10.5,15.835749999999999
10,6,11.0,16.4115
10,6,11.5,15.407000000000002
10,6,12.0,15.748249999999999
10,6,12.5,14.36925
10,6,13.0,14.890749999999999
10,6,13.5,14.757750000000001
10,6,14.0,15.38425
10,6,14.5,16.297749999999997
10,6,15.0,27.21775
10,6,15.5,29.358455000000003
10,6,16.0,29.692705
10,6,16.5,30.985955
10,6,17.0,31.188955000000004
10,6,17.5,31.883705000000003
10,6,18.0,23.285955
10,6,18.5,20.51
10,6,19.0,19.47575
10,6,19.5,17.158749999999998
10,6,20.0,18.83175
10,6,20.5,16.80875
10,6,21.0,16.74925
10,6,21.5,15.251249999999999
10,6,22.0,18.13175
10,6,22.5,13.58875
10,6,23.0,12.927249999999999
10,6,23.5,11.429249999999998
10,7,0.0,11.35575
10,7,0.5,11.618249999999998
10,7,1.0,12.05225
10,7,1.5,10.80975
10,7,2.0,11.57625
10,7,2.5,10.3635
10,7,3.0,10.9095
10,7,3.5,10.08525
10,7,4.0,11.548250000000001
10,7,4.5,14.110249999999999
10,7,5.0,17.739749999999997
10,7,5.5,20.237455
10,7,6.0,20.338955
10,7,6.5,21.9540475
10,7,7.0,21.108954999999998
10,7,7.5,21.276954999999997
10,7,8.0,21.001749999999998
10,7,8.5,19.53525
10,7,9.0,19.400499999999997
10,7,9.5,18.46075
10,7,10.0,18.551750000000002
10,7,10.5,18.20175
10,7,11.0,18.27525
10,7,11.5,18.098499999999998
10,7,12.0,17.660999999999998
10,7,12.5,16.78775
10,7,13.0,17.59625
10,7,13.5,16.76325
10,7,14.0,17.78875
10,7,14.5,17.61025
10,7,15.0,29.200954999999997
10,7,15.5,30.282455
10,7,16.0,31.139955
10,7,16.5,32.949455
10,7,17.0,33.322205
10,7,17.5,35.0230475
10,7,18.0,23.919455
10,7,18.5,22.386454999999998
10,7,19.0,21.581
10,7,19.5,19.130999999999997
10,7,20.0,19.64725
10,7,20.5,18.3015
10,7,21.0,18.397750000000002
10,7,21.5,17.71875
10,7,22.0,20.22475
10,7,22.5,18.723249999999997
10,7,23.0,19.96575
10,7,23.5,18.33825
10,8,0.0,19.56325
10,8,0.5,19.649
10,8,1.0,19.271
10,8,1.5,17.83075
10,8,2.0,18.46425
10,8,2.5,16.618
10,8,3.0,18.52725
10,8,3.5,17.38625
10,8,4.0,18.17375
10,8,4.5,19.425455
10,8,5.0,19.25175
10,8,5.5,19.76275
10,8,6.0,19.67175
10,8,6.5,22.246454999999997
10,8,7.0,21.47075
10,8,7.5,22.043454999999998
10,8,8.0,21.709204999999997
10,8,8.5,21.378455
10,8,9.0,21.050749999999997
10,8,9.5,19.192249999999998
10,8,10.0,19.208
10,8,10.5,18.179
10,8,11.0,18.5745
10,8,11.5,16.796499999999998
10,8,12.0,17.976
10,8,12.5,15.982750000000001
10,8,13.0,17.3075
10,8,13.5,17.017
10,8,14.0,18.1405
10,8,14.5,18.89825
10,8,15.0,28.833455
10,8,15.5,30.152955000000002
10,8,16.0,31.1030475
10,8,16.5,33.8330475
10,8,17.0,33.7035475
10,8,17.5,35.4745475
10,8,18.0,23.793454999999998
10,8,18.5,22.680455
10,8,19.0,21.829955
10,8,19.5,20.961955
10,8,20.0,20.321
10,8,20.5,20.34725
10,8,21.0,20.587455
10,8,21.5,19.687955
10,8,22.0,19.904954999999998
10,8,22.5,18.966955
10,8,23.0,18.27525
10,8,23.5,17.25675
10,9,0.0,17.298750000000002
10,9,0.5,17.14825
10,9,1.0,17.20775
10,9,1.5,16.1035
10,9,2.0,16.77025
10,9,2.5,15.203999999999999
10,9,3.0,17.50525
10,9,3.5,15.237249999999998
10,9,4.0,16.191
10,9,4.5,17.6505
10,9,5.0,19.118750000000002
10,9,5.5,20.14075
10,9,6.0,16.58475
10,9,6.5,21.414749999999998
10,9,7.0,20.16875
10,9,7.5,20.413749999999997
10,9,8.0,19.76275
10,9,8.5,18.72675
10,9,9.0,18.17375
10,9,9.5,16.60925
10,9,10.0,16.45
10,9,10.5,15.744750000000002
10,9,11.0,15.59425
10,9,11.5,15.044749999999999
10,9,12.0,15.85675
10,9,12.5,15.14975
10,9,13.0,15.988
10,9,13.5,16.121
10,9,14.0,16.772
10,9,14.5,18.6585
10,9,15.0,29.207955
10,9,15.5,30.513454999999997
10,9,16.0,31.552954999999997
10,9,16.5,33.5005475
10,9,17.0,34.862047499999996
10,9,17.5,36.5612975
10,9,18.0,24.647454999999997
10,9,18.5,23.086455
10,9,19.0,21.987454999999997
10,9,19.5,19.44775
10,9,20.0,21.190749999999998
10,9,20.5,18.956
10,9,21.0,19.367250000000002
10,9,21.5,17.948
10,9,22.0,19.526500000000002
10,9,22.5,16.2295
10,9,23.0,16.54975
10,9,23.5,15.970500000000001
10,10,0.0,15.3545
10,10,0.5,15.9425
10,10,1.0,15.4035
10,10,1.5,13.653500000000001
10,10,2.0,14.2695
10,10,2.5,13.34025
10,10,3.0,15.057
10,10,3.5,14.895999999999999
10,10,4.0,15.83225
10,10,4.5,17.650499999999997
10,10,5.0,18.018455
10,10,5.5,19.794704999999997
10,10,6.0,20.627705000000002
10,10,6.5,22.410955
10,10,7.0,22.354955
10,10,7.5,22.312955
10,10,8.0,22.281454999999998
10,10,8.5,20.987750000000002
10,10,9.0,20.235249999999997
10,10,9.5,18.01275
10,10,10.0,17.909499999999998
10,10,10.5,17.311
10,10,11.0,18.3995
10,10,11.5,16.401
10,10,12.0,16.90325
10,10,12.5,15.4
10,10,13.0,17.24275
10,10,13.5,17.136
10,10,14.0,15.253
10,10,14.5,17.836
10,10,15.0,27.982955
10,10,15.5,29.505455
10,10,16.0,29.837954999999997
10,10,16.5,31.405797500000002
10,10,17.0,32.653547499999995
10,10,17.5,35.1542975
10,10,18.0,23.642955
10,10,18.5,22.349705
10,10,19.0,22.214955
10,10,19.5,18.291
10,10,20.0,20.821955
10,10,20.5,18.60425
10,10,21.0,19.404
10,10,21.5,15.533000000000001
10,10,22.0,19.19575
10,10,22.5,17.5805
10,10,23.0,17.279500000000002
10,10,23.5,15.1025
10,11,0.0,14.112
10,11,0.5,15.214500000000001
10,11,1.0,14.542499999999999
10,11,1.5,13.179250000000001
10,11,2.0,14.591499999999998
10,11,2.5,13.2965
10,11,3.0,15.337000000000002
10,11,3.5,13.853
10,11,4.0,17.339455
10,11,4.5,18.532954999999998
10,11,5.0,20.39975
10,11,5.5,21.628704999999997
10,11,6.0,21.723047499999996
10,11,6.5,26.4795475
10,11,7.0,22.538547499999996
10,11,7.5,22.302455
10,11,8.0,22.057455
10,11,8.5,21.560455
10,11,9.0,20.583955
10,11,9.5,19.56325
10,11,10.0,19.96225
10,11,10.5,19.127499999999998
10,11,11.0,20.22475
10,11,11.5,19.566750000000003
10,11,12.0,19.971
10,11,12.5,18.886
10,11,13.0,19.516
10,11,13.5,18.4975
10,11,14.0,18.07575
10,11,14.5,19.911955
10,11,15.0,29.1115475
10,11,15.5,31.4722975
10,11,16.0,31.607047500000004
10,11,16.5,35.3870475
10,11,17.0,35.4920475
10,11,17.5,37.9525475
10,11,18.0,25.940547499999997
10,11,18.5,22.718954999999998
10,11,19.0,22.059205000000002
10,11,19.5,20.282954999999998
10,11,20.0,20.84775
10,11,20.5,20.49075
10,11,21.0,20.21775
10,11,21.5,18.851
10,11,22.0,20.379205
10,11,22.5,19.164705
10,11,23.0,18.8055
10,11,23.5,18.08625
10,12,0.0,18.4345
10,12,0.5,19.736500000000003
10,12,1.0,19.495
10,12,1.5,17.794
10,12,2.0,18.570999999999998
10,12,2.5,17.587500000000002
10,12,3.0,18.29625
10,12,3.5,16.709
10,12,4.0,18.3225
10,12,4.5,18.207
10,12,5.0,19.84325
10,12,5.5,20.83375
10,12,6.0,20.0865
10,12,6.5,23.562455
10,12,7.0,22.493205
10,12,7.5,22.981455
10,12,8.0,23.460955
10,12,8.5,22.897454999999997
10,12,9.0,22.701455
10,12,9.5,21.364
10,12,10.0,20.49775
10,12,10.5,20.22475
10,12,11.0,20.923
10,12,11.5,20.385749999999998
10,12,12.0,21.119455
10,12,12.5,19.96575
10,12,13.0,20.202454999999997
10,12,13.5,19.743955
10,12,14.0,19.759249999999998
10,12,14.5,20.20025
10,12,15.0,29.263955
10,12,15.5,32.2545475
10,12,16.0,32.1530475
10,12,16.5,35.7125475
10,12,17.0,37.4940475
10,12,17.5,39.5992975
10,12,18.0,27.4000475
10,12,18.5,22.858954999999998
10,12,19.0,22.274455
10,12,19.5,20.447455
10,12,20.0,19.950454999999998
10,12,20.5,19.15025
10,12,21.0,18.33125
10,12,21.5,17.248
10,12,22.0,18.361455
10,12,22.5,17.72225
10,12,23.0,17.33725
10,12,23.5,17.0485
10,13,0.0,16.88225
10,13,0.5,17.9865
10,13,1.0,17.790499999999998
10,13,1.5,16.285500000000003
10,13,2.0,16.785999999999998
10,13,2.5,16.492
10,13,3.0,15.966999999999999
10,13,3.5,15.72375
10,13,4.0,17.052
10,13,4.5,18.7915
10,13,5.0,18.028955
10,13,5.5,20.944455
10,13,6.0,19.747455
10,13,6.5,23.420547499999998
10,13,7.0,22.1920475
10,13,7.5,22.598047499999996
10,13,8.0,23.201797499999998
10,13,8.5,21.927954999999997
10,13,9.0,21.5760475
10,13,9.5,20.389705
10,13,10.0,20.109704999999998
10,13,10.5,19.029954999999998
10,13,11.0,19.630205
10,13,11.5,18.226705
10,13,12.0,17.841705
10,13,12.5,16.644705
10,13,13.0,17.500455
10,13,13.5,16.903705
10,13,14.0,16.515204999999998
10,13,14.5,17.575705
10,13,15.0,26.7595475
10,13,15.5,30.763547499999998
10,13,16.0,29.937547500000004
10,13,16.5,33.1225475
10,13,17.0,34.0535475
10,13,17.5,35.7667975
10,13,18.0,24.8100475
10,13,18.5,20.919954999999998
10,13,19.0,20.594455
10,13,19.5,16.8105
10,13,20.0,18.420955
10,13,20.5,16.856455
10,13,21.0,18.277455
10,13,21.5,15.84975
10,13,22.0,18.10725
10,13,22.5,14.91175
10,13,23.0,16.675749999999997
10,13,23.5,16.17175
10,14,0.0,15.625750000000002
10,14,0.5,16.3765
10,14,1.0,16.9505
10,14,1.5,15.26
10,14,2.0,15.049999999999999
10,14,2.5,14.395499999999998
10,14,3.0,15.4315
10,14,3.5,13.6325
10,14,4.0,15.4735
10,14,4.5,16.945249999999998
10,14,5.0,16.71775
10,14,5.5,19.02775
10,14,6.0,18.690455
10,14,6.5,22.179955000000003
10,14,7.0,20.590954999999997
10,14,7.5,21.269955
10,14,8.0,20.755455
10,14,8.5,20.282954999999998
10,14,9.0,20.359955
10,14,9.5,19.362455
10,14,10.0,19.015955
10,14,10.5,18.616955
10,14,11.0,18.816455
10,14,11.5,17.957205
10,14,12.0,17.841705
10,14,12.5,16.6495
10,14,13.0,16.994705
10,14,13.5,16.702
10,14,14.0,15.9355
10,14,14.5,18.599455
10,14,15.0,28.961047499999996
10,14,15.5,33.3605475
10,14,16.0,35.0300475
10,14,16.5,40.150547499999995
10,14,17.0,38.8905475
10,14,17.5,41.7115475
10,14,18.0,27.338955
10,14,18.5,24.990454999999997
10,14,19.0,22.993705000000002
10,14,19.5,21.661955000000003
10,14,20.0,21.913955
10,14,20.5,20.153000000000002
10,14,21.0,20.90725
10,14,21.5,17.6085
10,14,22.0,18.87725
10,14,22.5,16.9225
10,14,23.0,16.51825
10,14,23.5,14.701749999999999
10,15,0.0,14.766499999999999
10,15,0.5,16.672250000000002
10,15,1.0,16.0755
10,15,1.5,15.217999999999998
10,15,2.0,15.76925
10,15,2.5,14.582749999999999
10,15,3.0,15.688749999999999
10,15,3.5,14.588
10,15,4.0,15.302
10,15,4.5,16.75975
10,15,5.0,16.71775
10,15,5.5,19.167749999999998
10,15,6.0,18.37325
10,15,6.5,23.016454999999997
10,15,7.0,21.58975
10,15,7.5,22.795955000000003
10,15,8.0,22.318205000000003
10,15,8.5,21.586250000000003
10,15,9.0,21.59675
10,15,9.5,19.689249999999998
10,15,10.0,19.640249999999998
10,15,10.5,18.95775
10,15,11.0,19.572
10,15,11.5,18.84925
10,15,12.0,18.754749999999998
10,15,12.5,18.039
10,15,13.0,18.31025
10,15,13.5,18.22975
10,15,14.0,17.98125
10,15,14.5,19.66475
10,15,15.0,29.39825
10,15,15.5,32.445455
10,15,16.0,32.102455
10,15,16.5,34.370455
10,15,17.0,34.590955
10,15,17.5,35.453705
10,15,18.0,25.406499999999998
10,15,18.5,21.393749999999997
10,15,19.0,22.19175
10,15,19.5,20.074250000000003
10,15,20.0,20.82675
10,15,20.5,18.82825
10,15,21.0,20.375249999999998
10,15,21.5,18.26125
10,15,22.0,19.30425
10,15,22.5,16.637249999999998
10,15,23.0,15.863750000000001
10,15,23.5,15.447250000000002
10,16,0.0,14.895999999999999
10,16,0.5,16.497249999999998
10,16,1.0,15.56275
10,16,1.5,13.59225
10,16,2.0,13.741
10,16,2.5,12.075000000000001
10,16,3.0,13.286000000000001
10,16,3.5,12.116999999999999
10,16,4.0,14.88375
10,16,4.5,16.66525
10,16,5.0,16.71425
10,16,5.5,20.43825
10,16,6.0,19.281499999999998
10,16,6.5,23.276750000000003
10,16,7.0,21.47775
10,16,7.5,22.61175
10,16,8.0,22.443749999999998
10,16,8.5,22.37025
10,16,9.0,21.51275
10,16,9.5,19.675250000000002
10,16,10.0,20.081249999999997
10,16,10.5,20.156499999999998
10,16,11.0,19.68575
10,16,11.5,19.09425
10,16,12.0,19.451249999999998
10,16,12.5,18.91225
10,16,13.0,19.173
10,16,13.5,18.70575
10,16,14.0,19.05575
10,16,14.5,19.71025
10,16,15.0,30.863455000000002
10,16,15.5,32.844455
10,16,16.0,33.740455
10,16,16.5,36.9917975
10,16,17.0,37.770705
10,16,17.5,38.848705
10,16,18.0,27.835955
10,16,18.5,22.73075
10,16,19.0,22.513749999999998
10,16,19.5,19.58775
10,16,20.0,21.03325
10,16,20.5,19.178250000000002
10,16,21.0,19.92375
10,16,21.5,17.94275
10,16,22.0,19.85025
10,16,22.5,18.21925
10,16,23.0,18.77925
10,16,23.5,18.157999999999998
10,17,0.0,17.150000000000002
10,17,0.5,18.19125
10,17,1.0,18.08975
10,17,1.5,16.2715
10,17,2.0,15.631
10,17,2.5,14.740249999999998
10,17,3.0,16.1105
10,17,3.5,15.151499999999999
10,17,4.0,16.1875
10,17,4.5,18.207
10,17,5.0,17.25675
10,17,5.5,21.687749999999998
10,17,6.0,19.39
10,17,6.5,23.912000000000003
10,17,7.0,23.163
10,17,7.5,21.9415
10,17,8.0,22.0185
10,17,8.5,19.77675
10,17,9.0,20.32975
10,17,9.5,18.564
10,17,10.0,18.991
10,17,10.5,18.670749999999998
10,17,11.0,18.824749999999998
10,17,11.5,18.2385
10,17,12.0,18.227999999999998
10,17,12.5,17.44925
10,17,13.0,17.829
10,17,13.5,16.1735
10,17,14.0,14.8855
10,17,14.5,17.83425
10,17,15.0,29.267
10,17,15.5,31.334204999999997
10,17,16.0,31.750249999999998
10,17,16.5,34.057205
10,17,17.0,34.331955
10,17,17.5,35.9050475
10,17,18.0,24.822455
10,17,18.5,20.32975
10,17,19.0,21.84
10,17,19.5,17.5945
10,17,20.0,20.242250000000002
10,17,20.5,17.015249999999998
10,17,21.0,18.83175
10,17,21.5,15.001
10,17,22.0,17.452749999999998
10,17,22.5,16.072
10,17,23.0,16.2575
10,17,23.5,15.379
10,18,0.0,14.6965
10,18,0.5,16.1105
10,18,1.0,14.969500000000002
10,18,1.5,13.793500000000002
10,18,2.0,14.475999999999999
10,18,2.5,13.545000000000002
10,18,3.0,13.881
10,18,3.5,13.163499999999999
10,18,4.0,15.16025
10,18,4.5,16.16125
10,18,5.0,17.63825
10,18,5.5,20.256249999999998
10,18,6.0,20.49775
10,18,6.5,23.460955
10,18,7.0,21.756455
10,18,7.5,21.72275
10,18,8.0,21.35175
10,18,8.5,20.431250000000002
10,18,9.0,20.28425
10,18,9.5,18.4275
10,18,10.0,18.0355
10,18,10.5,17.1605
10,18,11.0,17.794
10,18,11.5,16.1525
10,18,12.0,17.3775
10,18,12.5,15.743
10,18,13.0,16.73
10,18,13.5,16.1945
10,18,14.0,15.95125
10,18,14.5,17.822
10,18,15.0,28.633955
10,18,15.5,30.597454999999997
10,18,16.0,30.471455000000002
10,18,16.5,33.1277975
10,18,17.0,32.903955
10,18,17.5,34.225047499999995
10,18,18.0,23.373454999999996
10,18,18.5,19.95525
10,18,19.0,20.53975
10,18,19.5,16.437749999999998
10,18,20.0,19.1415
10,18,20.5,16.933
10,18,21.0,16.931250000000002
10,18,21.5,13.009500000000001
10,18,22.0,15.53125
10,18,22.5,12.454749999999999
10,18,23.0,11.8125
10,18,23.5,11.452
10,19,0.0,11.3715
10,19,0.5,12.943
10,19,1.0,13.0585
10,19,1.5,11.83
10,19,2.0,12.292
10,19,2.5,11.354
10,19,3.0,12.08725
10,19,3.5,11.658500000000002
10,19,4.0,13.237
10,19,4.5,15.1235
10,19,5.0,15.113
10,19,5.5,16.99775
10,19,6.0,17.05025
10,19,6.5,19.91675
10,19,7.0,18.86675
10,19,7.5,19.42325
10,19,8.0,19.96575
10,19,8.5,19.013749999999998
10,19,9.0,18.47475
10,19,9.5,17.561249999999998
10,19,10.0,17.47025
10,19,10.5,16.898
10,19,11.0,16.612750000000002
10,19,11.5,16.55675
10,19,12.0,16.91725
10,19,12.5,15.27225
10,19,13.0,15.6135
10,19,13.5,15.606500000000002
10,19,14.0,14.952
10,19,14.5,16.6705
10,19,15.0,27.137249999999998
10,19,15.5,29.75525
10,19,16.0,29.727249999999998
10,19,16.5,33.00325
10,19,17.0,31.51925
10,19,17.5,32.71275
10,19,18.0,21.827749999999998
10,19,18.5,18.529
10,19,19.0,18.011
10,19,19.5,16.3275
10,19,20.0,19.36725
10,19,20.5,16.86125
10,19,21.0,17.80275
10,19,21.5,14.750750000000002
10,19,22.0,15.0815
10,19,22.5,9.8315
10,19,23.0,9.633750000000001
10,19,23.5,7.154
10,20,0.0,7.857500000000001
10,20,0.5,9.135
10,20,1.0,8.3125
10,20,1.5,5.92025
10,20,2.0,6.5992500000000005
10,20,2.5,4.6725
10,20,3.0,7.5005
10,20,3.5,6.5415
10,20,4.0,9.86825
10,20,4.5,11.37325
10,20,5.0,13.51175
10,20,5.5,14.936250000000001
10,20,6.0,13.546749999999998
10,20,6.5,17.28125
10,20,7.0,17.09225
10,20,7.5,18.22625
10,20,8.0,17.360000000000003
10,20,8.5,17.14475
10,20,9.0,17.239250000000002
10,20,9.5,16.5795
10,20,10.0,16.25225
10,20,10.5,16.00375
10,20,11.0,16.32225
10,20,11.5,15.6695
10,20,12.0,15.876
10,20,12.5,14.4375
10,20,13.0,14.376249999999999
10,20,13.5,14.831249999999999
10,20,14.0,13.958
10,20,14.5,15.34575
10,20,15.0,26.797749999999997
10,20,15.5,29.265704999999997
10,20,16.0,27.940955
10,20,16.5,30.289455
10,20,17.0,31.048954999999996
10,20,17.5,31.339455
10,20,18.0,21.684250000000002
10,20,18.5,17.17625
10,20,19.0,17.86575
10,20,19.5,13.189749999999998
10,20,20.0,13.342
10,20,20.5,11.103749999999998
10,20,21.0,11.550000000000002
10,20,21.5,9.068499999999998
10,20,22.0,11.71275
10,20,22.5,9.80875
10,20,23.0,8.295
10,20,23.5,6.510000000000001
10,21,0.0,6.1739999999999995
10,21,0.5,5.6315
10,21,1.0,6.503
10,21,1.5,4.51675
10,21,2.0,5.264
10,21,2.5,4.1685
10,21,3.0,6.481999999999999
10,21,3.5,5.80125
10,21,4.0,4.782749999999999
10,21,4.5,9.1315
10,21,5.0,12.158999999999999
10,21,5.5,14.213499999999998
10,21,6.0,14.46025
10,21,6.5,19.297250000000002
10,21,7.0,18.10375
10,21,7.5,18.61475
10,21,8.0,18.76875
10,21,8.5,17.81325
10,21,9.0,18.13175
10,21,9.5,16.429
10,21,10.0,16.73875
10,21,10.5,17.21825
10,21,11.0,17.7835
10,21,11.5,16.41675
10,21,12.0,17.11675
10,21,12.5,15.15675
10,21,13.0,15.434999999999997
10,21,13.5,14.920499999999999
10,21,14.0,14.609
10,21,14.5,15.541749999999999
10,21,15.0,25.85275
10,21,15.5,29.17425
10,21,16.0,28.61075
10,21,16.5,31.76075
10,21,17.0,31.58575
10,21,17.5,32.25775
10,21,18.0,20.73575
10,21,18.5,16.85075
10,21,19.0,17.2865
10,21,19.5,14.960749999999999
10,21,20.0,19.69625
10,21,20.5,18.05825
10,21,21.0,18.697
10,21,21.5,15.722
10,21,22.0,18.009249999999998
10,21,22.5,16.553250000000002
10,21,23.0,15.75875
10,21,23.5,13.881
10,22,0.0,12.543999999999999
10,22,0.5,14.0105
10,22,1.0,13.776000000000002
10,22,1.5,11.857999999999999
10,22,2.0,12.747
10,22,2.5,11.725
10,22,3.0,12.589500000000001
10,22,3.5,12.292000000000002
10,22,4.0,14.913499999999999
10,22,4.5,14.644
10,22,5.0,17.81675
10,22,5.5,18.403000000000002
10,22,6.0,18.863249999999997
10,22,6.5,21.824250000000003
10,22,7.0,20.45575
10,22,7.5,21.46375
10,22,8.0,20.552
10,22,8.5,19.72075
10,22,9.0,19.5335
10,22,9.5,18.56925
10,22,10.0,18.51675
10,22,10.5,18.425749999999997
10,22,11.0,17.898999999999997
10,22,11.5,17.43875
10,22,12.0,17.367
10,22,12.5,16.912
10,22,13.0,17.192
10,22,13.5,16.835
10,22,14.0,16.971500000000002
10,22,14.5,18.50275
10,22,15.0,29.08675
10,22,15.5,32.028955
10,22,16.0,31.776955
10,22,16.5,34.044955
10,22,17.0,34.860455
10,22,17.5,35.469455
10,22,18.0,25.515455
10,22,18.5,22.779749999999996
10,22,19.0,22.559250000000002
10,22,19.5,19.72775
10,22,20.0,20.66925
10,22,20.5,17.871
10,22,21.0,19.480999999999998
10,22,21.5,17.9725
10,22,22.0,17.97775
10,22,22.5,17.417749999999998
10,22,23.0,17.29175
10,22,23.5,17.24275
10,23,0.0,15.84625
10,23,0.5,17.64525
10,23,1.0,16.4395
10,23,1.5,15.176
10,23,2.0,16.4115
10,23,2.5,14.1015
10,23,3.0,16.387
10,23,3.5,14.0525
10,23,4.0,16.4605
10,23,4.5,16.8875
10,23,5.0,17.2165
10,23,5.5,19.43375
10,23,6.0,18.9245
10,23,6.5,22.520749999999996
10,23,7.0,19.38825
10,23,7.5,20.86175
10,23,8.0,19.99025
10,23,8.5,20.06025
10,23,9.0,19.30075
10,23,9.5,17.2795
10,23,10.0,16.989
10,23,10.5,17.031000000000002
10,23,11.0,16.418499999999998
10,23,11.5,15.8025
10,23,12.0,16.378249999999998
10,23,12.5,15.0465
10,23,13.0,15.529499999999999
10,23,13.5,15.064
10,23,14.0,15.9005
10,23,14.5,17.19725
10,23,15.0,27.7025
10,23,15.5,31.522750000000002
10,23,16.0,30.02475
10,23,16.5,33.033455
10,23,17.0,33.850705
10,23,17.5,33.831455
10,23,18.0,22.29675
10,23,18.5,17.94625
10,23,19.0,18.198249999999998
10,23,19.5,16.72475
10,23,20.0,18.64625
10,23,20.5,17.12725
10,23,21.0,17.5105
10,23,21.5,13.125
10,23,22.0,16.471
10,23,22.5,14.13125
10,23,23.0,14.8085
10,23,23.5,12.369
10,24,0.0,11.263
10,24,0.5,12.481
10,24,1.0,12.495
10,24,1.5,10.92
10,24,2.0,11.774000000000001
10,24,2.5,10.6435
10,24,3.0,11.488750000000001
10,24,3.5,10.70125
10,24,4.0,11.112499999999999
10,24,4.5,12.092500000000001
10,24,5.0,13.4995
10,24,5.5,16.5725
10,24,6.0,15.96175
10,24,6.5,20.867
10,24,7.0,18.35575
10,24,7.5,20.944
10,24,8.0,19.775000000000002
10,24,8.5,19.26575
10,24,9.0,19.020749999999996
10,24,9.5,17.517500000000002
10,24,10.0,18.128249999999998
10,24,10.5,17.134249999999998
10,24,11.0,17.7345
10,24,11.5,16.96625
10,24,12.0,17.346
10,24,12.5,16.26275
10,24,13.0,16.786
10,24,13.5,16.3485
10,24,14.0,16.037000000000003
10,24,14.5,16.5515
10,24,15.0,28.488249999999997
10,24,15.5,31.395
10,24,16.0,30.262749999999997
10,24,16.5,33.544455
10,24,17.0,32.798955
10,24,17.5,33.213705
10,24,18.0,22.68525
10,24,18.5,18.66725
10,24,19.0,19.297250000000002
10,24,19.5,16.681
10,24,20.0,18.59025
10,24,20.5,16.7825
10,24,21.0,16.733500000000003
10,24,21.5,13.86
10,24,22.0,15.855000000000002
10,24,22.5,14.383249999999999
10,24,23.0,14.631749999999998
10,24,23.5,13.1775
10,25,0.0,12.542250000000001
10,25,0.5,13.83375
10,25,1.0,13.87225
10,25,1.5,12.59825
10,25,2.0,12.9885
10,25,2.5,12.1205
10,25,3.0,13.71475
10,25,3.5,13.097
10,25,4.0,15.86025
10,25,4.5,14.906500000000001
10,25,5.0,17.074749999999998
10,25,5.5,17.015249999999998
10,25,6.0,16.926000000000002
10,25,6.5,21.09275
10,25,7.0,18.77575
10,25,7.5,20.13375
10,25,8.0,20.6745
10,25,8.5,20.14775
10,25,9.0,19.83625
10,25,9.5,19.008499999999998
10,25,10.0,19.12575
10,25,10.5,18.13175
10,25,11.0,18.01975
10,25,11.5,17.325
10,25,12.0,17.491249999999997
10,25,12.5,16.961000000000002
10,25,13.0,17.3565
10,25,13.5,17.2445
10,25,14.0,17.890249999999998
10,25,14.5,18.58675
10,25,15.0,27.903750000000002
10,25,15.5,30.607955
10,25,16.0,32.569250000000004
10,25,16.5,35.192955
10,25,17.0,35.038955
10,25,17.5,35.357454999999995
10,25,18.0,25.99625
10,25,18.5,21.743750000000002
10,25,19.0,20.45225
10,25,19.5,18.224500000000003
10,25,20.0,18.9805
10,25,20.5,17.50875
10,25,21.0,17.99875
10,25,21.5,15.788499999999999
10,25,22.0,18.61125
10,25,22.5,17.96725
10,25,23.0,16.8
10,25,23.5,16.175250000000002
10,26,0.0,15.508499999999998
10,26,0.5,16.6635
10,26,1.0,16.437749999999998
10,26,1.5,15.3055
10,26,2.0,16.10175
10,26,2.5,15.28275
10,26,3.0,15.73775
10,26,3.5,15.281
10,26,4.0,16.388749999999998
10,26,4.5,16.08075
10,26,5.0,17.45975
10,26,5.5,18.06875
10,26,6.0,17.27775
10,26,6.5,19.864250000000002
10,26,7.0,19.4565
10,26,7.5,21.035
10,26,8.0,20.97375
10,26,8.5,20.30875
10,26,9.0,20.22125
10,26,9.5,19.14675
10,26,10.0,18.5325
10,26,10.5,17.68375
10,26,11.0,17.72575
10,26,11.5,17.2865
10,26,12.0,17.21475
10,26,12.5,16.079
10,26,13.0,15.785000000000002
10,26,13.5,15.469999999999999
10,26,14.0,15.833999999999998
10,26,14.5,16.756249999999998
10,26,15.0,25.46775
10,26,15.5,28.514499999999998
10,26,16.0,29.97225
10,26,16.5,33.10825
10,26,17.0,33.14325
10,26,17.5,33.23075
10,26,18.0,24.28125
10,26,18.5,20.798750000000002
10,26,19.0,18.63225
10,26,19.5,17.25675
10,26,20.0,18.14925
10,26,20.5,17.21125
10,26,21.0,17.82025
10,26,21.5,15.966999999999999
10,26,22.0,16.541
10,26,22.5,12.9185
10,26,23.0,13.013
10,26,23.5,11.310250000000002
10,27,0.0,10.9585
10,27,0.5,12.645499999999998
10,27,1.0,13.401499999999999
10,27,1.5,11.814250000000001
10,27,2.0,12.36725
10,27,2.5,11.627
10,27,3.0,12.64725
10,27,3.5,12.6455
10,27,4.0,13.86875
10,27,4.5,15.68
10,27,5.0,16.1665
10,27,5.5,18.0075
10,27,6.0,17.788749999999997
10,27,6.5,20.24925
10,27,7.0,18.51325
10,27,7.5,20.00425
10,27,8.0,19.59475
10,27,8.5,19.82225
10,27,9.0,19.60875
10,27,9.5,18.04075
10,27,10.0,18.208750000000002
10,27,10.5,17.5455
10,27,11.0,17.85175
10,27,11.5,17.4265
10,27,12.0,16.954
10,27,12.5,16.1945
10,27,13.0,16.73
10,27,13.5,16.243499999999997
10,27,14.0,16.00375
10,27,14.5,17.09575
10,27,15.0,20.92475
10,27,15.5,23.964955
10,27,16.0,29.526
10,27,16.5,32.226705
10,27,17.0,33.124455
10,27,17.5,32.844455
10,27,18.0,28.533749999999998
10,27,18.5,25.411749999999998
10,27,19.0,19.46875
10,27,19.5,17.346
10,27,20.0,19.360249999999997
10,27,20.5,16.982
10,27,21.0,19.340999999999998
10,27,21.5,15.804250000000001
10,27,22.0,18.00225
10,27,22.5,14.71925
10,27,23.0,15.12
10,27,23.5,13.482
10,28,0.0,13.4995
10,28,0.5,14.8085
10,28,1.0,14.525
10,28,1.5,13.28775
10,28,2.0,14.216999999999999
10,28,2.5,12.802999999999999
10,28,3.0,13.9825
10,28,3.5,13.629
10,28,4.0,14.88375
10,28,4.5,14.82775
10,28,5.0,15.84625
10,28,5.5,16.51825
10,28,6.0,17.58575
10,28,6.5,19.02075
10,28,7.0,18.72675
10,28,7.5,19.645500000000002
10,28,8.0,19.65775
10,28,8.5,19.22375
10,28,9.0,18.72675
10,28,9.5,18.60775
10,28,10.0,17.94625
10,28,10.5,17.64875
10,28,11.0,17.269
10,28,11.5,17.36
10,28,12.0,17.471999999999998
10,28,12.5,17.0555
10,28,13.0,17.199
10,28,13.5,16.9785
10,28,14.0,17.283
10,28,14.5,18.443250000000003
10,28,15.0,22.70625
10,28,15.5,25.14925
10,28,16.0,30.56375
10,28,16.5,34.062455
10,28,17.0,33.897955
10,28,17.5,33.806954999999995
10,28,18.0,30.418499999999998
10,28,18.5,26.76275
10,28,19.0,19.9325
10,28,19.5,17.40725
10,28,20.0,17.93925
10,28,20.5,15.45425
10,28,21.0,16.08075
10,28,21.5,13.319250000000002
10,28,22.0,16.159499999999998
10,28,22.5,12.936000000000002
10,28,23.0,14.475999999999999
10,28,23.5,13.538000000000002
10,29,0.0,13.881
10,29,0.5,15.3125
10,29,1.0,14.37975
10,29,1.5,13.083
10,29,2.0,13.125
10,29,2.5,12.362
10,29,3.0,13.478499999999999
10,29,3.5,12.58775
10,29,4.0,13.961500000000001
10,29,4.5,13.496
10,29,5.0,14.777
10,29,5.5,15.6485
10,29,6.0,14.252
10,29,6.5,16.70025
10,29,7.0,14.929250000000001
10,29,7.5,18.074
10,29,8.0,16.27675
10,29,8.5,17.42475
10,29,9.0,17.46675
10,29,9.5,17.23575
10,29,10.0,17.352999999999998
10,29,10.5,17.045
10,29,11.0,16.5725
10,29,11.5,16.3905
10,29,12.0,17.52975
10,29,12.5,17.395
10,29,13.0,17.682
10,29,13.5,17.0485
10,29,14.0,17.752
10,29,14.5,17.34425
10,29,15.0,21.126
10,29,15.5,23.514750000000003
10,29,16.0,31.29525
10,29,16.5,36.809955
10,29,17.0,35.719249999999995
10,29,17.5,36.387750000000004
10,29,18.0,32.585
10,29,18.5,30.059749999999998
10,29,19.0,21.260749999999998
10,29,19.5,17.34775
10,29,20.0,19.95175
10,29,20.5,16.831500000000002
10,29,21.0,17.857
10,29,21.5,13.314
10,29,22.0,15.47175
10,29,22.5,13.482
10,29,23.0,14.147
10,29,23.5,10.3635
10,30,0.0,10.92525
10,30,0.5,12.274499999999998
10,30,1.0,11.382
10,30,1.5,8.853250000000001
10,30,2.0,8.897
10,30,2.5,6.733999999999999
10,30,3.0,7.1819999999999995
10,30,3.5,7.136500000000001
10,30,4.0,8.469999999999999
10,30,4.5,8.207500000000001
10,30,5.0,11.1965
10,30,5.5,13.5555
10,30,6.0,14.339500000000001
10,30,6.5,14.8855
10,30,7.0,15.9425
10,30,7.5,18.305
10,30,8.0,16.485
10,30,8.5,19.218500000000002
10,30,9.0,18.718
10,30,9.5,18.368
10,30,10.0,18.522000000000002
10,30,10.5,17.836
10,30,11.0,17.178
10,30,11.5,17.0625
10,30,12.0,17.864
10,30,12.5,17.668
10,30,13.0,18.5255
10,30,13.5,17.479
10,30,14.0,18.368
10,30,14.5,17.468500000000002
10,30,15.0,20.50125
10,30,15.5,22.142749999999996
10,30,16.0,32.42575
10,30,16.5,36.365455000000004
10,30,17.0,35.273455
10,30,17.5,36.242955
10,30,18.0,34.716955
10,30,18.5,32.515454999999996
10,30,19.0,21.84
10,30,19.5,17.7695
10,30,20.0,19.3165
10,30,20.5,17.164
10,30,21.0,18.858
10,30,21.5,16.051
10,30,22.0,19.4145
10,30,22.5,13.909
10,30,23.0,17.7765
10,30,23.5,17.034499999999998
10,31,0.0,16.212
10,31,0.5,18.0005
10,31,1.0,16.527
10,31,1.5,13.86
10,31,2.0,14.532000000000002
10,31,2.5,11.298
10,31,3.0,12.635
10,31,3.5,9.709000000000001
10,31,4.0,12.747
10,31,4.5,11.420499999999999
10,31,5.0,12.061
10,31,5.5,12.222
10,31,6.0,13.597500000000002
10,31,6.5,15.893500000000001
10,31,7.0,13.08475
10,31,7.5,18.665499999999998
10,31,8.0,15.365
10,31,8.5,18.277
10,31,9.0,16.415000000000003
10,31,9.5,15.954749999999999
10,31,10.0,16.135
10,31,10.5,15.6835
10,31,11.0,16.17
10,31,11.5,16.60225
10,31,12.0,16.569
10,31,12.5,17.1465
10,31,13.0,17.044999999999998
10,31,13.5,16.422
10,31,14.0,17.143
10,31,14.5,16.2925
10,31,15.0,16.233
10,31,15.5,19.3725
10,31,16.0,30.159954999999997
10,31,16.5,33.878547499999996
10,31,17.0,33.439455
10,31,17.5,34.055455
10,31,18.0,33.190955
10,31,18.5,31.416455
10,31,19.0,20.5415
10,31,19.5,18.3085
10,31,20.0,18.326
10,31,20.5,16.562
10,31,21.0,18.21575
10,31,21.5,15.25475
10,31,22.0,16.765
10,31,22.5,13.476750000000001
10,31,23.0,15.228499999999999
10,31,23.5,11.887749999999999
11,1,0.0,11.15275
11,1,0.5,12.950000000000001
11,1,1.0,11.436250000000001
11,1,1.5,8.30725
11,1,2.0,8.37025
11,1,2.5,6.481999999999999
11,1,3.0,7.294
11,1,3.5,6.195
11,1,4.0,7.595
11,1,4.5,6.7165
11,1,5.0,7.056
11,1,5.5,8.827
11,1,6.0,11.0075
11,1,6.5,13.2475
11,1,7.0,11.3645
11,1,7.5,15.973999999999998
11,1,8.0,15.522499999999999
11,1,8.5,16.8385
11,1,9.0,16.0335
11,1,9.5,15.4245
11,1,10.0,15.694
11,1,10.5,14.42875
11,1,11.0,14.850499999999998
11,1,11.5,15.267000000000001
11,1,12.0,15.158499999999998
11,1,12.5,15.77275
11,1,13.0,16.212
11,1,13.5,15.288000000000002
11,1,14.0,15.87775
11,1,14.5,16.1665
11,1,15.0,15.706249999999999
11,1,15.5,17.30575
11,1,16.0,27.6185
11,1,16.5,32.543455
11,1,17.0,32.910955
11,1,17.5,33.353705
11,1,18.0,32.525955
11,1,18.5,31.24625
11,1,19.0,20.852999999999998
11,1,19.5,17.09225
11,1,20.0,18.0915
11,1,20.5,15.2565
11,1,21.0,17.8115
11,1,21.5,14.413000000000002
11,1,22.0,15.519
11,1,22.5,12.362
11,1,23.0,13.7025
11,1,23.5,12.264000000000001
11,2,0.0,11.55175
11,2,0.5,12.4495
11,2,1.0,11.703999999999999
11,2,1.5,9.663499999999999
11,2,2.0,10.5945
11,2,2.5,9.254
11,2,3.0,9.91375
11,2,3.5,9.1595
11,2,4.0,10.0625
11,2,4.5,10.0835
11,2,5.0,12.04875
11,2,5.5,13.359499999999999
11,2,6.0,15.198749999999999
11,2,6.5,17.909499999999998
11,2,7.0,16.12625
11,2,7.5,18.56925
11,2,8.0,17.77475
11,2,8.5,18.15625
11,2,9.0,18.52025
11,2,9.5,17.66275
11,2,10.0,17.997
11,2,10.5,17.43875
11,2,11.0,17.15525
11,2,11.5,17.15525
11,2,12.0,17.31975
11,2,12.5,17.17975
11,2,13.0,17.571749999999998
11,2,13.5,16.53575
11,2,14.0,18.16675
11,2,14.5,17.25675
11,2,15.0,17.709999999999997
11,2,15.5,18.025
11,2,16.0,28.02625
11,2,16.5,32.392955
11,2,17.0,32.133955
11,2,17.5,32.767455
11,2,18.0,31.428250000000002
11,2,18.5,28.978250000000003
11,2,19.0,18.744249999999997
11,2,19.5,18.026749999999996
11,2,20.0,18.233249999999998
11,2,20.5,17.1395
11,2,21.0,18.4275
11,2,21.5,15.9495
11,2,22.0,16.667
11,2,22.5,14.1225
11,2,23.0,14.6755
11,2,23.5,11.1825
11,3,0.0,11.487
11,3,0.5,13.37
11,3,1.0,11.774000000000001
11,3,1.5,10.26375
11,3,2.0,10.57
11,3,2.5,9.779000000000002
11,3,3.0,11.472999999999999
11,3,3.5,11.2245
11,3,4.0,12.187
11,3,4.5,12.1135
11,3,5.0,15.34225
11,3,5.5,16.010749999999998
11,3,6.0,16.9855
11,3,6.5,18.483500000000003
11,3,7.0,17.46325
11,3,7.5,19.117
11,3,8.0,17.50525
11,3,8.5,18.39775
11,3,9.0,18.28925
11,3,9.5,19.003249999999998
11,3,10.0,18.72325
11,3,10.5,18.4275
11,3,11.0,17.633
11,3,11.5,18.052999999999997
11,3,12.0,18.087999999999997
11,3,12.5,18.263
11,3,13.0,18.48
11,3,13.5,17.29
11,3,14.0,17.97775
11,3,14.5,17.3775
11,3,15.0,17.402
11,3,15.5,19.21325
11,3,16.0,29.438954999999996
11,3,16.5,32.798955
11,3,17.0,32.993204999999996
11,3,17.5,33.264455
11,3,18.0,32.487455000000004
11,3,18.5,31.020955
11,3,19.0,21.407749999999997
11,3,19.5,17.282999999999998
11,3,20.0,18.396
11,3,20.5,17.9305
11,3,21.0,18.3015
11,3,21.5,16.096500000000002
11,3,22.0,17.1465
11,3,22.5,13.895000000000001
11,3,23.0,18.669
11,3,23.5,18.35925
11,4,0.0,18.602500000000003
11,4,0.5,20.342
11,4,1.0,19.334
11,4,1.5,16.9785
11,4,2.0,17.5525
11,4,2.5,16.11225
11,4,3.0,16.702
11,4,3.5,15.648499999999999
11,4,4.0,16.807
11,4,4.5,15.904000000000002
11,4,5.0,18.562250000000002
11,4,5.5,18.108999999999998
11,4,6.0,19.53
11,4,6.5,19.95
11,4,7.0,19.72075
11,4,7.5,21.882454999999997
11,4,8.0,21.112455
11,4,8.5,21.52325
11,4,9.0,21.60375
11,4,9.5,20.111
11,4,10.0,20.59575
11,4,10.5,19.451249999999998
11,4,11.0,19.3095
11,4,11.5,19.439
11,4,12.0,19.586000000000002
11,4,12.5,19.95
11,4,13.0,18.8755
11,4,13.5,19.0995
11,4,14.0,20.503
11,4,14.5,19.509
11,4,15.0,21.22925
11,4,15.5,23.201954999999998
11,4,16.0,31.862705000000002
11,4,16.5,38.612297500000004
11,4,17.0,37.7547975
11,4,17.5,38.7715475
11,4,18.0,36.5385475
11,4,18.5,33.309955
11,4,19.0,24.439205
11,4,19.5,21.51275
11,4,20.0,22.008
11,4,20.5,20.608
11,4,21.0,20.256249999999998
11,4,21.5,18.87725
11,4,22.0,19.30425
11,4,22.5,17.829
11,4,23.0,18.287499999999998
11,4,23.5,17.391499999999997
11,5,0.0,17.15525
11,5,0.5,18.3785
11,5,1.0,17.55425
11,5,1.5,16.67925
11,5,2.0,16.5445
11,5,2.5,15.914499999999999
11,5,3.0,16.086000000000002
11,5,3.5,15.757
11,5,4.0,16.185750000000002
11,5,4.5,15.932
11,5,5.0,17.8185
11,5,5.5,17.671499999999998
11,5,6.0,18.7355
11,5,6.5,19.7085
11,5,7.0,18.654999999999998
11,5,7.5,21.008750000000003
11,5,8.0,20.067249999999998
11,5,8.5,20.63775
11,5,9.0,20.58875
11,5,9.5,20.539749999999998
11,5,10.0,20.12325
11,5,10.5,19.750500000000002
11,5,11.0,19.46875
11,5,11.5,19.47225
11,5,12.0,19.4635
11,5,12.5,19.54925
11,5,13.0,20.00425
11,5,13.5,19.615750000000002
11,5,14.0,20.58175
11,5,14.5,21.190749999999998
11,5,15.0,20.93875
11,5,15.5,23.036999999999995
11,5,16.0,35.09625
11,5,16.5,42.458954999999996
11,5,17.0,40.691455
11,5,17.5,41.417705
11,5,18.0,41.449205
11,5,18.5,37.497704999999996
11,5,19.0,24.44225
11,5,19.5,20.971999999999998
11,5,20.0,21.08225
11,5,20.5,19.3655
11,5,21.0,20.26675
11,5,21.5,18.90175
11,5,22.0,19.1065
11,5,22.5,16.32225
11,5,23.0,18.82825
11,5,23.5,17.986500000000003
11,6,0.0,16.894499999999997
11,6,0.5,18.376749999999998
11,6,1.0,17.6645
11,6,1.5,17.304
11,6,2.0,17.318
11,6,2.5,15.767499999999998
11,6,3.0,16.24
11,6,3.5,14.6195
11,6,4.0,15.492750000000001
11,6,4.5,13.898499999999999
11,6,5.0,15.883000000000001
11,6,5.5,16.10875
11,6,6.0,16.7545
11,6,6.5,18.74425
11,6,7.0,18.1895
11,6,7.5,20.709500000000002
11,6,8.0,20.433
11,6,8.5,22.879499999999997
11,6,9.0,21.406000000000002
11,6,9.5,21.453249999999997
11,6,10.0,19.88
11,6,10.5,18.83
11,6,11.0,18.794999999999998
11,6,11.5,18.25775
11,6,12.0,18.312
11,6,12.5,18.613
11,6,13.0,18.669
11,6,13.5,17.934
11,6,14.0,19.040000000000003
11,6,14.5,18.942
11,6,15.0,18.962999999999997
11,6,15.5,21.3045
11,6,16.0,33.46875
11,6,16.5,38.295705
11,6,17.0,38.622955
11,6,17.5,39.501455
11,6,18.0,36.176455
11,6,18.5,34.27725
11,6,19.0,22.69225
11,6,19.5,19.2185
11,6,20.0,20.196749999999998
11,6,20.5,18.543000000000003
11,6,21.0,19.24825
11,6,21.5,16.2925
11,6,22.0,17.671499999999998
11,6,22.5,13.7935
11,6,23.0,14.4865
11,6,23.5,11.591999999999999
11,7,0.0,13.92125
11,7,0.5,15.06225
11,7,1.0,13.8285
11,7,1.5,10.3075
11,7,2.0,11.4415
11,7,2.5,10.2655
11,7,3.0,10.311
11,7,3.5,7.917000000000001
11,7,4.0,10.59275
11,7,4.5,10.2095
11,7,5.0,11.5815
11,7,5.5,13.363
11,7,6.0,14.007
11,7,6.5,16.121
11,7,7.0,13.566
11,7,7.5,19.145
11,7,8.0,16.114
11,7,8.5,18.333000000000002
11,7,9.0,16.471
11,7,9.5,18.227999999999998
11,7,10.0,17.4755
11,7,10.5,18.3295
11,7,11.0,16.42025
11,7,11.5,16.8385
11,7,12.0,17.2725
11,7,12.5,17.8605
11,7,13.0,17.7835
11,7,13.5,16.94
11,7,14.0,19.2045
11,7,14.5,17.41425
11,7,15.0,16.5725
11,7,15.5,19.355
11,7,16.0,30.51125
11,7,16.5,33.159455
11,7,17.0,33.274955
11,7,17.5,33.574205
11,7,18.0,33.064955
11,7,18.5,31.33375
11,7,19.0,19.7225
11,7,19.5,17.92
11,7,20.0,18.816
11,7,20.5,16.337999999999997
11,7,21.0,19.41625
11,7,21.5,17.02225
11,7,22.0,17.14825
11,7,22.5,15.018500000000001
11,7,23.0,17.42125
11,7,23.5,16.145500000000002
11,8,0.0,14.714
11,8,0.5,16.288999999999998
11,8,1.0,15.26
11,8,1.5,13.53975
11,8,2.0,14.528500000000001
11,8,2.5,13.30175
11,8,3.0,14.4095
11,8,3.5,12.82925
11,8,4.0,14.37975
11,8,4.5,13.174000000000001
11,8,5.0,16.373
11,8,5.5,15.8025
11,8,6.0,17.465
11,8,6.5,18.9385
11,8,7.0,19.075
11,8,7.5,21.32025
11,8,8.0,19.59125
11,8,8.5,20.27725
11,8,9.0,18.84225
11,8,9.5,18.973499999999998
11,8,10.0,19.236
11,8,10.5,18.1265
11,8,11.0,19.10825
11,8,11.5,19.321749999999998
11,8,12.0,19.06975
11,8,12.5,19.026
11,8,13.0,19.86075
11,8,13.5,18.4345
11,8,14.0,21.15225
11,8,14.5,19.88175
11,8,15.0,19.068
11,8,15.5,21.014
11,8,16.0,30.79125
11,8,16.5,33.696705
11,8,17.0,33.680955
11,8,17.5,34.044955
11,8,18.0,32.613454999999995
11,8,18.5,31.678955000000002
11,8,19.0,21.465500000000002
11,8,19.5,19.215
11,8,20.0,18.662
11,8,20.5,17.8535
11,8,21.0,18.67775
11,8,21.5,18.1545
11,8,22.0,18.319
11,8,22.5,16.17175
11,8,23.0,18.78625
11,8,23.5,17.2445
11,9,0.0,17.1815
11,9,0.5,18.54125
11,9,1.0,19.0225
11,9,1.5,17.3005
11,9,2.0,17.5105
11,9,2.5,16.1875
11,9,3.0,16.632
11,9,3.5,15.280999999999999
11,9,4.0,16.394000000000002
11,9,4.5,16.2785
11,9,5.0,18.098499999999998
11,9,5.5,17.7205
11,9,6.0,18.79325
11,9,6.5,19.26925
11,9,7.0,19.131
11,9,7.5,21.81375
11,9,8.0,20.301750000000002
11,9,8.5,20.83375
11,9,9.0,20.574749999999998
11,9,9.5,19.659499999999998
11,9,10.0,19.54925
11,9,10.5,18.5395
11,9,11.0,18.522000000000002
11,9,11.5,18.6935
11,9,12.0,18.903499999999998
11,9,12.5,19.1695
11,9,13.0,20.215999999999998
11,9,13.5,19.05225
11,9,14.0,20.802249999999997
11,9,14.5,20.3805
11,9,15.0,19.51775
11,9,15.5,21.93975
11,9,16.0,31.178455
11,9,16.5,35.4045475
11,9,17.0,34.706455
11,9,17.5,35.119454999999995
11,9,18.0,34.545455
11,9,18.5,32.534704999999995
11,9,19.0,22.59425
11,9,19.5,19.358500000000003
11,9,20.0,19.96925
11,9,20.5,19.0505
11,9,21.0,20.7865
11,9,21.5,18.2525
11,9,22.0,19.1695
11,9,22.5,16.618
11,9,23.0,18.028499999999998
11,9,23.5,15.9215
11,10,0.0,15.818249999999999
11,10,0.5,17.293499999999998
11,10,1.0,16.9365
11,10,1.5,14.850499999999998
11,10,2.0,15.280999999999999
11,10,2.5,13.734
11,10,3.0,14.353500000000002
11,10,3.5,13.0025
11,10,4.0,13.548499999999999
11,10,4.5,12.673499999999999
11,10,5.0,14.504
11,10,5.5,15.1235
11,10,6.0,17.703
11,10,6.5,18.732
11,10,7.0,18.97175
11,10,7.5,21.41125
11,10,8.0,20.70425
11,10,8.5,21.43575
11,10,9.0,20.494249999999997
11,10,9.5,21.15925
11,10,10.0,20.00075
11,10,10.5,19.878249999999998
11,10,11.0,18.47825
11,10,11.5,18.40475
11,10,12.0,19.026
11,10,12.5,18.718
11,10,13.0,19.74175
11,10,13.5,18.58325
11,10,14.0,19.67175
11,10,14.5,19.516000000000002
11,10,15.0,18.97525
11,10,15.5,20.10575
11,10,16.0,31.069955000000004
11,10,16.5,34.650455
11,10,17.0,34.527955
11,10,17.5,34.709955
11,10,18.0,33.327455
11,10,18.5,30.528750000000002
11,10,19.0,21.390249999999998
11,10,19.5,19.262249999999998
11,10,20.0,19.1555
11,10,20.5,18.6095
11,10,21.0,20.1285
11,10,21.5,18.303250000000002
11,10,22.0,18.004
11,10,22.5,16.107
11,10,23.0,14.584499999999998
11,10,23.5,12.486249999999998
11,11,0.0,12.2115
11,11,0.5,13.009500000000001
11,11,1.0,13.140750000000002
11,11,1.5,11.602500000000001
11,11,2.0,12.341
11,11,2.5,10.815
11,11,3.0,12.31825
11,11,3.5,11.543000000000001
11,11,4.0,11.39775
11,11,4.5,11.1965
11,11,5.0,12.204500000000001
11,11,5.5,12.991999999999999
11,11,6.0,15.21275
11,11,6.5,17.1885
11,11,7.0,17.388
11,11,7.5,20.212500000000002
11,11,8.0,18.935
11,11,8.5,19.44425
11,11,9.0,19.41275
11,11,9.5,18.2665
11,11,10.0,17.8675
11,11,10.5,16.5655
11,11,11.0,17.171
11,11,11.5,17.011750000000003
11,11,12.0,17.428250000000002
11,11,12.5,17.233999999999998
11,11,13.0,18.40475
11,11,13.5,16.5795
11,11,14.0,18.5325
11,11,14.5,17.8815
11,11,15.0,17.29
11,11,15.5,19.85725
11,11,16.0,29.95475
11,11,16.5,34.277705
11,11,17.0,33.593455
11,11,17.5,33.771955
11,11,18.0,33.204955
11,11,18.5,31.689455
11,11,19.0,22.16725
11,11,19.5,19.0505
11,11,20.0,20.10225
11,11,20.5,18.555249999999997
11,11,21.0,18.9945
11,11,21.5,17.6155
11,11,22.0,18.81775
11,11,22.5,15.505
11,11,23.0,17.605
11,11,23.5,16.8595
11,12,0.0,16.422
11,12,0.5,18.62
11,12,1.0,18.2525
11,12,1.5,15.207500000000001
11,12,2.0,16.373
11,12,2.5,15.19
11,12,3.0,15.865499999999999
11,12,3.5,14.952
11,12,4.0,15.82
11,12,4.5,15.204
11,12,5.0,15.9565
11,12,5.5,16.9295
11,12,6.0,17.878
11,12,6.5,17.6505
11,12,7.0,18.03725
11,12,7.5,20.33675
11,12,8.0,19.341
11,12,8.5,20.59575
11,12,9.0,20.0585
11,12,9.5,19.629749999999998
11,12,10.0,18.4135
11,12,10.5,17.8955
11,12,11.0,17.661
11,12,11.5,18.1825
11,12,12.0,18.711000000000002
11,12,12.5,18.483500000000003
11,12,13.0,18.9105
11,12,13.5,18.206999999999997
11,12,14.0,19.411
11,12,14.5,19.264
11,12,15.0,19.152
11,12,15.5,21.14
11,12,16.0,31.920455
11,12,16.5,35.287455
11,12,17.0,34.321455
11,12,17.5,34.888455
11,12,18.0,34.029205
11,12,18.5,32.140955
11,12,19.0,21.833
11,12,19.5,19.8765
11,12,20.0,19.9045
11,12,20.5,17.83775
11,12,21.0,20.153
11,12,21.5,17.017
11,12,22.0,17.927
11,12,22.5,15.310749999999999
11,12,23.0,17.4335
11,12,23.5,17.790499999999998
11,13,0.0,16.506
11,13,0.5,18.57975
11,13,1.0,17.1465
11,13,1.5,15.6625
11,13,2.0,15.813
11,13,2.5,14.469
11,13,3.0,14.8855
11,13,3.5,14.045499999999999
11,13,4.0,14.960749999999999
11,13,4.5,14.315
11,13,5.0,15.274000000000001
11,13,5.5,15.414
11,13,6.0,18.79675
11,13,6.5,19.306
11,13,7.0,18.770500000000002
11,13,7.5,20.1705
11,13,8.0,19.1065
11,13,8.5,20.3245
11,13,9.0,19.974500000000003
11,13,9.5,20.419
11,13,10.0,20.09
11,13,10.5,19.232499999999998
11,13,11.0,19.1695
11,13,11.5,20.196749999999998
11,13,12.0,19.148500000000002
11,13,12.5,19.537000000000003
11,13,13.0,19.6945
11,13,13.5,19.796
11,13,14.0,19.78025
11,13,14.5,19.894000000000002
11,13,15.0,19.558
11,13,15.5,21.5635
11,13,16.0,31.178455
11,13,16.5,35.870205
11,13,17.0,34.970705
11,13,17.5,34.809705
11,13,18.0,34.310955
11,13,18.5,32.109455
11,13,19.0,22.805999999999997
11,13,19.5,20.0515
11,13,20.0,20.982499999999998
11,13,20.5,18.7635
11,13,21.0,20.19325
11,13,21.5,18.06175
11,13,22.0,17.676750000000002
11,13,22.5,15.3685
11,13,23.0,18.41175
11,13,23.5,17.293499999999998
11,14,0.0,16.688
11,14,0.5,18.47475
11,14,1.0,17.7065
11,14,1.5,16.22425
11,14,2.0,16.506
11,14,2.5,15.645000000000001
11,14,3.0,16.8105
11,14,3.5,15.65375
11,14,4.0,16.1665
11,14,4.5,15.5645
11,14,5.0,16.358999999999998
11,14,5.5,16.744
11,14,6.0,18.0075
11,14,6.5,18.375
11,14,7.0,19.081999999999997
11,14,7.5,21.579705
11,14,8.0,20.494705
11,14,8.5,21.156205
11,14,9.0,20.7865
11,14,9.5,20.748455
11,14,10.0,21.791
11,14,10.5,21.959
11,14,11.0,21.405999999999995
11,14,11.5,21.276500000000002
11,14,12.0,21.98175
11,14,12.5,21.67725
11,14,13.0,22.030749999999998
11,14,13.5,21.488249999999997
11,14,14.0,21.63
11,14,14.5,22.0185
11,14,15.0,20.1495
11,14,15.5,22.300704999999997
11,14,16.0,31.234454999999997
11,14,16.5,37.786297499999996
11,14,17.0,34.3125475
11,14,17.5,34.0150475
11,14,18.0,33.2940475
11,14,18.5,31.398955
11,14,19.0,22.848455
11,14,19.5,20.2545
11,14,20.0,21.413
11,14,20.5,18.60425
11,14,21.0,19.215
11,14,21.5,17.78175
11,14,22.0,18.00225
11,14,22.5,14.5845
11,14,23.0,16.2855
11,14,23.5,14.959000000000001
11,15,0.0,14.756
11,15,0.5,16.04925
11,15,1.0,15.158499999999998
11,15,1.5,14.252
11,15,2.0,15.183
11,15,2.5,13.985999999999999
11,15,3.0,15.469999999999999
11,15,3.5,13.845999999999998
11,15,4.0,14.801499999999999
11,15,4.5,14.2975
11,15,5.0,16.2435
11,15,5.5,16.1315
11,15,6.0,18.0425
11,15,6.5,18.982249999999997
11,15,7.0,18.9595
11,15,7.5,19.937749999999998
11,15,8.0,19.40925
11,15,8.5,19.57375
11,15,9.0,19.878249999999998
11,15,9.5,19.888749999999998
11,15,10.0,19.93425
11,15,10.5,19.85025
11,15,11.0,19.67175
11,15,11.5,20.490750000000002
11,15,12.0,20.49775
11,15,12.5,20.517
11,15,13.0,20.29475
11,15,13.5,19.99025
11,15,14.0,19.79075
11,15,14.5,19.65775
11,15,15.0,18.465999999999998
11,15,15.5,21.02975
11,15,16.0,30.658704999999998
11,15,16.5,33.743955
11,15,17.0,33.189204999999994
11,15,17.5,32.963455
11,15,18.0,32.238955
11,15,18.5,31.153955
11,15,19.0,23.012955
11,15,19.5,21.12775
11,15,20.0,20.672749999999997
11,15,20.5,20.077749999999998
11,15,21.0,20.41375
11,15,21.5,18.3575
11,15,22.0,17.878
11,15,22.5,15.473500000000001
11,15,23.0,17.73275
11,15,23.5,16.0125
11,16,0.0,15.225
11,16,0.5,17.262
11,16,1.0,17.157
11,16,1.5,15.652000000000001
11,16,2.0,15.546999999999999
11,16,2.5,14.572250000000002
11,16,3.0,15.6205
11,16,3.5,14.552999999999999
11,16,4.0,16.18925
11,16,4.5,15.40175
11,16,5.0,16.73875
11,16,5.5,17.27775
11,16,6.0,19.0715
11,16,6.5,19.7505
11,16,7.0,19.33575
11,16,7.5,22.343999999999998
11,16,8.0,21.509249999999998
11,16,8.5,22.499750000000002
11,16,9.0,23.369955
11,16,9.5,23.136750000000003
11,16,10.0,23.15075
11,16,10.5,22.94775
11,16,11.0,22.68875
11,16,11.5,22.81475
11,16,12.0,23.197999999999997
11,16,12.5,22.925
11,16,13.0,22.879499999999997
11,16,13.5,21.931
11,16,14.0,22.036
11,16,14.5,21.733249999999998
11,16,15.0,21.077
11,16,15.5,23.06325
11,16,16.0,31.857454999999998
11,16,16.5,35.8980475
11,16,17.0,35.318954999999995
11,16,17.5,34.837705
11,16,18.0,33.971455
11,16,18.5,32.021955
11,16,19.0,23.542749999999998
11,16,19.5,21.21
11,16,20.0,21.250249999999998
11,16,20.5,19.993750000000002
11,16,21.0,20.454
11,16,21.5,19.39
11,16,22.0,18.7285
11,16,22.5,16.715999999999998
11,16,23.0,18.336499999999997
11,16,23.5,17.143
11,17,0.0,16.6285
11,17,0.5,18.97875
11,17,1.0,17.928749999999997
11,17,1.5,15.9705
11,17,2.0,16.70025
11,17,2.5,15.141
11,17,3.0,15.608249999999998
11,17,3.5,14.434
11,17,4.0,15.410499999999999
11,17,4.5,15.134
11,17,5.0,16.920749999999998
11,17,5.5,16.982
11,17,6.0,18.9385
11,17,6.5,19.853749999999998
11,17,7.0,19.57375
11,17,7.5,22.25125
11,17,8.0,21.444954999999997
11,17,8.5,22.652455
11,17,9.0,22.746955
11,17,9.5,22.393
11,17,10.0,22.39475
11,17,10.5,21.209999999999997
11,17,11.0,21.08225
11,17,11.5,21.012249999999998
11,17,12.0,21.195999999999998
11,17,12.5,21.09975
11,17,13.0,21.79975
11,17,13.5,20.61675
11,17,14.0,20.83025
11,17,14.5,20.03925
11,17,15.0,20.42425
11,17,15.5,23.140249999999998
11,17,16.0,31.752454999999998
11,17,16.5,35.3817975
11,17,17.0,34.951455
11,17,17.5,34.391455
11,17,18.0,33.876955
11,17,18.5,31.948455
11,17,19.0,23.2715
11,17,19.5,20.102249999999998
11,17,20.0,20.14075
11,17,20.5,19.55625
11,17,21.0,19.759249999999998
11,17,21.5,19.51425
11,17,22.0,19.50725
11,17,22.5,17.395
11,17,23.0,17.68725
11,17,23.5,17.59275
11,18,0.0,16.43425
11,18,0.5,17.4545
11,18,1.0,17.66275
11,18,1.5,15.4525
11,18,2.0,16.044
11,18,2.5,14.679
11,18,3.0,15.743
11,18,3.5,14.34825
11,18,4.0,15.5715
11,18,4.5,14.920499999999999
11,18,5.0,16.27325
11,18,5.5,16.62675
11,18,6.0,18.502750000000002
11,18,6.5,19.33575
11,18,7.0,19.300749999999997
11,18,7.5,20.867
11,18,8.0,20.16875
11,18,8.5,21.131249999999998
11,18,9.0,20.683249999999997
11,18,9.5,20.9055
11,18,10.0,19.64725
11,18,10.5,19.589499999999997
11,18,11.0,20.27025
11,18,11.5,20.70775
11,18,12.0,21.27125
11,18,12.5,21.3395
11,18,13.0,21.60375
11,18,13.5,21.190749999999998
11,18,14.0,20.50125
11,18,14.5,20.27375
11,18,15.0,20.30525
11,18,15.5,22.02725
11,18,16.0,30.702455
11,18,16.5,34.2705475
11,18,17.0,33.449954999999996
11,18,17.5,33.442955
11,18,18.0,33.040455
11,18,18.5,31.024455
11,18,19.0,22.53825
11,18,19.5,20.53275
11,18,20.0,20.54675
11,18,20.5,19.21325
11,18,21.0,19.041749999999997
11,18,21.5,16.91375
11,18,22.0,18.37675
11,18,22.5,15.396499999999998
11,18,23.0,16.616249999999997
11,18,23.5,15.168999999999999
11,19,0.0,14.115499999999999
11,19,0.5,16.093
11,19,1.0,15.466499999999998
11,19,1.5,12.985
11,19,2.0,13.611500000000001
11,19,2.5,12.552750000000001
11,19,3.0,13.0935
11,19,3.5,12.397
11,19,4.0,13.030500000000002
11,19,4.5,13.0025
11,19,5.0,14.1995
11,19,5.5,14.85575
11,19,6.0,15.799
11,19,6.5,16.69325
11,19,7.0,17.4615
11,19,7.5,18.89475
11,19,8.0,19.173
11,19,8.5,21.131249999999998
11,19,9.0,21.03325
11,19,9.5,22.498
11,19,10.0,21.591499999999996
11,19,10.5,21.190749999999998
11,19,11.0,20.74625
11,19,11.5,21.08225
11,19,12.0,21.22575
11,19,12.5,21.2485
11,19,13.0,21.73675
11,19,13.5,20.73925
11,19,14.0,21.509249999999998
11,19,14.5,21.03325
11,19,15.0,20.46625
11,19,15.5,22.05875
11,19,16.0,31.255455
11,19,16.5,35.9330475
11,19,17.0,34.8095475
11,19,17.5,34.414205
11,19,18.0,33.148955
11,19,18.5,30.821455
11,19,19.0,22.667749999999998
11,19,19.5,21.201249999999998
11,19,20.0,20.49075
11,19,20.5,19.496750000000002
11,19,21.0,19.9465
11,19,21.5,19.3095
11,19,22.0,19.74175
11,19,22.5,18.073999999999998
11,19,23.0,17.988249999999997
11,19,23.5,16.973249999999997
11,20,0.0,15.576749999999999
11,20,0.5,17.62775
11,20,1.0,17.68725
11,20,1.5,16.83325
11,20,2.0,16.79475
11,20,2.5,15.9075
11,20,3.0,16.47975
11,20,3.5,15.6275
11,20,4.0,16.6635
11,20,4.5,15.9425
11,20,5.0,16.971500000000002
11,20,5.5,16.59175
11,20,6.0,18.5185
11,20,6.5,19.14675
11,20,7.0,19.201
11,20,7.5,21.5355
11,20,8.0,20.58175
11,20,8.5,20.79525
11,20,9.0,20.21075
11,20,9.5,20.33675
11,20,10.0,19.943
11,20,10.5,19.16075
11,20,11.0,19.178250000000002
11,20,11.5,19.131
11,20,12.0,19.40925
11,20,12.5,19.66475
11,20,13.0,20.172250000000002
11,20,13.5,19.586
11,20,14.0,20.970249999999997
11,20,14.5,20.84075
11,20,15.0,20.093500000000002
11,20,15.5,22.07625
11,20,16.0,31.227455000000003
11,20,16.5,35.2050475
11,20,17.0,33.0280475
11,20,17.5,32.4785475
11,20,18.0,32.210955
11,20,18.5,31.356955
11,20,19.0,22.886955
11,20,19.5,22.14625
11,20,20.0,21.453249999999997
11,20,20.5,20.349
11,20,21.0,21.16275
11,20,21.5,19.2535
11,20,22.0,18.998
11,20,22.5,16.6985
11,20,23.0,18.61825
11,20,23.5,17.57525
11,21,0.0,17.55425
11,21,0.5,19.59475
11,21,1.0,19.41625
11,21,1.5,17.849999999999998
11,21,2.0,18.62875
11,21,2.5,17.9025
11,21,3.0,18.16325
11,21,3.5,16.238249999999997
11,21,4.0,15.911000000000001
11,21,4.5,15.3335
11,21,5.0,16.901500000000002
11,21,5.5,16.632
11,21,6.0,19.194
11,21,6.5,20.912499999999998
11,21,7.0,21.089705
11,21,7.5,22.692705
11,21,8.0,22.241204999999997
11,21,8.5,23.586955
11,21,9.0,23.271955000000002
11,21,9.5,23.285955
11,21,10.0,23.404955
11,21,10.5,22.970955
11,21,11.0,22.795955000000003
11,21,11.5,22.753955
11,21,12.0,22.549205
11,21,12.5,22.876454999999996
11,21,13.0,23.215954999999997
11,21,13.5,22.09725
11,21,14.0,22.40525
11,21,14.5,22.335250000000002
11,21,15.0,21.733249999999998
11,21,15.5,23.950954999999997
11,21,16.0,31.489955
11,21,16.5,35.3485475
11,21,17.0,33.323955
11,21,17.5,32.917955
11,21,18.0,33.588047499999995
11,21,18.5,31.720955
11,21,19.0,23.497249999999998
11,21,19.5,21.31675
11,21,20.0,20.98075
11,21,20.5,19.90275
11,21,21.0,20.73925
11,21,21.5,19.01025
11,21,22.0,18.676
11,21,22.5,16.73
11,21,23.0,18.327749999999998
11,21,23.5,17.745
11,22,0.0,16.6775
11,22,0.5,18.179
11,22,1.0,17.5035
11,22,1.5,16.233
11,22,2.0,16.52
11,22,2.5,15.813
11,22,3.0,16.537499999999998
11,22,3.5,15.75
11,22,4.0,17.08875
11,22,4.5,16.744
11,22,5.0,18.5675
11,22,5.5,17.745
11,22,6.0,19.712
11,22,6.5,20.490750000000002
11,22,7.0,21.74025
11,22,7.5,23.212455000000002
11,22,8.0,22.893955000000002
11,22,8.5,23.208955
11,22,9.0,22.774955000000002
11,22,9.5,22.480954999999998
11,22,10.0,22.351454999999998
11,22,10.5,21.738955
11,22,11.0,21.352204999999998
11,22,11.5,21.546454999999998
11,22,12.0,22.141454999999997
11,22,12.5,22.167704999999998
11,22,13.0,22.522955
11,22,13.5,22.162454999999998
11,22,14.0,22.522955
11,22,14.5,22.311205
11,22,15.0,21.745955
11,22,15.5,22.704954999999998
11,22,16.0,31.419954999999998
11,22,16.5,35.350595
11,22,17.0,34.837844999999994
11,22,17.5,34.641844999999996
11,22,18.0,33.745845
11,22,18.5,31.062955
11,22,19.0,24.504095000000003
11,22,19.5,23.005955
11,22,20.0,22.309455
11,22,20.5,21.161455
11,22,21.0,22.305955
11,22,21.5,19.894000000000002
11,22,22.0,20.771205
11,22,22.5,17.668
11,22,23.0,19.10125
11,22,23.5,17.328500000000002
11,23,0.0,16.92775
11,23,0.5,18.27525
11,23,1.0,17.15
11,23,1.5,15.795499999999999
11,23,2.0,16.1385
11,23,2.5,14.932749999999999
11,23,3.0,15.536499999999998
11,23,3.5,14.46725
11,23,4.0,15.2005
11,23,4.5,14.0
11,23,5.0,15.540000000000001
11,23,5.5,15.5015
11,23,6.0,17.136
11,23,6.5,18.614749999999997
11,23,7.0,18.66025
11,23,7.5,20.4435
11,23,8.0,19.91325
11,23,8.5,20.1915
11,23,9.0,19.61225
11,23,9.5,19.58775
11,23,10.0,19.34975
11,23,10.5,18.96825
11,23,11.0,18.85625
11,23,11.5,19.07675
11,23,12.0,19.44425
11,23,12.5,19.937749999999998
11,23,13.0,20.125
11,23,13.5,19.32875
11,23,14.0,20.258
11,23,14.5,19.65775
11,23,15.0,18.865
11,23,15.5,20.88975
11,23,16.0,30.884455
11,23,16.5,33.4375475
11,23,17.0,33.663455
11,23,17.5,33.684455
11,23,18.0,33.064955
11,23,18.5,31.762955
11,23,19.0,22.55575
11,23,19.5,20.328
11,23,20.0,21.28875
11,23,20.5,19.59125
11,23,21.0,19.759249999999998
11,23,21.5,16.2715
11,23,22.0,15.657249999999998
11,23,22.5,11.3715
11,23,23.0,15.4315
11,23,23.5,13.1845
11,24,0.0,12.015500000000001
11,24,0.5,13.796999999999999
11,24,1.0,13.341999999999999
11,24,1.5,11.7145
11,24,2.0,11.798499999999999
11,24,2.5,10.997
11,24,3.0,12.271
11,24,3.5,10.655750000000001
11,24,4.0,12.817
11,24,4.5,12.4425
11,24,5.0,13.937
11,24,5.5,14.007
11,24,6.0,15.26525
11,24,6.5,16.675749999999997
11,24,7.0,16.612750000000002
11,24,7.5,18.163249999999998
11,24,8.0,17.88675
11,24,8.5,18.35925
11,24,9.0,17.89725
11,24,9.5,17.3565
11,24,10.0,17.75375
11,24,10.5,17.26025
11,24,11.0,16.86475
11,24,11.5,16.86475
11,24,12.0,17.309250000000002
11,24,12.5,17.5035
11,24,13.0,17.93575
11,24,13.5,17.501749999999998
11,24,14.0,18.44325
11,24,14.5,18.26825
11,24,15.0,17.85175
11,24,15.5,19.50725
11,24,16.0,30.534454999999998
11,24,16.5,33.614455
11,24,17.0,33.320455
11,24,17.5,33.407954999999994
11,24,18.0,32.259955
11,24,18.5,30.646455
11,24,19.0,21.15575
11,24,19.5,18.884249999999998
11,24,20.0,18.72675
11,24,20.5,16.947
11,24,21.0,17.87625
11,24,21.5,16.38175
11,24,22.0,16.49025
11,24,22.5,15.61175
11,24,23.0,18.03375
11,24,23.5,17.491249999999997
11,25,0.0,16.47975
11,25,0.5,17.99175
11,25,1.0,17.701249999999998
11,25,1.5,16.12275
11,25,2.0,16.28025
11,25,2.5,15.431500000000002
11,25,3.0,15.981
11,25,3.5,15.109499999999999
11,25,4.0,16.26275
11,25,4.5,15.970500000000001
11,25,5.0,16.555
11,25,5.5,17.19725
11,25,6.0,18.64975
11,25,6.5,19.49675
11,25,7.0,19.5055
11,25,7.5,21.885955
11,25,8.0,21.399455
11,25,8.5,22.286704999999998
11,25,9.0,22.582455
11,25,9.5,22.044749999999997
11,25,10.0,21.922250000000002
11,25,10.5,21.14875
11,25,11.0,20.82675
11,25,11.5,20.85475
11,25,12.0,20.89675
11,25,12.5,21.18725
11,25,13.0,21.579250000000002
11,25,13.5,21.23275
11,25,14.0,21.803250000000002
11,25,14.5,21.49525
11,25,15.0,21.238
11,25,15.5,22.036
11,25,16.0,31.477705
11,25,16.5,35.6110475
11,25,17.0,35.0037975
11,25,17.5,35.051205
11,25,18.0,34.184954999999995
11,25,18.5,32.606455000000004
11,25,19.0,24.152205
11,25,19.5,22.540000000000003
11,25,20.0,23.012955
11,25,20.5,21.17325
11,25,21.0,21.78925
11,25,21.5,19.818749999999998
11,25,22.0,19.98675
11,25,22.5,17.93575
11,25,23.0,20.851249999999997
11,25,23.5,19.53875
11,26,0.0,18.765249999999998
11,26,0.5,20.72875
11,26,1.0,20.08475
11,26,1.5,19.0225
11,26,2.0,19.162499999999998
11,26,2.5,18.3435
11,26,3.0,18.48
11,26,3.5,17.5945
11,26,4.0,18.66725
11,26,4.5,17.9725
11,26,5.0,19.656
11,26,5.5,19.66475
11,26,6.0,21.133
11,26,6.5,21.16625
11,26,7.0,21.69125
11,26,7.5,23.177000000000003
11,26,8.0,22.25825
11,26,8.5,22.503249999999998
11,26,9.0,22.244249999999997
11,26,9.5,22.265249999999998
11,26,10.0,22.39475
11,26,10.5,21.34475
11,26,11.0,22.26875
11,26,11.5,22.223249999999997
11,26,12.0,22.61175
11,26,12.5,22.30725
11,26,13.0,22.368499999999997
11,26,13.5,22.343999999999998
11,26,14.0,22.520749999999996
11,26,14.5,22.63275
11,26,15.0,21.903000000000002
11,26,15.5,24.49825
11,26,16.0,34.118455000000004
11,26,16.5,37.889705
11,26,17.0,36.867705
11,26,17.5,36.643705000000004
11,26,18.0,37.098705
11,26,18.5,35.070455
11,26,19.0,25.716250000000002
11,26,19.5,23.759749999999997
11,26,20.0,23.78775
11,26,20.5,22.02025
11,26,21.0,21.8505
11,26,21.5,21.21175
11,26,22.0,21.990499999999997
11,26,22.5,20.08475
11,26,23.0,20.28775
11,26,23.5,18.5745
11,27,0.0,18.26825
11,27,0.5,20.8985
11,27,1.0,20.0795
11,27,1.5,17.844749999999998
11,27,2.0,18.52025
11,27,2.5,17.99525
11,27,3.0,18.047749999999997
11,27,3.5,17.241
11,27,4.0,18.485249999999997
11,27,4.5,17.318
11,27,5.0,18.05475
11,27,5.5,19.22375
11,27,6.0,19.556250000000002
11,27,6.5,20.490750000000002
11,27,7.0,20.71125
11,27,7.5,24.547250000000002
11,27,8.0,23.276750000000003
11,27,8.5,24.22875
11,27,9.0,23.71775
11,27,9.5,24.654
11,27,10.0,24.54375
11,27,10.5,24.388
11,27,11.0,23.99775
11,27,11.5,24.311455
11,27,12.0,23.899749999999997
11,27,12.5,24.21475
11,27,13.0,23.565955
11,27,13.5,23.07375
11,27,14.0,22.659000000000002
11,27,14.5,22.37375
11,27,15.0,21.747249999999998
11,27,15.5,24.395455
11,27,16.0,32.298455
11,27,16.5,35.6827975
11,27,17.0,34.583797499999996
11,27,17.5,34.1497975
11,27,18.0,33.7017975
11,27,18.5,31.388454999999997
11,27,19.0,23.464455
11,27,19.5,21.83825
11,27,20.0,23.01425
11,27,20.5,20.8145
11,27,21.0,21.985249999999997
11,27,21.5,20.10575
11,27,22.0,20.986
11,27,22.5,18.501
11,27,23.0,20.76025
11,27,23.5,20.15475
11,28,0.0,19.642
11,28,0.5,21.341250000000002
11,28,1.0,20.8215
11,28,1.5,19.83975
11,28,2.0,20.046249999999997
11,28,2.5,19.62275
11,28,3.0,19.45475
11,28,3.5,18.886
11,28,4.0,19.66475
11,28,4.5,19.565
11,28,5.0,19.621
11,28,5.5,19.75575
11,28,6.0,22.20575
11,28,6.5,21.828204999999997
11,28,7.0,21.982204999999997
11,28,7.5,27.457797499999998
11,28,8.0,23.352455000000003
11,28,8.5,24.9150475
11,28,9.0,24.003455
11,28,9.5,23.733954999999998
11,28,10.0,23.667455
11,28,10.5,23.366455000000002
11,28,11.0,22.909705
11,28,11.5,23.1457975
11,28,12.0,23.065455
11,28,12.5,23.175547500000004
11,28,13.0,24.068047500000002
11,28,13.5,24.127547500000002
11,28,14.0,24.089047500000003
11,28,14.5,24.8030475
11,28,15.0,24.3340475
11,28,15.5,28.6320475
11,28,16.0,37.368047499999996
11,28,16.5,40.0280475
11,28,17.0,39.4820475
11,28,17.5,39.335047499999995
11,28,18.0,38.3322975
11,28,18.5,37.007547499999994
11,28,19.0,28.457047499999998
11,28,19.5,23.373454999999996
11,28,20.0,26.752547500000002
11,28,20.5,22.543955
11,28,21.0,28.3187975
11,28,21.5,21.754705
11,28,22.0,21.9977975
11,28,22.5,19.383
11,28,23.0,21.142205
11,28,23.5,20.816705
11,29,0.0,20.345955
11,29,0.5,21.3047975
11,29,1.0,20.930455
11,29,1.5,20.347705
11,29,2.0,20.536705
11,29,2.5,20.018705
11,29,3.0,20.664455
11,29,3.5,19.896205
11,29,4.0,20.680205
11,29,4.5,20.074704999999998
11,29,5.0,21.296205
11,29,5.5,20.687205
11,29,6.0,23.653297499999997
11,29,6.5,25.581797499999997
11,29,7.0,25.0497975
11,29,7.5,30.056547499999997
11,29,8.0,27.6590475
11,29,8.5,28.943547499999998
11,29,9.0,28.8665475
11,29,9.5,28.6075475
11,29,10.0,27.869047499999997
11,29,10.5,27.1095475
11,29,11.0,27.020297499999998
11,29,11.5,26.9835475
11,29,12.0,26.0612975
11,29,12.5,28.0755475
11,29,13.0,27.7990475
11,29,13.5,27.429797499999996
11,29,14.0,28.2190475
11,29,14.5,28.4010475
11,29,15.0,25.482047499999997
11,29,15.5,33.2975475
11,29,16.0,40.9940475
11,29,16.5,47.2187975
11,29,17.0,45.4407975
11,29,17.5,45.2150475
11,29,18.0,43.1447975
11,29,18.5,37.0460475
11,29,19.0,30.9210475
11,29,19.5,24.1135475
11,29,20.0,27.389547500000003
11,29,20.5,22.802954999999997
11,29,21.0,24.9955475
11,29,21.5,22.234205
11,29,22.0,22.115205
11,29,22.5,18.940704999999998
11,29,23.0,20.835955
11,29,23.5,19.742205
11,30,0.0,19.990705
11,30,0.5,20.925205000000002
11,30,1.0,20.347705
11,30,1.5,19.901455
11,30,2.0,19.952205
11,30,2.5,19.885704999999998
11,30,3.0,19.801705000000002
11,30,3.5,19.504205000000002
11,30,4.0,19.854204999999997
11,30,4.5,19.691455
11,30,5.0,20.312705
11,30,5.5,20.499955
11,30,6.0,22.2480475
11,30,6.5,26.297547499999997
11,30,7.0,24.768047499999998
11,30,7.5,30.2315475
11,30,8.0,28.5410475
11,30,8.5,30.1720475
11,30,9.0,29.7012975
11,30,9.5,29.9042975
11,30,10.0,30.334797500000004
11,30,10.5,30.212297500000002
11,30,11.0,28.8735475
11,30,11.5,29.041547499999997
11,30,12.0,28.642547499999996
11,30,12.5,28.5760475
11,30,13.0,29.199047500000002
11,30,13.5,27.4420475
11,30,14.0,28.8385475
11,30,14.5,28.824547499999998
11,30,15.0,26.0945475
11,30,15.5,31.944797499999996
11,30,16.0,37.8020475
11,30,16.5,44.5972975
11,30,17.0,43.48954749999999
11,30,17.5,42.3345475
11,30,18.0,42.259297499999995
11,30,18.5,37.627047499999996
11,30,19.0,30.242047499999998
11,30,19.5,24.355047499999998
11,30,20.0,26.3622975
11,30,20.5,21.723047499999996
11,30,21.0,23.872047499999997
11,30,21.5,21.334705
11,30,22.0,21.6320475
11,30,22.5,19.962705
11,30,23.0,21.836955
11,30,23.5,20.797455
12,1,0.0,19.511205
12,1,0.5,21.530547499999997
12,1,1.0,20.529705
12,1,1.5,19.120955
12,1,2.0,19.164705
12,1,2.5,18.142705
12,1,3.0,18.461205
12,1,3.5,16.935205
12,1,4.0,18.868955
12,1,4.5,18.497955
12,1,5.0,20.295205
12,1,5.5,20.646955000000002
12,1,6.0,22.7677975
12,1,6.5,24.6560475
12,1,7.0,24.7995475
12,1,7.5,30.7565475
12,1,8.0,26.8680475
12,1,8.5,29.7625475
12,1,9.0,30.1720475
12,1,9.5,30.5465475
12,1,10.0,30.0652975
12,1,10.5,28.915547500000002
12,1,11.0,27.848047499999996
12,1,11.5,28.5480475
12,1,12.0,28.9190475
12,1,12.5,29.2655475
12,1,13.0,29.4300475
12,1,13.5,29.2900475
12,1,14.0,28.7790475
12,1,14.5,28.7370475
12,1,15.0,27.253047499999997
12,1,15.5,33.4567975
12,1,16.0,39.4207975
12,1,16.5,46.2317975
12,1,17.0,45.0277975
12,1,17.5,44.0250475
12,1,18.0,43.3075475
12,1,18.5,40.5670475
12,1,19.0,30.8545475
12,1,19.5,26.1120475
12,1,20.0,26.3132975
12,1,20.5,23.354047499999997
12,1,21.0,25.8547975
12,1,21.5,21.901547500000003
12,1,22.0,23.0897975
12,1,22.5,20.015204999999998
12,1,23.0,21.5200475
12,1,23.5,19.9730475
12,2,0.0,19.299455
12,2,0.5,21.0965475
12,2,1.0,20.6835475
12,2,1.5,18.994955
12,2,2.0,19.456954999999997
12,2,2.5,18.650205
12,2,3.0,18.8635475
12,2,3.5,18.114705
12,2,4.0,20.060547500000002
12,2,4.5,18.910797499999997
12,2,5.0,21.7195475
12,2,5.5,22.2130475
12,2,6.0,23.6952975
12,2,6.5,24.0575475
12,2,7.0,24.3655475
12,2,7.5,28.6495475
12,2,8.0,25.9160475
12,2,8.5,27.4350475
12,2,9.0,26.5390475
12,2,9.5,26.5477975
12,2,10.0,26.8225475
12,2,10.5,25.9755475
12,2,11.0,25.760297499999997
12,2,11.5,26.0297975
12,2,12.0,26.4445475
12,2,12.5,26.119047500000004
12,2,13.0,27.232047500000004
12,2,13.5,26.2660475
12,2,14.0,26.7507975
12,2,14.5,25.958047499999996
12,2,15.0,24.335797499999998
12,2,15.5,29.1850475
12,2,16.0,37.5920475
12,2,16.5,43.641797499999996
12,2,17.0,41.7465475
12,2,17.5,41.008047499999996
12,2,18.0,40.0070475
12,2,18.5,36.605047500000005
12,2,19.0,27.5575475
12,2,19.5,24.1240475
12,2,20.0,25.0375475
12,2,20.5,23.0582975
12,2,21.0,24.645547500000003
12,2,21.5,21.530704999999998
12,2,22.0,22.8622975
12,2,22.5,20.6450475
12,2,23.0,20.825455
12,2,23.5,21.437955
12,3,0.0,20.979454999999998
12,3,0.5,23.3050475
12,3,1.0,21.968204999999998
12,3,1.5,20.876205
12,3,2.0,21.423954999999996
12,3,2.5,20.981205
12,3,3.0,21.135205000000003
12,3,3.5,18.426205
12,3,4.0,19.416705
12,3,4.5,18.699205000000003
12,3,5.0,22.624455
12,3,5.5,21.334705
12,3,6.0,22.682205
12,3,6.5,22.389955
12,3,7.0,23.389205
12,3,7.5,25.7830475
12,3,8.0,23.691954999999997
12,3,8.5,24.946547499999998
12,3,9.0,24.4600475
12,3,9.5,26.3447975
12,3,10.0,24.806547500000004
12,3,10.5,24.943047500000002
12,3,11.0,24.1642975
12,3,11.5,24.7505475
12,3,12.0,24.1975475
12,3,12.5,24.439047499999997
12,3,13.0,25.6360475
12,3,13.5,24.5352975
12,3,14.0,24.668297499999998
12,3,14.5,25.1547975
12,3,15.0,25.2860475
12,3,15.5,29.1570475
12,3,16.0,38.4320475
12,3,16.5,43.2952975
12,3,17.0,41.9757975
12,3,17.5,41.4997975
12,3,18.0,41.9880475
12,3,18.5,37.9700475
12,3,19.0,28.373047500000002
12,3,19.5,25.0165475
12,3,20.0,25.8547975
12,3,20.5,22.333955
12,3,21.0,23.634047499999998
12,3,21.5,21.857955
12,3,22.0,23.6025475
12,3,22.5,20.860454999999998
12,3,23.0,22.5910475
12,3,23.5,22.2252975
12,4,0.0,20.9775475
12,4,0.5,23.002297499999997
12,4,1.0,23.0862975
12,4,1.5,19.719455
12,4,2.0,20.426455
12,4,2.5,19.812205000000002
12,4,3.0,19.876955
12,4,3.5,18.650205
12,4,4.0,20.401955
12,4,4.5,19.129705
12,4,5.0,20.834205
12,4,5.5,20.870955
12,4,6.0,22.687455
12,4,6.5,22.799455
12,4,7.0,23.938705
12,4,7.5,25.107705
12,4,8.0,24.915205
12,4,8.5,25.8355475
12,4,9.0,24.7977975
12,4,9.5,26.9380475
12,4,10.0,24.594955
12,4,10.5,24.505705000000003
12,4,11.0,24.479455
12,4,11.5,24.3375475
12,4,12.0,24.223955
12,4,12.5,24.8905475
12,4,13.0,25.1145475
12,4,13.5,24.171454999999998
12,4,14.0,23.8177975
12,4,14.5,23.403205
12,4,15.0,24.0155475
12,4,15.5,25.8652975
12,4,16.0,36.9655475
12,4,16.5,40.7910475
12,4,17.0,39.8040475
12,4,17.5,38.831047500000004
12,4,18.0,38.197547500000006
12,4,18.5,35.061547499999996
12,4,19.0,24.985047499999997
12,4,19.5,22.564954999999998
12,4,20.0,22.529955
12,4,20.5,21.707455
12,4,21.0,22.458204999999996
12,4,21.5,20.478955
12,4,22.0,21.758205
12,4,22.5,18.798955
12,4,23.0,20.636455
12,4,23.5,20.018705
12,5,0.0,19.318705
12,5,0.5,21.094955
12,5,1.0,20.086955
12,5,1.5,18.543454999999998
12,5,2.0,19.551455
12,5,2.5,17.972955
12,5,3.0,18.858455000000003
12,5,3.5,17.213455
12,5,4.0,18.919704999999997
12,5,4.5,18.331705
12,5,5.0,20.050205
12,5,5.5,19.782455
12,5,6.0,22.1517975
12,5,6.5,21.1577975
12,5,7.0,21.562205000000002
12,5,7.5,24.5615475
12,5,8.0,23.2980475
12,5,8.5,25.919547499999997
12,5,9.0,24.9360475
12,5,9.5,25.9685475
12,5,10.0,25.3175475
12,5,10.5,25.5152975
12,5,11.0,24.4320475
12,5,11.5,25.3367975
12,5,12.0,25.4960475
12,5,12.5,25.6850475
12,5,13.0,26.395547500000003
12,5,13.5,25.090047499999997
12,5,14.0,26.2065475
12,5,14.5,25.737547499999994
12,5,15.0,23.1125475
12,5,15.5,28.2295475
12,5,16.0,37.0915475
12,5,16.5,42.0527975
12,5,17.0,39.6657975
12,5,17.5,38.8257975
12,5,18.0,39.7987975
12,5,18.5,37.5290475
12,5,19.0,27.576797499999998
12,5,19.5,24.5422975
12,5,20.0,24.9745475
12,5,20.5,21.5480475
12,5,21.0,22.6330475
12,5,21.5,18.961547499999998
12,5,22.0,19.9485475
12,5,22.5,16.856455
12,5,23.0,18.102455000000003
12,5,23.5,17.024455
12,6,0.0,16.697205
12,6,0.5,18.025455
12,6,1.0,17.461955
12,6,1.5,15.937705000000001
12,6,2.0,17.181955
12,6,2.5,16.298205
12,6,3.0,16.744455
12,6,3.5,15.578955
12,6,4.0,16.926455
12,6,4.5,16.380455
12,6,5.0,18.023705
12,6,5.5,18.930047499999997
12,6,6.0,21.2452975
12,6,6.5,22.8605475
12,6,7.0,23.8247975
12,6,7.5,27.4665475
12,6,8.0,25.751547499999997
12,6,8.5,27.848047499999996
12,6,9.0,26.714047499999996
12,6,9.5,26.7700475
12,6,10.0,26.8680475
12,6,10.5,25.7830475
12,6,11.0,25.1512975
12,6,11.5,25.2125475
12,6,12.0,25.3455475
12,6,12.5,25.7935475
12,6,13.0,26.070047499999998
12,6,13.5,25.216047500000002
12,6,14.0,26.2800475
12,6,14.5,25.5940475
12,6,15.0,25.441797499999996
12,6,15.5,29.1640475
12,6,16.0,38.6630475
12,6,16.5,42.4325475
12,6,17.0,41.8287975
12,6,17.5,40.6912975
12,6,18.0,41.6467975
12,6,18.5,38.5965475
12,6,19.0,27.7430475
12,6,19.5,23.658547499999997
12,6,20.0,24.369047499999997
12,6,20.5,21.437955
12,6,21.0,22.1115475
12,6,21.5,20.639955
12,6,22.0,20.923455
12,6,22.5,16.837205
12,6,23.0,19.866297499999998
12,6,23.5,19.2257975
12,7,0.0,19.096297500000002
12,7,0.5,20.6975475
12,7,1.0,20.134047499999998
12,7,1.5,18.6115475
12,7,2.0,19.239797499999998
12,7,2.5,18.452455
12,7,3.0,19.080547499999998
12,7,3.5,17.549455
12,7,4.0,18.555705
12,7,4.5,17.7120475
12,7,5.0,18.991455
12,7,5.5,19.155955000000002
12,7,6.0,19.2957975
12,7,6.5,19.9712975
12,7,7.0,19.9625475
12,7,7.5,23.6760475
12,7,8.0,24.5230475
12,7,8.5,26.0717975
12,7,9.0,26.980047499999998
12,7,9.5,27.2565475
12,7,10.0,27.4595475
12,7,10.5,27.239047499999998
12,7,11.0,26.2625475
12,7,11.5,25.9475475
12,7,12.0,25.440047500000002
12,7,12.5,25.702547499999998
12,7,13.0,25.324547499999998
12,7,13.5,23.712797499999997
12,7,14.0,25.3595475
12,7,14.5,25.0112975
12,7,15.0,23.830047499999996
12,7,15.5,27.6415475
12,7,16.0,37.8755475
12,7,16.5,40.5950475
12,7,17.0,40.3815475
12,7,17.5,40.4095475
12,7,18.0,39.5012975
12,7,18.5,35.954047499999994
12,7,19.0,26.218797499999997
12,7,19.5,23.193047500000002
12,7,20.0,22.536797500000002
12,7,20.5,19.4725475
12,7,21.0,20.6660475
12,7,21.5,18.412205
12,7,22.0,19.661705
12,7,22.5,15.199205
12,7,23.0,18.2895475
12,7,23.5,17.4110475
12,8,0.0,16.2787975
12,8,0.5,18.8775475
12,8,1.0,17.6210475
12,8,1.5,17.2027975
12,8,2.0,17.1537975
12,8,2.5,16.033797500000002
12,8,3.0,16.530797500000002
12,8,3.5,15.4772975
12,8,4.0,17.0470475
12,8,4.5,16.3610475
12,8,5.0,17.5930475
12,8,5.5,17.2167975
12,8,6.0,18.8862975
12,8,6.5,19.4987975
12,8,7.0,20.4892975
12,8,7.5,26.752547500000002
12,8,8.0,25.065547499999997
12,8,8.5,27.807797500000003
12,8,9.0,27.190047500000002
12,8,9.5,27.6852975
12,8,10.0,27.249547500000002
12,8,10.5,26.337797499999997
12,8,11.0,26.4725475
12,8,11.5,26.021047499999998
12,8,12.0,25.562547499999997
12,8,12.5,26.2345475
12,8,13.0,26.871547500000002
12,8,13.5,26.4445475
12,8,14.0,27.2355475
12,8,14.5,27.3195475
12,8,15.0,25.1722975
12,8,15.5,30.8037975
12,8,16.0,38.7067975
12,8,16.5,41.2390475
12,8,17.0,41.4525475
12,8,17.5,41.225047499999995
12,8,18.0,40.803297500000006
12,8,18.5,38.6490475
12,8,19.0,30.5955475
12,8,19.5,25.8075475
12,8,20.0,26.259047499999998
12,8,20.5,23.2770475
12,8,21.0,25.382297499999996
12,8,21.5,21.1560475
12,8,22.0,22.0257975
12,8,22.5,18.265204999999998
12,8,23.0,20.5400475
12,8,23.5,18.6115475
12,9,0.0,18.0830475
12,9,0.5,19.5495475
12,9,1.0,18.5782975
12,9,1.5,17.4425475
12,9,2.0,17.9605475
12,9,2.5,16.663955
12,9,3.0,17.8030475
12,9,3.5,16.009455
12,9,4.0,18.0147975
12,9,4.5,17.0050475
12,9,5.0,18.9090475
12,9,5.5,20.5540475
12,9,6.0,22.7625475
12,9,6.5,23.858047499999998
12,9,7.0,24.764547500000003
12,9,7.5,30.996297499999997
12,9,8.0,29.9532975
12,9,8.5,31.528297500000004
12,9,9.0,31.257047500000002
12,9,9.5,30.3225475
12,9,10.0,30.0267975
12,9,10.5,29.426547499999998
12,9,11.0,28.961047499999996
12,9,11.5,28.124547500000002
12,9,12.0,28.1612975
12,9,12.5,28.2960475
12,9,13.0,28.4675475
12,9,13.5,27.193547499999998
12,9,14.0,27.814797499999997
12,9,14.5,28.1210475
12,9,15.0,26.078797499999997
12,9,15.5,31.129297500000003
12,9,16.0,38.8940475
12,9,16.5,41.9005475
12,9,17.0,42.054547500000005
12,9,17.5,42.338047499999995
12,9,18.0,41.9040475
12,9,18.5,40.4515475
12,9,19.0,31.664797500000002
12,9,19.5,25.860047499999997
12,9,20.0,26.6247975
12,9,20.5,23.5045475
12,9,21.0,27.762297500000003
12,9,21.5,22.041547500000004
12,9,22.0,23.898297499999998
12,9,22.5,19.7857975
12,9,23.0,21.128047499999997
12,9,23.5,19.8697975
12,10,0.0,19.7385475
12,10,0.5,21.0125475
12,10,1.0,20.2075475
12,10,1.5,18.6342975
12,10,2.0,18.2739725
12,10,2.5,17.1574725
12,10,3.0,18.280797500000002
12,10,3.5,16.5414725
12,10,4.0,18.1952225
12,10,4.5,18.0954725
12,10,5.0,18.8917225
12,10,5.5,18.9650475
12,10,6.0,21.213797500000002
12,10,6.5,20.7255475
12,10,7.0,20.907547500000003
12,10,7.5,25.2685475
12,10,8.0,23.434547499999997
12,10,8.5,26.255547500000002
12,10,9.0,24.852047499999998
12,10,9.5,26.3325475
12,10,10.0,25.105797499999998
12,10,10.5,24.633297499999998
12,10,11.0,25.0795475
12,10,11.5,25.0305475
12,10,12.0,24.5580475
12,10,12.5,24.5160475
12,10,13.0,24.3322975
12,10,13.5,23.5605475
12,10,14.0,24.1800475
12,10,14.5,24.211547499999998
12,10,15.0,23.9000475
12,10,15.5,27.8235475
12,10,16.0,36.3600475
12,10,16.5,42.7440475
12,10,17.0,41.6222975
12,10,17.5,41.0552975
12,10,18.0,40.6667975
12,10,18.5,37.2665475
12,10,19.0,26.752547500000002
12,10,19.5,23.0985475
12,10,20.0,24.845047499999996
12,10,20.5,21.9575475
12,10,21.0,24.505547500000002
12,10,21.5,21.1175475
12,10,22.0,21.5147975
12,10,22.5,19.0087975
12,10,23.0,20.4805475
12,10,23.5,19.2135475
12,11,0.0,18.6780475
12,11,0.5,20.855047499999998
12,11,1.0,20.431547499999997
12,11,1.5,19.4515475
12,11,2.0,19.7385475
12,11,2.5,18.9195475
12,11,3.0,19.9240475
12,11,3.5,18.693972499999997
12,11,4.0,19.4200475
12,11,4.5,19.2240475
12,11,5.0,20.072797499999997
12,11,5.5,20.3370475
12,11,6.0,22.8080475
12,11,6.5,23.3435475
12,11,7.0,22.8010475
12,11,7.5,27.032547500000003
12,11,8.0,24.8224725
12,11,8.5,27.1095475
12,11,9.0,25.9317975
12,11,9.5,28.989047499999998
12,11,10.0,27.0850475
12,11,10.5,28.0230475
12,11,11.0,27.9792975
12,11,11.5,29.0870475
12,11,12.0,29.318047500000002
12,11,12.5,29.958547499999998
12,11,13.0,31.6035475
12,11,13.5,29.4300475
12,11,14.0,29.3040475
12,11,14.5,29.678547499999997
12,11,15.0,30.137047499999998
12,11,15.5,36.6995475
12,11,16.0,45.99204749999999
12,11,16.5,50.6820475
12,11,17.0,49.4395475
12,11,17.5,48.6380475
12,11,18.0,47.8207975
12,11,18.5,43.2795475
12,11,19.0,31.607047500000004
12,11,19.5,27.1077975
12,11,20.0,28.4080475
12,11,20.5,22.7730475
12,11,21.0,28.005547500000002
12,11,21.5,22.4545475
12,11,22.0,25.524047499999998
12,11,22.5,20.9075475
12,11,23.0,23.301547499999998
12,11,23.5,21.268047499999998
12,12,0.0,20.4614725
12,12,0.5,22.013547499999998
12,12,1.0,21.821047499999995
12,12,1.5,20.4490475
12,12,2.0,20.2444725
12,12,2.5,19.8087225
12,12,3.0,20.849797499999998
12,12,3.5,19.6022225
12,12,4.0,20.639797499999997
12,12,4.5,20.0885475
12,12,5.0,21.922547499999997
12,12,5.5,22.6312975
12,12,6.0,25.5905475
12,12,6.5,30.6672975
12,12,7.0,30.707547500000004
12,12,7.5,35.6985475
12,12,8.0,35.1770475
12,12,8.5,37.1632975
12,12,9.0,33.6370475
12,12,9.5,36.0922975
12,12,10.0,36.4370475
12,12,10.5,35.8070475
12,12,11.0,35.7597975
12,12,11.5,35.3397975
12,12,12.0,36.6102975
12,12,12.5,38.2867975
12,12,13.0,38.5492975
12,12,13.5,37.586797499999996
12,12,14.0,38.2692975
12,12,14.5,38.3777975
12,12,15.0,35.4412975
12,12,15.5,41.993297500000004
12,12,16.0,48.9565475
12,12,16.5,51.088047499999995
12,12,17.0,50.60854750000001
12,12,17.5,49.9260475
12,12,18.0,50.1815475
12,12,18.5,46.972047499999995
12,12,19.0,37.1982975
12,12,19.5,29.0380475
12,12,20.0,31.549297499999998
12,12,20.5,24.8292975
12,12,21.0,28.366047499999997
12,12,21.5,21.546472499999997
12,12,22.0,25.620297500000003
12,12,22.5,19.3869725
12,12,23.0,23.9875475
12,12,23.5,21.1000475
12,13,0.0,20.6135475
12,13,0.5,22.6120475
12,13,1.0,21.880547500000002
12,13,1.5,20.855047499999998
12,13,2.0,20.3494725
12,13,2.5,20.0729725
12,13,3.0,19.9730475
12,13,3.5,19.5759725
12,13,4.0,20.408797500000002
12,13,4.5,19.616047499999997
12,13,5.0,21.7597975
12,13,5.5,23.5412975
12,13,6.0,24.6787975
12,13,6.5,30.1982975
12,13,7.0,28.430797499999997
12,13,7.5,33.1015475
12,13,8.0,30.592047499999996
12,13,8.5,33.092797499999996
12,13,9.0,30.578047499999997
12,13,9.5,31.8975475
12,13,10.0,30.474797499999998
12,13,10.5,30.6655475
12,13,11.0,29.8202975
12,13,11.5,29.818547499999998
12,13,12.0,29.500047499999997
12,13,12.5,30.077547499999998
12,13,13.0,30.5360475
12,13,13.5,30.5202975
12,13,14.0,31.696297500000004
12,13,14.5,31.2762975
12,13,15.0,30.4415475
12,13,15.5,35.1385475
12,13,16.0,42.392297500000005
12,13,16.5,45.7697975
12,13,17.0,44.2542975
12,13,17.5,43.7257975
12,13,18.0,42.2662975
12,13,18.5,39.7690475
12,13,19.0,31.640297500000003
12,13,19.5,27.039547499999998
12,13,20.0,29.4300475
12,13,20.5,23.4170475
12,13,21.0,25.9230475
12,13,21.5,21.208547499999998
12,13,22.0,23.5255475
12,13,22.5,20.6450475
12,13,23.0,22.4230475
12,13,23.5,20.8620475
12,14,0.0,19.9032225
12,14,0.5,21.943547500000005
12,14,1.0,20.085047499999998
12,14,1.5,18.823472499999998
12,14,2.0,19.4849725
12,14,2.5,18.7114725
12,14,3.0,19.1295475
12,14,3.5,18.3334725
12,14,4.0,19.0560475
12,14,4.5,18.7464725
12,14,5.0,19.5530475
12,14,5.5,20.330047500000003
12,14,6.0,21.3747975
12,14,6.5,23.2280475
12,14,7.0,24.309547499999997
12,14,7.5,29.8202975
12,14,8.0,27.4350475
12,14,8.5,30.4502975
12,14,9.0,30.135297500000004
12,14,9.5,30.035547499999996
12,14,10.0,29.9672975
12,14,10.5,29.083547499999998
12,14,11.0,27.2215475
12,14,11.5,26.6300475
12,14,12.0,26.119047499999997
12,14,12.5,26.4515475
12,14,13.0,27.6572975
12,14,13.5,26.6790475
12,14,14.0,27.7797975
12,14,14.5,27.330047499999996
12,14,15.0,26.3255475
12,14,15.5,29.592797500000003
12,14,16.0,38.2797975
12,14,16.5,40.689547499999996
12,14,17.0,40.4917975
12,14,17.5,40.404297500000006
12,14,18.0,39.8950475
12,14,18.5,37.9192975
12,14,19.0,29.1570475
12,14,19.5,25.1985475
12,14,20.0,26.1470475
12,14,20.5,23.1825475
12,14,21.0,25.1285475
12,14,21.5,21.9697975
12,14,22.0,22.5525475
12,14,22.5,20.1480475
12,14,23.0,22.1517975
12,14,23.5,19.6214725
12,15,0.0,19.0964725
12,15,0.5,19.9189725
12,15,1.0,19.330972499999998
12,15,1.5,17.9764725
12,15,2.0,18.9354725
12,15,2.5,17.7857225
12,15,3.0,17.8119725
12,15,3.5,17.2064725
12,15,4.0,17.6124725
12,15,4.5,17.0874725
12,15,5.0,17.764547500000003
12,15,5.5,18.0095475
12,15,6.0,19.567047499999997
12,15,6.5,21.0230475
12,15,7.0,22.9095475
12,15,7.5,28.5602975
12,15,8.0,24.8380475
12,15,8.5,26.969547499999994
12,15,9.0,25.5765475
12,15,9.5,25.534547500000002
12,15,10.0,24.9150475
12,15,10.5,24.229047499999997
12,15,11.0,23.812547499999997
12,15,11.5,23.8282975
12,15,12.0,23.3890475
12,15,12.5,24.0995475
12,15,13.0,23.977047499999998
12,15,13.5,23.7355475
12,15,14.0,24.2535475
12,15,14.5,24.7820475
12,15,15.0,23.9455475
12,15,15.5,27.8025475
12,15,16.0,35.7720475
12,15,16.5,39.5887975
12,15,17.0,39.3805475
12,15,17.5,39.0917975
12,15,18.0,38.355047500000005
12,15,18.5,36.3547975
12,15,19.0,26.8487975
12,15,19.5,23.460797499999998
12,15,20.0,24.7190475
12,15,20.5,20.0430475
12,15,21.0,23.193047500000002
12,15,21.5,18.3107225
12,15,22.0,20.9460475
12,15,22.5,16.9789725
12,15,23.0,20.9775475
12,15,23.5,17.5492975
12,16,0.0,16.6900475
12,16,0.5,19.682547500000002
12,16,1.0,18.065547499999997
12,16,1.5,16.4170475
12,16,2.0,16.7320475
12,16,2.5,16.0302975
12,16,3.0,16.7285475
12,16,3.5,15.776722499999998
12,16,4.0,16.6270475
12,16,4.5,15.876472499999998
12,16,5.0,15.953297499999998
12,16,5.5,17.6997975
12,16,6.0,21.184047500000002
12,16,6.5,27.6660475
12,16,7.0,24.1747975
12,16,7.5,29.3512975
12,16,8.0,27.786797499999995
12,16,8.5,29.599797499999998
12,16,9.0,28.6932975
12,16,9.5,28.8507975
12,16,10.0,27.529547500000003
12,16,10.5,27.401797499999997
12,16,11.0,25.821547499999998
12,16,11.5,25.3070475
12,16,12.0,24.8100475
12,16,12.5,24.8485475
12,16,13.0,24.7715475
12,16,13.5,24.017297499999998
12,16,14.0,25.6885475
12,16,14.5,24.348047499999996
12,16,15.0,23.434547499999997
12,16,15.5,27.7972975
12,16,16.0,35.7965475
12,16,16.5,40.1732975
12,16,17.0,39.9702975
12,16,17.5,39.7217975
12,16,18.0,39.228297500000004
12,16,18.5,35.4010475
12,16,19.0,27.7640475
12,16,19.5,22.605047499999998
12,16,20.0,24.236047499999998
12,16,20.5,20.6520475
12,16,21.0,23.753047499999997
12,16,21.5,20.1952975
12,16,22.0,20.3160475
12,16,22.5,18.3579725
12,16,23.0,19.0194725
12,16,23.5,18.067472499999997
12,17,0.0,17.381472499999997
12,17,0.5,18.8057975
12,17,1.0,18.5957975
12,17,1.5,17.1504725
12,17,2.0,18.0114725
12,17,2.5,17.370972499999997
12,17,3.0,17.804972499999998
12,17,3.5,16.884472499999998
12,17,4.0,17.689472499999997
12,17,4.5,16.7129725
12,17,5.0,18.3404725
12,17,5.5,18.4402225
12,17,6.0,19.5899725
12,17,6.5,20.7430475
12,17,7.0,19.2889725
12,17,7.5,21.0807975
12,17,8.0,19.747472499999997
12,17,8.5,23.077547499999998
12,17,9.0,21.378297500000002
12,17,9.5,22.472047500000002
12,17,10.0,21.5935475
12,17,10.5,21.1595475
12,17,11.0,19.7264725
12,17,11.5,20.3195475
12,17,12.0,19.596972499999996
12,17,12.5,19.8995475
12,17,13.0,20.2689725
12,17,13.5,20.141047500000003
12,17,14.0,20.394972499999998
12,17,14.5,21.3765475
12,17,15.0,20.0904725
12,17,15.5,23.3995475
12,17,16.0,32.3665475
12,17,16.5,37.4170475
12,17,17.0,35.2610475
12,17,17.5,34.246047499999996
12,17,18.0,35.019547499999994
12,17,18.5,32.0742975
12,17,19.0,21.9470475
12,17,19.5,20.6679725
12,17,20.0,20.7939725
12,17,20.5,20.174472499999997
12,17,21.0,22.1360475
12,17,21.5,19.2329725
12,17,22.0,19.768472499999998
12,17,22.5,18.3579725
12,17,23.0,18.289547499999998
12,17,23.5,17.4320475
12,18,0.0,16.6499725
12,18,0.5,18.681547499999997
12,18,1.0,17.381472499999997
12,18,1.5,16.0374725
12,18,2.0,16.5029725
12,18,2.5,15.6069725
12,18,3.0,16.616722499999998
12,18,3.5,15.694472499999998
12,18,4.0,16.263222499999998
12,18,4.5,15.951722499999997
12,18,5.0,16.7829725
12,18,5.5,17.3464725
12,18,6.0,18.6904725
12,18,6.5,20.351222500000002
12,18,7.0,19.558472499999997
12,18,7.5,22.060972500000002
12,18,8.0,19.66475
12,18,8.5,22.6697975
12,18,9.0,20.36825
12,18,9.5,21.3992975
12,18,10.0,20.4999725
12,18,10.5,20.4000475
12,18,11.0,19.8209725
12,18,11.5,20.5995475
12,18,12.0,19.8699725
12,18,12.5,20.5452975
12,18,13.0,20.690547499999997
12,18,13.5,20.1044725
12,18,14.0,20.4684725
12,18,14.5,20.2444725
12,18,15.0,19.747472499999997
12,18,15.5,22.277797500000002
12,18,16.0,30.690047500000002
12,18,16.5,34.4350475
12,18,17.0,33.7700475
12,18,17.5,32.5765475
12,18,18.0,32.7200475
12,18,18.5,29.6909725
12,18,19.0,24.0347975
12,18,19.5,21.2874725
12,18,20.0,20.800972499999997
12,18,20.5,20.2899725
12,18,21.0,20.7659725
12,18,21.5,19.26575
12,18,22.0,19.502
12,18,22.5,16.4885
12,18,23.0,17.332472499999998
12,18,23.5,12.75925
12,19,0.0,12.36025
12,19,0.5,15.188249999999998
12,19,1.0,13.83725
12,19,1.5,11.38375
12,19,2.0,11.78275
12,19,2.5,10.28825
12,19,3.0,12.07325
12,19,3.5,9.66175
12,19,4.0,11.85975
12,19,4.5,10.988249999999999
12,19,5.0,12.85375
12,19,5.5,16.01075
12,19,6.0,17.9445
12,19,6.5,19.1627975
12,19,7.0,19.8629725
12,19,7.5,21.0424725
12,19,8.0,20.471972499999996
12,19,8.5,20.8375475
12,19,9.0,21.227972499999996
12,19,9.5,20.6714725
12,19,10.0,20.6259725
12,19,10.5,20.2969725
12,19,11.0,20.0449725
12,19,11.5,19.8892225
12,19,12.0,20.125472499999997
12,19,12.5,20.055472499999997
12,19,13.0,20.5262225
12,19,13.5,20.254972499999997
12,19,14.0,20.1622225
12,19,14.5,20.0712225
12,19,15.0,20.1394725
12,19,15.5,21.3485475
12,19,16.0,30.774047499999998
12,19,16.5,35.0755475
12,19,17.0,33.2817975
12,19,17.5,33.122547499999996
12,19,18.0,33.0910475
12,19,18.5,30.6357975
12,19,19.0,21.9680475
12,19,19.5,20.870972499999997
12,19,20.0,20.6259725
12,19,20.5,20.478972499999998
12,19,21.0,20.9024725
12,19,21.5,19.10475
12,19,22.0,19.813972500000002
12,19,22.5,15.97575
12,19,23.0,17.668
12,19,23.5,13.39625
12,20,0.0,12.572000000000001
12,20,0.5,16.070249999999998
12,20,1.0,14.98525
12,20,1.5,11.97175
12,20,2.0,12.0505
12,20,2.5,11.15625
12,20,3.0,12.243
12,20,3.5,11.289250000000001
12,20,4.0,12.52125
12,20,4.5,12.299
12,20,5.0,14.30975
12,20,5.5,16.653000000000002
12,20,6.0,19.1279725
12,20,6.5,19.9924725
12,20,7.0,19.484972499999998
12,20,7.5,21.1649725
12,20,8.0,20.4089725
12,20,8.5,21.2209725
12,20,9.0,20.930472499999997
12,20,9.5,20.989972499999997
12,20,10.0,20.688972500000002
12,20,10.5,20.531472499999996
12,20,11.0,20.473722499999997
12,20,11.5,20.2829725
12,20,12.0,20.512222499999996
12,20,12.5,20.4089725
12,20,13.0,20.3984725
12,20,13.5,20.0449725
12,20,14.0,20.2584725
12,20,14.5,20.072972499999995
12,20,15.0,19.838472499999998
12,20,15.5,21.0424725
12,20,16.0,30.833547499999998
12,20,16.5,34.7692975
12,20,17.0,34.1340475
12,20,17.5,33.490047499999996
12,20,18.0,33.3990475
12,20,18.5,30.910547499999996
12,20,19.0,22.3477975
12,20,19.5,20.2024725
12,20,20.0,20.690547499999997
12,20,20.5,19.379972499999997
12,20,21.0,20.4789725
12,20,21.5,18.056972499999997
12,20,22.0,18.3737225
12,20,22.5,15.9569725
12,20,23.0,17.0857225
12,20,23.5,13.42425
12,21,0.0,13.51525
12,21,0.5,15.94075
12,21,1.0,16.056250000000002
12,21,1.5,12.33225
12,21,2.0,13.62375
12,21,2.5,11.887749999999999
12,21,3.0,14.735472499999998
12,21,3.5,11.842249999999998
12,21,4.0,13.67975
12,21,4.5,12.755749999999999
12,21,5.0,14.680749999999998
12,21,5.5,14.47775
12,21,6.0,15.487972499999998
12,21,6.5,17.1504725
12,21,7.0,15.6489725
12,21,7.5,18.0517225
12,21,8.0,16.9684725
12,21,8.5,18.7219725
12,21,9.0,18.1147225
12,21,9.5,18.5697225
12,21,10.0,18.8969725
12,21,10.5,18.4314725
12,21,11.0,18.6379725
12,21,11.5,18.1724725
12,21,12.0,18.5994725
12,21,12.5,18.5994725
12,21,13.0,18.3579725
12,21,13.5,18.1024725
12,21,14.0,18.1409725
12,21,14.5,18.0814725
12,21,15.0,17.7017225
12,21,15.5,18.7954725
12,21,16.0,28.4815475
12,21,16.5,32.1950475
12,21,17.0,31.6350475
12,21,17.5,31.7487975
12,21,18.0,30.3697975
12,21,18.5,28.5760475
12,21,19.0,19.7754725
12,21,19.5,18.7324725
12,21,20.0,17.8504725
12,21,20.5,16.2299725
12,21,21.0,17.3062225
12,21,21.5,15.141472499999999
12,21,22.0,16.0619725
12,21,22.5,14.40775
12,21,23.0,15.59775
12,21,23.5,14.260750000000002
12,22,0.0,14.15225
12,22,0.5,15.0732225
12,22,1.0,14.852722499999999
12,22,1.5,13.749749999999999
12,22,2.0,14.015749999999999
12,22,2.5,13.45225
12,22,3.0,13.8915
12,22,3.5,12.9955
12,22,4.0,13.8215
12,22,4.5,13.4435
12,22,5.0,14.374972499999998
12,22,5.5,14.511472499999998
12,22,6.0,14.742472499999998
12,22,6.5,15.561472499999999
12,22,7.0,14.9629725
12,22,7.5,16.452222499999998
12,22,8.0,17.202972499999998
12,22,8.5,18.3509725
12,22,9.0,18.091972499999997
12,22,9.5,18.6082225
12,22,10.0,17.8399725
12,22,10.5,17.699972499999998
12,22,11.0,17.5529725
12,22,11.5,17.519722499999997
12,22,12.0,17.5039725
12,22,12.5,17.759472499999998
12,22,13.0,17.8417225
12,22,13.5,17.7139725
12,22,14.0,17.808472499999997
12,22,14.5,18.2704725
12,22,15.0,18.1164725
12,22,15.5,19.3239725
12,22,16.0,29.7135475
12,22,16.5,35.000297499999995
12,22,17.0,34.734297500000004
12,22,17.5,34.5487975
12,22,18.0,33.8347975
12,22,18.5,31.3725475
12,22,19.0,20.9829725
12,22,19.5,19.7649725
12,22,20.0,19.838472499999998
12,22,20.5,18.28575
12,22,21.0,19.1104725
12,22,21.5,17.0769725
12,22,22.0,16.8669725
12,22,22.5,15.4004725
12,22,23.0,17.85525
12,22,23.5,16.037472499999996
12,23,0.0,15.415750000000001
12,23,0.5,16.9789725
12,23,1.0,16.1249725
12,23,1.5,14.98525
12,23,2.0,15.683972500000001
12,23,2.5,14.89775
12,23,3.0,14.512749999999999
12,23,3.5,13.53275
12,23,4.0,13.4365
12,23,4.5,13.34725
12,23,5.0,14.173249999999998
12,23,5.5,15.188249999999998
12,23,6.0,15.5824725
12,23,6.5,17.55075
12,23,7.0,17.9799725
12,23,7.5,19.400972499999998
12,23,8.0,19.199250000000003
12,23,8.5,20.0082225
12,23,9.0,20.065972499999997
12,23,9.5,20.2584725
12,23,10.0,19.8804725
12,23,10.5,19.5479725
12,23,11.0,19.8489725
12,23,11.5,19.53525
12,23,12.0,19.915472499999996
12,23,12.5,19.51775
12,23,13.0,19.52125
12,23,13.5,18.833972499999998
12,23,14.0,18.681250000000002
12,23,14.5,18.5605
12,23,15.0,18.26475
12,23,15.5,19.722972499999997
12,23,16.0,28.5692225
12,23,16.5,31.2762975
12,23,17.0,30.194972499999995
12,23,17.5,30.3839725
12,23,18.0,30.1862225
12,23,18.5,29.043472499999996
12,23,19.0,20.72
12,23,19.5,20.1517225
12,23,20.0,20.1569725
12,23,20.5,18.9669725
12,23,21.0,19.496750000000002
12,23,21.5,17.73975
12,23,22.0,17.949749999999998
12,23,22.5,15.636249999999999
12,23,23.0,15.81825
12,23,23.5,13.210749999999999
12,24,0.0,12.60525
12,24,0.5,14.432249999999998
12,24,1.0,13.8075
12,24,1.5,11.681249999999999
12,24,2.0,11.83875
12,24,2.5,10.77825
12,24,3.0,11.57625
12,24,3.5,10.052
12,24,4.0,10.57175
12,24,4.5,10.137749999999999
12,24,5.0,10.64175
12,24,5.5,11.33475
12,24,6.0,12.473999999999998
12,24,6.5,16.1035
12,24,7.0,14.01225
12,24,7.5,17.185
12,24,8.0,15.26175
12,24,8.5,18.8269725
12,24,9.0,17.778249999999996
12,24,9.5,18.506249999999998
12,24,10.0,18.257749999999998
12,24,10.5,17.91475
12,24,11.0,17.78875
12,24,11.5,17.620749999999997
12,24,12.0,17.612
12,24,12.5,18.09325
12,24,13.0,17.3355
12,24,13.5,17.12025
12,24,14.0,17.50525
12,24,14.5,17.368750000000002
12,24,15.0,17.62775
12,24,15.5,19.078972500000003
12,24,16.0,27.8849725
12,24,16.5,29.7539725
12,24,17.0,29.5159725
12,24,17.5,29.382972499999997
12,24,18.0,28.9139725
12,24,18.5,27.907722500000002
12,24,19.0,19.23075
12,24,19.5,17.179750000000002
12,24,20.0,18.584999999999997
12,24,20.5,15.064
12,24,21.0,18.85625
12,24,21.5,15.336999999999998
12,24,22.0,16.85075
12,24,22.5,13.11275
12,24,23.0,18.22975
12,24,23.5,14.945
12,25,0.0,13.839
12,25,0.5,16.1735
12,25,1.0,15.967
12,25,1.5,10.923499999999999
12,25,2.0,13.062
12,25,2.5,10.955
12,25,3.0,12.222
12,25,3.5,9.47275
12,25,4.0,11.221000000000002
12,25,4.5,10.704749999999999
12,25,5.0,9.52525
12,25,5.5,11.7915
12,25,6.0,11.2735
12,25,6.5,15.197000000000001
12,25,7.0,10.164
12,25,7.5,17.547250000000002
12,25,8.0,15.14625
12,25,8.5,19.90975
12,25,9.0,18.873749999999998
12,25,9.5,20.702499999999997
12,25,10.0,20.27025
12,25,10.5,20.9584725
12,25,11.0,19.985
12,25,11.5,21.348249999999997
12,25,12.0,21.34125
12,25,12.5,22.3374725
12,25,13.0,22.4144725
12,25,13.5,21.6689725
12,25,14.0,21.448472499999998
12,25,14.5,20.315749999999998
12,25,15.0,20.2339725
12,25,15.5,19.6665
12,25,16.0,28.9874725
12,25,16.5,28.346972499999996
12,25,17.0,28.588472499999998
12,25,17.5,27.9654725
12,25,18.0,28.2192225
12,25,18.5,28.0634725
12,25,19.0,18.50975
12,25,19.5,17.30925
12,25,20.0,18.557
12,25,20.5,15.98975
12,25,21.0,17.998749999999998
12,25,21.5,15.0955
12,25,22.0,16.1455
12,25,22.5,13.4925
12,25,23.0,16.4465
12,25,23.5,11.158000000000001
12,26,0.0,11.518499999999998
12,26,0.5,14.157499999999999
12,26,1.0,14.448
12,26,1.5,9.86825
12,26,2.0,10.8745
12,26,2.5,8.14275
12,26,3.0,9.66
12,26,3.5,7.273000000000001
12,26,4.0,9.03
12,26,4.5,7.79975
12,26,5.0,9.5935
12,26,5.5,9.460500000000001
12,26,6.0,8.83225
12,26,6.5,11.522
12,26,7.0,11.161499999999998
12,26,7.5,15.314250000000001
12,26,8.0,9.828000000000001
12,26,8.5,18.06175
12,26,9.0,14.4865
12,26,9.5,18.6375
12,26,10.0,17.421249999999997
12,26,10.5,18.11425
12,26,11.0,17.689
12,26,11.5,18.77925
12,26,12.0,18.45375
12,26,12.5,18.82825
12,26,13.0,19.44775
12,26,13.5,18.187749999999998
12,26,14.0,18.71275
12,26,14.5,18.54475
12,26,15.0,19.160749999999997
12,26,15.5,19.90625
12,26,16.0,30.655222499999997
12,26,16.5,32.1759725
12,26,17.0,32.1549725
12,26,17.5,31.7909725
12,26,18.0,31.7190475
12,26,18.5,30.6779725
12,26,19.0,22.606972499999998
12,26,19.5,19.66825
12,26,20.0,21.5394725
12,26,20.5,19.705
12,26,21.0,21.72975
12,26,21.5,18.69175
12,26,22.0,19.87125
12,26,22.5,16.80525
12,26,23.0,18.6095
12,26,23.5,13.884500000000001
12,27,0.0,15.309
12,27,0.5,19.08725
12,27,1.0,17.442249999999998
12,27,1.5,15.107749999999998
12,27,2.0,15.28275
12,27,2.5,13.504750000000001
12,27,3.0,14.4445
12,27,3.5,12.691
12,27,4.0,14.28
12,27,4.5,13.6255
12,27,5.0,13.237
12,27,5.5,14.266
12,27,6.0,16.5025
12,27,6.5,16.877
12,27,7.0,16.726499999999998
12,27,7.5,18.68825
12,27,8.0,17.21125
12,27,8.5,19.936472499999997
12,27,9.0,19.318722499999996
12,27,9.5,20.6084725
12,27,10.0,20.2269725
12,27,10.5,20.9234725
12,27,11.0,19.62275
12,27,11.5,20.007749999999998
12,27,12.0,20.60625
12,27,12.5,20.71125
12,27,13.0,20.69025
12,27,13.5,20.67625
12,27,14.0,21.37625
12,27,14.5,20.46275
12,27,15.0,21.127750000000002
12,27,15.5,21.843972499999996
12,27,16.0,30.971972500000003
12,27,16.5,32.4559725
12,27,17.0,32.7289725
12,27,17.5,32.5452225
12,27,18.0,31.734972499999998
12,27,18.5,31.0594725
12,27,19.0,22.4039725
12,27,19.5,21.05425
12,27,20.0,20.574749999999998
12,27,20.5,17.4265
12,27,21.0,18.941999999999997
12,27,21.5,15.098999999999998
12,27,22.0,17.12025
12,27,22.5,13.079500000000001
12,27,23.0,16.397499999999997
12,27,23.5,13.22475
12,28,0.0,11.9805
12,28,0.5,14.86275
12,28,1.0,13.667499999999999
12,28,1.5,11.38375
12,28,2.0,12.83625
12,28,2.5,10.85
12,28,3.0,11.896499999999998
12,28,3.5,11.179
12,28,4.0,10.9655
12,28,4.5,10.302249999999999
12,28,5.0,11.25775
12,28,5.5,13.0445
12,28,6.0,12.901000000000002
12,28,6.5,15.6205
12,28,7.0,15.357999999999999
12,28,7.5,17.402
12,28,8.0,15.667749999999998
12,28,8.5,20.2755
12,28,9.0,19.1279725
12,28,9.5,20.4352225
12,28,10.0,19.9049725
12,28,10.5,20.0887225
12,28,11.0,19.9399725
12,28,11.5,20.1114725
12,28,12.0,20.1639725
12,28,12.5,20.1692225
12,28,13.0,20.8534725
12,28,13.5,20.29825
12,28,14.0,19.96225
12,28,14.5,18.91925
12,28,15.0,17.311
12,28,15.5,19.33575
12,28,16.0,29.9744725
12,28,16.5,31.9624725
12,28,17.0,32.6449725
12,28,17.5,32.2704725
12,28,18.0,31.794472499999998
12,28,18.5,30.4924725
12,28,19.0,21.39725
12,28,19.5,19.5895
12,28,20.0,20.6994725
12,28,20.5,17.69775
12,28,21.0,17.80975
12,28,21.5,13.335
12,28,22.0,13.875749999999998
12,28,22.5,10.06075
12,28,23.0,13.427749999999998
12,28,23.5,11.58675
12,29,0.0,11.80025
12,29,0.5,13.629
12,29,1.0,12.864249999999998
12,29,1.5,11.623499999999998
12,29,2.0,11.74425
12,29,2.5,10.78525
12,29,3.0,10.554249999999998
12,29,3.5,9.5585
12,29,4.0,10.04325
12,29,4.5,9.4255
12,29,5.0,9.268
12,29,5.5,10.1045
12,29,6.0,10.1185
12,29,6.5,12.1135
12,29,7.0,10.832500000000001
12,29,7.5,12.21325
12,29,8.0,11.947249999999999
12,29,8.5,18.09675
12,29,9.0,17.35125
12,29,9.5,18.933249999999997
12,29,10.0,18.43625
12,29,10.5,18.89475
12,29,11.0,18.43275
12,29,11.5,18.557
12,29,12.0,18.46425
12,29,12.5,18.57975
12,29,13.0,19.108249999999998
12,29,13.5,18.368
12,29,14.0,19.131
12,29,14.5,19.05225
12,29,15.0,17.7485
12,29,15.5,20.107499999999998
12,29,16.0,30.7444725
12,29,16.5,33.1874725
12,29,17.0,33.026472500000004
12,29,17.5,33.2487225
12,29,18.0,32.2809725
12,29,18.5,30.905472500000002
12,29,19.0,22.93025
12,29,19.5,19.09425
12,29,20.0,20.90025
12,29,20.5,17.96725
12,29,21.0,20.653499999999998
12,29,21.5,15.21625
12,29,22.0,15.707999999999998
12,29,22.5,10.366999999999999
12,29,23.0,14.395499999999998
12,29,23.5,8.91275
12,30,0.0,8.974
12,30,0.5,11.0495
12,30,1.0,10.801
12,30,1.5,6.825
12,30,2.0,8.484
12,30,2.5,5.6209999999999996
12,30,3.0,7.518000000000001
12,30,3.5,5.550999999999999
12,30,4.0,7.1225
12,30,4.5,5.361999999999999
12,30,5.0,7.3815
12,30,5.5,8.3825
12,30,6.0,10.3075
12,30,6.5,13.611500000000001
12,30,7.0,12.41625
12,30,7.5,17.3845
12,30,8.0,13.348999999999998
12,30,8.5,20.59575
12,30,9.0,19.89925
12,30,9.5,21.924472499999997
12,30,10.0,21.83125
12,30,10.5,21.9594725
12,30,11.0,20.52575
12,30,11.5,20.363
12,30,12.0,20.46275
12,30,12.5,20.473249999999997
12,30,13.0,20.12325
12,30,13.5,19.232499999999998
12,30,14.0,19.14675
12,30,14.5,18.49575
12,30,15.0,17.9165
12,30,15.5,19.82225
12,30,16.0,30.3209725
12,30,16.5,33.2697225
12,30,17.0,33.5689725
12,30,17.5,32.8637225
12,30,18.0,32.8829725
12,30,18.5,31.509222499999996
12,30,19.0,23.681472499999998
12,30,19.5,20.7725
12,30,20.0,20.6745
12,30,20.5,17.556
12,30,21.0,19.432
12,30,21.5,15.69925
12,30,22.0,16.21375
12,30,22.5,12.2535
12,30,23.0,13.726999999999999
12,30,23.5,9.3835
12,31,0.0,9.296000000000001
12,31,0.5,11.96825
12,31,1.0,12.257
12,31,1.5,8.6205
12,31,2.0,9.4325
12,31,2.5,6.699000000000001
12,31,3.0,7.768249999999999
12,31,3.5,6.0865
12,31,4.0,6.3175
12,31,4.5,5.908
12,31,5.0,5.768
12,31,5.5,7.994
12,31,6.0,8.148
12,31,6.5,11.410000000000002
12,31,7.0,10.955
12,31,7.5,14.609
12,31,8.0,13.954500000000001
12,31,8.5,19.6805
12,31,9.0,20.2125
12,31,9.5,20.7795
12,31,10.0,20.3039725
12,31,10.5,20.5577225
12,31,11.0,20.8867225
12,31,11.5,20.8132225
12,31,12.0,20.966749999999998
12,31,12.5,21.00875
12,31,13.0,20.916
12,31,13.5,20.657
12,31,14.0,20.223
12,31,14.5,20.37
12,31,15.0,17.83425
12,31,15.5,20.39975
12,31,16.0,30.6832225
12,31,16.5,33.0194725
12,31,17.0,32.632547499999994
12,31,17.5,32.1145475
12,31,18.0,32.3667225
12,31,18.5,29.8484725
12,31,19.0,21.08575
12,31,19.5,16.6705
12,31,20.0,19.761
12,31,20.5,15.84975
12,31,21.0,18.922749999999997
12,31,21.5,16.457
12,31,22.0,16.086000000000002
12,31,22.5,11.588500000000002
12,31,23.0,9.9575
12,31,23.5,5.8975
